1708194421.360598,-1.8219874633789062,1.01514150390625,-10.266336718749999,0.10765084241308535,0.004663093421358896,-0.014655436467127957,-3.2345664428710936,2.1930887207031247,-7.8338278320312495,-0.10765084241308535,-0.00866003063966652,-0.005196018383799912,3.356670727539062,0.28730419921875,8.55448253173828,-0.024781010753507273,-0.021983154700691936,0.009992343045769061
1708194421.4336457,-1.7836802368164062,1.0965443603515623,-10.180145458984374,0.1087166923379674,0.003464012255866608,-0.01705359879811253,-3.2417490478515623,2.166752502441406,-7.893682873535155,-0.10525268008210079,-0.008526799399056265,-0.010658499248820334,3.3710359375,0.23223756103515625,8.695740429687499,-0.026513016881440577,-0.02118376725703041,0.009059724361497283
1708194421.5027354,-1.7836802368164062,1.0390835205078124,-10.204087475585936,0.11484532940603909,0.004529862180748642,-0.01345635530163567,-3.265691064453125,2.1691467041015624,-7.764395983886718,-0.11537825436848011,-0.010125574286379316,-0.006528330789902454,3.3303345092773435,0.258573779296875,8.664615808105468,-0.025180704475338038,-0.023182235866184224,0.009326186842717792
1708194421.567625,-1.8315642700195311,1.0606313354492187,-10.218452685546874,0.11537825436848011,0.0037304747370871167,-0.011324655451871604,-3.2345664428710936,2.1883003173828124,-7.766790185546874,-0.11870903538373646,-0.012257274136143382,-0.001732006127933304,3.3973721557617185,0.28969840087890625,8.652644799804687,-0.028111791768763626,-0.017186830038722786,0.008260336917835759
1708194421.631582,-1.8650830932617186,1.0175357055664063,-10.192116467285155,0.10685145496942385,0.004396630940138387,-0.014522205226517705,-3.31357509765625,2.128445275878906,-7.793126403808594,-0.10924961730040841,-0.007061255752343471,-0.006661562030512709,3.414131567382812,0.23223756103515625,8.621520178222656,-0.026379785640830326,-0.020917304775809907,0.011724349173702367
1708194421.6993616,-1.8507178833007811,1.1276689819335937,-10.0748005859375,0.11471209816542884,0.002531393571594829,-0.01185758041431262,-3.3399113159179685,2.166752502441406,-7.841010437011718,-0.10818376737552639,-0.012390505376753637,-0.00479632466196915,3.356670727539062,0.24899697265624998,8.659827404785156,-0.025180704475338038,-0.019052067407266345,0.006528330789902454
1708194421.772709,-1.8507178833007811,1.0295067138671874,-10.266336718749999,0.11258039831566477,0.003464012255866608,-0.015454823910789483,-3.181894006347656,2.1356278808593747,-7.826645227050781,-0.10525268008210079,-0.010791730489430587,-0.0075941807147844875,3.303998291015625,0.22744915771484372,8.667010009765624,-0.023581929588014985,-0.018252679963604822,0.010392036767599824
1708194421.8371425,-1.8195932617187498,1.0079588989257813,-10.180145458984374,0.112180704593834,0.004396630940138387,-0.013589586542245924,-3.2824504760742186,2.118868469238281,-7.908048083496094,-0.10911638605979816,-0.007860643196004996,-0.0073277182335639785,3.3973721557617185,0.2537853759765625,8.700528833007812,-0.024914241994117528,-0.02131699849764067,0.005062787143189658
1708194421.9044042,-1.8171990600585937,1.0726023437499999,-10.27830772705078,0.10964931102223918,0.00159877488732305,-0.015454823910789483,-3.306392492675781,2.152387292480469,-7.809885815429687,-0.10805053613491612,-0.0057289433462409285,-0.007727411955394742,3.421314172363281,0.22026655273437498,8.671798413085938,-0.022382848422522698,-0.020384379813368887,0.006661562030512709
1708194421.9701056,-1.7812860351562498,1.0319009155273438,-10.261548315429687,0.11031546722529045,0.0031975497746461,-0.013056661579804908,-3.31357509765625,2.166752502441406,-7.829039428710937,-0.10645176124759308,-0.004396630940138387,-0.006794793271122962,3.308786694335937,0.277727392578125,8.595183959960938,-0.024514548272286763,-0.0191852986478766,0.009326186842717792
1708194422.0376773,-1.8076222534179687,1.0869675537109373,-10.165780249023436,0.11697702925580315,0.010258805526989571,-0.013856049023466432,-3.2632968627929686,2.1739351074218747,-7.802703210449218,-0.11377947948115706,-0.009059724361497283,-0.006261868308681946,3.3399113159179685,0.2561795776367187,8.650250598144531,-0.024914241994117528,-0.01985145485092787,0.006928024511733216
1708194422.0897157,-1.7764976318359373,1.0295067138671874,-10.09395419921875,0.12084073523350053,0.0029310872934255917,-0.017852986241774057,-3.296815686035156,2.1452046874999997,-7.824251025390624,-0.10538591132271104,-0.0074609494741742334,-0.0063950995492922,3.3255461059570313,0.32561142578124996,8.657433203124999,-0.026779479362661087,-0.01572128639200999,0.006661562030512709
1708194422.1237724,-1.8315642700195311,1.0558429321289062,-10.213664282226562,0.10325421147294697,0.0021316998497640663,-0.013323124061025418,-3.31357509765625,2.1164742675781247,-7.8362220336914055,-0.11417917320298782,-0.010791730489430587,-0.0021316998497640663,3.404554760742187,0.2537853759765625,8.674192614746094,-0.028911179212425153,-0.01985145485092787,0.005329249624410167
1708194422.1579702,-1.7501614135742187,1.1540052001953125,-10.232817895507813,0.10884992357857766,0.002398162330984575,-0.015854517632620246,-3.287238879394531,2.142810485839844,-7.790732202148437,-0.10778407365369562,-0.005062787143189658,-0.009992343045769061,3.404554760742187,0.30885201416015623,8.640673791503906,-0.023049004625573973,-0.01945176112909711,0.006794793271122962
1708194422.1924071,-1.85790048828125,1.0702081420898437,-10.235212097167969,0.10978254226284943,0.009059724361497283,-0.01345635530163567,-3.296815686035156,2.147598889160156,-7.903259680175781,-0.11031546722529045,-0.0075941807147844875,-0.005595712105630674,3.4069489624023435,0.3136404174804687,8.619125976562499,-0.02398162330984575,-0.021849923460081685,0.0037304747370871167
1708194422.2266486,-1.7214309936523438,1.0726023437499999,-10.156203442382813,0.11870903538373646,0.00479632466196915,-0.011457886692481857,-3.294421484375,2.133233679199219,-7.8170684204101555,-0.10978254226284943,-0.006928024511733216,-0.004396630940138387,3.421314172363281,0.33758243408203126,8.74601866455078,-0.029310872934255914,-0.016520673835671518,0.005595712105630674
1708194422.2606983,-1.7860744384765623,1.0223241088867188,-10.139444030761718,0.11031546722529045,0.0011990811654922875,-0.012656967857974145,-3.299209887695312,2.1212626708984375,-7.824251025390624,-0.11044869846590069,-0.009992343045769061,-0.005062787143189658,3.3686417358398435,0.28490999755859375,8.700528833007812,-0.02851148549059439,-0.01945176112909711,0.007727411955394742
1708194422.2947564,-1.7788918334960937,1.0127473022460938,-10.168174450683592,0.11604441057153138,0.006794793271122962,-0.01438897398590745,-3.27526787109375,2.142810485839844,-7.845798840332031,-0.11058192970651096,-0.010658499248820334,-0.005995405827461438,3.385401147460937,0.3016694091796875,8.729259252929687,-0.022516079663132953,-0.020650842294589397,0.006661562030512709
1708194422.329911,-1.7932570434570312,1.0534487304687499,-10.180145458984374,0.10911638605979816,-0.00013323124061025415,-0.015987748873230498,-3.3207577026367185,2.1260510742187497,-7.881711865234375,-0.1119142421126135,-0.0035972434964768626,-0.0018652373685435584,3.380612744140625,0.3495534423828125,8.650250598144531,-0.027845329287543123,-0.014655436467127957,0.0075941807147844875
1708194422.3640773,-1.8339584716796873,0.9959878906249999,-10.268730920410155,0.11031546722529045,0.009725880564548555,-0.009725880564548555,-3.299209887695312,2.123656872558594,-7.8362220336914055,-0.11271362955627502,-0.009992343045769061,-0.006128637068071691,3.356670727539062,0.3016694091796875,8.63827958984375,-0.027845329287543123,-0.020650842294589397,0.0058621745868511835
1708194422.3986418,-1.8339584716796873,1.0702081420898437,-10.20169327392578,0.11031546722529045,0.0018652373685435584,-0.01372281778285618,-3.265691064453125,2.0829554443359375,-7.754819177246094,-0.10765084241308535,-0.009992343045769061,-0.004263399699528133,3.4093431640625,0.28730419921875,8.63109698486328,-0.02997702913730719,-0.01985145485092787,0.008260336917835759
1708194422.432974,-1.7573440185546874,1.0941501586914062,-10.292672937011718,0.11138131715017249,0.0031975497746461,-0.013189892820415163,-3.3494881225585935,2.1643583007812497,-7.769184387207031,-0.10858346109735714,-0.008526799399056265,-0.006928024511733216,3.375824340820312,0.32561142578124996,8.647856396484375,-0.03130934154340973,-0.020384379813368887,0.009192955602107537
1708194422.4695532,-1.8267758666992187,1.0869675537109373,-10.05564697265625,0.10924961730040841,0.007061255752343471,-0.01372281778285618,-3.3399113159179685,2.1308394775390624,-7.821856823730468,-0.10884992357857766,-0.006128637068071691,-0.008393568158446012,3.4332851806640625,0.2657563842773437,8.674192614746094,-0.024514548272286763,-0.02118376725703041,0.007194486992953725
1708194422.5069535,-1.7549498168945312,1.0773907470703123,-10.182539660644531,0.11084839218773146,0.009459418083328047,-0.01438897398590745,-3.306392492675781,2.1835119140624997,-7.819462622070312,-0.10751761117247512,-0.0057289433462409285,-0.006794793271122962,3.337517114257812,0.27293898925781246,8.626308581542968,-0.027978560528153375,-0.020517611053979142,0.006528330789902454
1708194422.5414681,-1.7812860351562498,1.0749965454101562,-10.20887587890625,0.11138131715017249,0.0019984686091538122,-0.013056661579804908,-3.287238879394531,2.114080065917969,-7.771578588867187,-0.11031546722529045,-0.006528330789902454,-0.006261868308681946,3.347093920898437,0.3280056274414062,8.681375219726561,-0.027045941843881597,-0.018385911204215073,0.01185758041431262
1708194422.5770469,-1.8411410766601561,1.0462661254882812,-10.251971508789062,0.11151454839078273,0.004663093421358896,-0.013989280264076687,-3.284844677734375,2.133233679199219,-7.824251025390624,-0.11071516094712121,-0.011724349173702367,-0.004663093421358896,3.342305517578125,0.25139117431640623,8.731653454589843,-0.02531393571594829,-0.016120980113840753,0.006261868308681946
1708194422.611973,-1.8435352783203125,1.0821791503906248,-10.244788903808594,0.1023215927886752,0.0013323124061025418,-0.01572128639200999,-3.2920272827148436,2.214636535644531,-7.841010437011718,-0.10991577350345969,-0.008926493120887028,-0.006261868308681946,3.3877953491210935,0.28012159423828126,8.743624462890624,-0.02398162330984575,-0.01345635530163567,0.007194486992953725
1708194422.6500328,-1.8459294799804686,1.0438719238281249,-10.199299072265624,0.10818376737552639,0.006928024511733216,-0.011724349173702367,-3.303998291015625,2.1691467041015624,-7.862558251953125,-0.11018223598468019,-0.013323124061025418,-0.004396630940138387,3.3399113159179685,0.28012159423828126,8.686163623046875,-0.02904441045303541,-0.017986217482384312,0.007194486992953725
1708194422.6907656,-1.8052280517578123,1.0319009155273438,-10.16338604736328,0.11844257290251595,0.007194486992953725,-0.009992343045769061,-3.308786694335937,2.114080065917969,-7.841010437011718,-0.11178101087200323,-0.005462480865020421,-0.006128637068071691,3.3782185424804685,0.3112462158203125,8.686163623046875,-0.026646248122050836,-0.015454823910789483,0.006128637068071691
1708194422.7281625,-1.7788918334960937,1.0917559570312498,-10.127473022460936,0.11311332327810578,0.000799387443661525,-0.01372281778285618,-3.337517114257812,2.099714855957031,-7.848193041992187,-0.11604441057153138,-0.014255742745297196,-0.005995405827461438,3.394977954101562,0.2657563842773437,8.664615808105468,-0.027845329287543123,-0.017453292519943295,0.006928024511733216
1708194422.7621439,-1.8028338500976562,1.0630255371093749,-10.213664282226562,0.10045635542013163,0.0026646248122050836,-0.011724349173702367,-3.3159692993164063,2.1691467041015624,-7.754819177246094,-0.10525268008210079,-0.007061255752343471,-0.008393568158446012,3.3782185424804685,0.28490999755859375,8.66940421142578,-0.026779479362661087,-0.016120980113840753,0.006261868308681946
1708194422.7969816,-1.7956512451171873,1.1228805786132812,-10.141838232421874,0.12017457903044926,0.0029310872934255917,-0.011591117933092112,-3.323151904296875,2.2002713256835937,-7.750030773925781,-0.10711791745064435,-0.0011990811654922875,-0.00866003063966652,3.392583752441406,0.3064578125,8.729259252929687,-0.026113323159609816,-0.01372281778285618,0.007993874436615249
1708194422.8317628,-1.6831237670898436,1.0510545288085937,-10.206481677246094,0.08420214406568063,-0.01345635530163567,-0.008393568158446012,-3.2225954345703123,2.085349645996094,-7.754819177246094,-0.09632618696121377,0.012390505376753637,-0.017453292519943295,3.392583752441406,0.201112939453125,8.659827404785156,-0.010258805526989571,-0.014921898948348467,0.004263399699528133
1708194422.8661828,-1.7357962036132812,1.0462661254882812,-10.067617980957031,0.15654670771704865,0.006261868308681946,-0.020251148572758632,-3.318363500976562,2.1068974609374997,-7.687781530761718,-0.10511944884149053,0.0009326186842717792,-0.014788667707738212,3.440467785644531,0.258573779296875,8.63827958984375,-0.02145022973825092,-0.022516079663132953,0.007727411955394742
1708194422.900561,-1.7932570434570312,1.0127473022460938,-10.249577307128906,0.09872434929219834,0.000799387443661525,-0.011724349173702367,-3.294421484375,2.1906945190429687,-7.874529260253905,-0.12137366019594154,0.0005329249624410166,0.0010658499248820332,3.265691064453125,0.36152445068359373,8.602366564941406,-0.027712098046932865,-0.01732006127933304,0.00866003063966652
1708194422.9348564,-1.697488977050781,0.9720458740234375,-10.165780249023436,0.14402297109968476,0.007860643196004996,-0.014921898948348467,-3.23696064453125,2.1739351074218747,-7.788338000488281,-0.11724349173702366,-0.014788667707738212,-0.006528330789902454,3.2609026611328122,0.277727392578125,8.779537487792968,-0.029577335415476424,-0.013856049023466432,0.006528330789902454
1708194422.9692562,-1.8435352783203125,1.0223241088867188,-10.283096130371094,0.08966462493070106,0.000799387443661525,-0.011457886692481857,-3.287238879394531,2.090138049316406,-7.862558251953125,-0.11724349173702366,-0.018119448722994567,-0.0058621745868511835,3.399766357421875,0.17477672119140625,8.686163623046875,-0.028644716731204646,-0.01572128639200999,0.007727411955394742
1708194423.0035923,-1.879448303222656,1.180341418457031,-10.24000050048828,0.13709494658795152,0.013589586542245924,-0.012923430339194655,-3.3016040893554686,2.138022082519531,-7.7979148071289055,-0.11311332327810578,-0.011457886692481857,-0.0021316998497640663,3.4332851806640625,0.3399766357421875,8.686163623046875,-0.018119448722994567,-0.027978560528153375,0.009059724361497283
1708194423.0382156,-1.7286135986328124,1.0510545288085937,-10.24000050048828,0.10645176124759308,-0.00013323124061025415,-0.010392036767599824,-3.4093431640625,2.2026655273437497,-7.788338000488281,-0.10471975511965978,-0.011191424211261349,-0.00866003063966652,3.421314172363281,0.3112462158203125,8.681375219726561,-0.018385911204215073,-0.025180704475338038,0.008926493120887028
1708194423.07315,-1.7645266235351562,1.197100830078125,-10.160991845703125,0.11937519158678774,0.005995405827461438,-0.015987748873230498,-3.375824340820312,2.085349645996094,-7.826645227050781,-0.10565237380393155,-0.000799387443661525,-0.00479632466196915,3.361459130859375,0.22266075439453123,8.743624462890624,-0.026646248122050836,-0.01971822361031762,0.0057289433462409285
1708194423.1074986,-1.8555062866210936,1.120486376953125,-10.194510668945313,0.10738437993186485,0.0014655436467127959,-0.0127901990985844,-3.2609026611328122,2.152387292480469,-7.721300354003906,-0.09925727425463936,-0.008127105677225504,-0.010658499248820334,3.3542765258789062,0.21068974609375,8.678981018066406,-0.028378254249984136,-0.01505513018895872,0.00985911180515881
1708194423.141847,-1.7525556152343749,1.0606313354492187,-10.280701928710936,0.13216539068537214,0.011990811654922875,-0.011457886692481857,-3.287238879394531,2.123656872558594,-7.802703210449218,-0.11417917320298782,-0.011591117933092112,-0.0013323124061025418,3.3446997192382812,0.3232172241210937,8.710105639648438,-0.024781010753507273,-0.020517611053979142,0.006794793271122962
1708194423.1760743,-1.8243816650390623,0.928950244140625,-10.304643945312499,0.08819908128398825,-0.000799387443661525,-0.009725880564548555,-3.1699229980468746,2.1499930908203124,-7.857769848632812,-0.11484532940603909,-0.013856049023466432,-0.005595712105630674,3.191470812988281,0.30406361083984373,8.717288244628906,-0.021983154700691936,-0.020384379813368887,0.009192955602107537
1708194423.2110884,-1.9225439331054686,0.9504980590820312,-10.165780249023436,0.1215068914365518,0.013856049023466432,-0.016387442595061263,-3.162740393066406,2.0829554443359375,-7.848193041992187,-0.1133797857593263,-0.007860643196004996,-0.003464012255866608,3.2513258544921873,0.2537853759765625,8.765172277832031,-0.021716692219471426,-0.02438131703167651,0.005995405827461438
1708194423.2466683,-1.8076222534179687,1.0007762939453124,-10.314220751953124,0.09912404301402909,0.008127105677225504,-0.013589586542245924,-3.294421484375,2.166752502441406,-7.819462622070312,-0.10605206752576231,-0.013856049023466432,-0.011591117933092112,3.447650390625,0.28490999755859375,8.597578161621094,-0.01692036755750228,-0.02371516082862524,0.005595712105630674
1708194423.282395,-1.8195932617187498,1.0582371337890624,-10.740388647460938,0.11910872910556722,0.044232771882604376,0.0074609494741742334,-3.4356793823242184,1.8626888916015625,-7.773972790527344,-0.25420520708436495,0.03970290970185574,0.036771822408430146,3.3207577026367185,0.21787235107421873,9.93354268798828,0.09046401237436258,-0.18519142444825326,0.01985145485092787
1708194423.3167286,-1.879448303222656,1.1947066284179686,-10.326191760253906,-0.07021286380160395,-0.014122511504686942,0.0035972434964768626,-3.478775012207031,2.1883003173828124,-7.896077075195312,-0.17333384403394067,0.019318529888486854,0.018252679963604822,3.4452561889648434,0.0718260498046875,9.234435803222656,0.05529096485325548,-0.10591883628515206,0.007727411955394742
1708194423.3512523,-1.7525556152343749,1.2234370483398436,-10.180145458984374,0.16960336929685357,0.04596477801053769,-0.018119448722994567,-3.399766357421875,2.042254016113281,-7.874529260253905,-0.12537059741424916,-0.00479632466196915,0.002398162330984575,3.42849677734375,0.28730419921875,8.475473876953124,-0.031975497746460996,0.008393568158446012,0.0058621745868511835
1708194423.385687,-1.8219874633789062,1.0654197387695312,-10.20887587890625,0.061952526883768184,-0.024514548272286763,-0.012257274136143382,-3.2441432495117186,2.1021090576171875,-7.960720520019531,-0.1493522207240949,0.009326186842717792,0.006661562030512709,3.3399113159179685,0.24899697265624998,8.470685473632813,-0.040502297145517265,0.01532159267017923,0.005062787143189658
1708194423.4199007,-1.8650830932617186,0.967257470703125,-10.256759912109374,0.10005666169830088,0.017186830038722786,-0.010791730489430587,-3.1747114013671873,2.1452046874999997,-7.843404638671874,-0.07887289444127048,0.0035972434964768626,-0.018385911204215073,3.265691064453125,0.29927520751953124,8.743624462890624,-0.029444104174866172,-0.015854517632620246,0.0074609494741742334
1708194423.4546468,-1.8435352783203125,0.9576806640625,-10.192116467285155,0.1259035223766902,0.00159877488732305,-0.017986217482384312,-3.162740393066406,2.152387292480469,-7.821856823730468,-0.10418683015721876,-0.025047473234727783,-0.012923430339194655,3.229778039550781,0.277727392578125,8.659827404785156,-0.027845329287543123,-0.022782542144353463,0.009725880564548555
1708194423.48878,-1.7836802368164062,0.97683427734375,-10.223241088867187,0.10978254226284943,0.0014655436467127959,-0.0095926493239383,-3.2345664428710936,2.1547814941406247,-7.881711865234375,-0.09965696797647011,-0.018918836166656093,-0.01345635530163567,3.3542765258789062,0.2920926025390625,8.729259252929687,-0.026113323159609816,-0.023581929588014985,0.006794793271122962
1708194423.5264306,-1.7669208251953124,1.1252747802734375,-10.09395419921875,0.11324655451871604,0.011324655451871604,-0.012923430339194655,-3.3446997192382812,2.147598889160156,-7.7763669921875,-0.10298774899172647,-0.007860643196004996,-0.0039969372183076245,3.430890979003906,0.22744915771484372,8.67658681640625,-0.028245023009373885,-0.015854517632620246,0.010924961730040842
1708194423.5625288,-1.7884686401367187,1.1516109985351561,-10.307038146972655,0.09352833090839843,-0.0003996937218307625,-0.01438897398590745,-3.42849677734375,2.118868469238281,-7.702146740722656,-0.09805819308914705,-0.016520673835671518,-0.007727411955394742,3.4715924072265625,0.3184288208007812,8.647856396484375,-0.028111791768763626,-0.017719755001163805,0.005062787143189658
1708194423.5968149,-1.8100164550781248,1.2378022583007813,-10.072406384277343,0.12030781027105951,0.013189892820415163,-0.015588055151399738,-3.3638533325195312,2.1356278808593747,-7.716511950683593,-0.09872434929219834,-0.009059724361497283,-0.012523736617363892,3.469198205566406,0.316034619140625,8.760383874511719,-0.02531393571594829,-0.018785604926045835,0.008926493120887028
1708194423.6310856,-1.7477672119140624,1.1037269653320312,-10.204087475585936,0.10991577350345969,-0.0006661562030512709,-0.013323124061025418,-3.3782185424804685,2.1452046874999997,-7.783549597167968,-0.10565237380393155,-0.006128637068071691,-0.0057289433462409285,3.347093920898437,0.28969840087890625,8.664615808105468,-0.02717917308449185,-0.01692036755750228,0.0074609494741742334
1708194423.6677647,-1.838746875,1.005564697265625,-10.259154113769531,0.11444563568420833,0.006928024511733216,-0.016520673835671518,-3.227383837890625,2.1068974609374997,-7.917624890136718,-0.11444563568420833,-0.006128637068071691,-0.003863705977697371,3.2920272827148436,0.258573779296875,8.726865051269531,-0.027578866806322613,-0.021849923460081685,0.008260336917835759
1708194423.7038639,-1.8459294799804686,0.9720458740234375,-10.141838232421874,0.10938284854101867,0.005462480865020421,-0.014921898948348467,-3.227383837890625,2.147598889160156,-7.8338278320312495,-0.1133797857593263,-0.008526799399056265,-0.00985911180515881,3.31357509765625,0.2920926025390625,8.681375219726561,-0.025447166956558548,-0.018918836166656093,0.006261868308681946
1708194423.740565,-1.7597382202148437,0.9959878906249999,-10.081983190917969,0.10631853000698281,0.001732006127933304,-0.012257274136143382,-3.2800562744140622,2.1595698974609374,-7.747636572265624,-0.11178101087200323,-0.005196018383799912,-0.0063950995492922,3.323151904296875,0.296881005859375,8.688557824707031,-0.025180704475338038,-0.019052067407266345,0.0075941807147844875
1708194423.7753682,-1.8052280517578123,1.0486603271484374,-10.213664282226562,0.11044869846590069,0.0031975497746461,-0.011324655451871604,-3.258508459472656,2.133233679199219,-7.8338278320312495,-0.09899081177341885,-0.013323124061025418,-0.009059724361497283,3.3686417358398435,0.1867477294921875,8.690952026367187,-0.026779479362661087,-0.01692036755750228,0.0063950995492922
1708194423.8111815,-1.867477294921875,1.1348515869140625,-10.228029492187499,0.112180704593834,0.009059724361497283,-0.011990811654922875,-3.327940307617187,2.1116858642578125,-7.819462622070312,-0.11124808590956223,-0.009992343045769061,-0.005462480865020421,3.423708374023437,0.24181436767578124,8.678981018066406,-0.02624655440022007,-0.016520673835671518,0.006528330789902454
1708194423.8455067,-1.7884686401367187,1.0702081420898437,-10.199299072265624,0.11058192970651096,0.0058621745868511835,-0.011990811654922875,-3.284844677734375,2.1835119140624997,-7.805097412109374,-0.10858346109735714,-0.007993874436615249,-0.008260336917835759,3.392583752441406,0.3112462158203125,8.688557824707031,-0.024514548272286763,-0.016254211354451008,0.0073277182335639785
1708194423.8802896,-1.8171990600585937,1.0821791503906248,-10.196904870605469,0.111647779631393,0.005062787143189658,-0.013989280264076687,-3.27526787109375,2.0566192260742184,-7.7596075805664055,-0.11151454839078273,-0.0063950995492922,-0.0057289433462409285,3.3446997192382812,0.239420166015625,8.700528833007812,-0.026646248122050836,-0.018785604926045835,0.006128637068071691
1708194423.9146066,-1.8914193115234375,1.120486376953125,-10.189722265624999,0.10671822372881358,0.005462480865020421,-0.011058192970651094,-3.31357509765625,2.1212626708984375,-7.7787611938476555,-0.10765084241308535,-0.00866003063966652,-0.004929555902579405,3.3303345092773435,0.32082302246093747,8.750807067871094,-0.025180704475338038,-0.015987748873230498,0.006928024511733216
1708194423.9518974,-1.8243816650390623,1.0295067138671874,-10.196904870605469,0.11178101087200323,0.00479632466196915,-0.01438897398590745,-3.229778039550781,2.1595698974609374,-7.8553756469726554,-0.10538591132271104,-0.005595712105630674,-0.007727411955394742,3.3351229125976563,0.32082302246093747,8.645462194824217,-0.025047473234727783,-0.02118376725703041,0.010258805526989571
1708194423.9862,-1.8124106567382812,1.0438719238281249,-10.192116467285155,0.10951607978162892,0.002797856052815337,-0.01372281778285618,-3.2609026611328122,2.176329309082031,-7.848193041992187,-0.10565237380393155,-0.007860643196004996,-0.00985911180515881,3.327940307617187,0.277727392578125,8.70771143798828,-0.02691271060327134,-0.015987748873230498,0.007061255752343471
1708194424.020247,-1.8411410766601561,1.0079588989257813,-10.117896215820313,0.11018223598468019,0.004396630940138387,-0.013856049023466432,-3.258508459472656,2.04943662109375,-7.807491613769531,-0.1028545177511162,-0.008260336917835759,-0.008393568158446012,3.383006945800781,0.25139117431640623,8.659827404785156,-0.0302434916185277,-0.01532159267017923,0.005196018383799912
1708194424.055529,-1.7836802368164062,1.0702081420898437,-10.225635290527343,0.11031546722529045,0.0033307810152563544,-0.011990811654922875,-3.2561142578125,2.128445275878906,-7.75721337890625,-0.10725114869125461,-0.0073277182335639785,-0.006261868308681946,3.375824340820312,0.2442085693359375,8.626308581542968,-0.024114854550456002,-0.021983154700691936,0.004130168458917879
1708194424.0902684,-1.8435352783203125,1.0749965454101562,-10.153809240722655,0.11311332327810578,0.0035972434964768626,-0.01185758041431262,-3.306392492675781,2.1619640991210938,-7.785943798828124,-0.10858346109735714,-0.008793261880276773,-0.005062787143189658,3.308786694335937,0.24660277099609373,8.623914379882812,-0.02371516082862524,-0.020917304775809907,0.00866003063966652
1708194424.1246302,-1.7549498168945312,1.13006318359375,-10.211270080566406,0.11298009203749554,0.004396630940138387,-0.013856049023466432,-3.299209887695312,2.166752502441406,-7.824251025390624,-0.10725114869125461,-0.007061255752343471,-0.005062787143189658,3.383006945800781,0.277727392578125,8.686163623046875,-0.026513016881440577,-0.019318529888486854,0.007061255752343471
1708194424.1588454,-1.7980454467773437,1.0582371337890624,-10.261548315429687,0.10924961730040841,0.006261868308681946,-0.011990811654922875,-3.296815686035156,2.1308394775390624,-7.874529260253905,-0.10751761117247512,-0.0095926493239383,-0.0057289433462409285,3.308786694335937,0.26815058593749996,8.664615808105468,-0.029310872934255914,-0.020650842294589397,0.007727411955394742
1708194424.1931255,-1.8148048583984373,1.0582371337890624,-10.213664282226562,0.11457886692481858,0.006528330789902454,-0.013856049023466432,-3.268085266113281,2.118868469238281,-7.821856823730468,-0.10898315481918791,-0.0073277182335639785,-0.0073277182335639785,3.342305517578125,0.29927520751953124,8.647856396484375,-0.02624655440022007,-0.019318529888486854,0.008127105677225504
1708194424.2274058,-1.8267758666992187,1.0175357055664063,-10.249577307128906,0.10991577350345969,0.006661562030512709,-0.009192955602107537,-3.229778039550781,2.118868469238281,-7.857769848632812,-0.11071516094712121,-0.006661562030512709,-0.006128637068071691,3.327940307617187,0.3112462158203125,8.597578161621094,-0.02598009191899956,-0.013323124061025418,0.004130168458917879
1708194424.2617638,-1.8195932617187498,1.1013327636718748,-10.165780249023436,0.10898315481918791,0.0074609494741742334,-0.015854517632620246,-3.289633081054687,2.1547814941406247,-7.809885815429687,-0.11178101087200323,-0.007860643196004996,-0.008793261880276773,3.3542765258789062,0.2753331909179687,8.698134631347656,-0.02624655440022007,-0.015454823910789483,0.007061255752343471
1708194424.2961495,-1.8339584716796873,1.0007762939453124,-10.189722265624999,0.10978254226284943,0.005995405827461438,-0.014655436467127957,-3.27526787109375,2.1547814941406247,-7.9104422851562495,-0.112180704593834,-0.007727411955394742,-0.0035972434964768626,3.356670727539062,0.258573779296875,8.67658681640625,-0.02571362943777905,-0.02145022973825092,0.007194486992953725
1708194424.3307793,-1.7956512451171873,1.0558429321289062,-10.228029492187499,0.10898315481918791,0.0030643185340358454,-0.01345635530163567,-3.303998291015625,2.1356278808593747,-7.8912886718749995,-0.11004900474406994,-0.0058621745868511835,-0.008926493120887028,3.3710359375,0.29448680419921874,8.611943371582031,-0.026646248122050836,-0.01732006127933304,0.0063950995492922
1708194424.3649313,-1.7788918334960937,1.0941501586914062,-10.204087475585936,0.11111485466895196,0.005595712105630674,-0.013989280264076687,-3.2728736694335936,2.118868469238281,-7.841010437011718,-0.111647779631393,-0.0074609494741742334,-0.0063950995492922,3.392583752441406,0.24899697265624998,8.650250598144531,-0.02398162330984575,-0.017186830038722786,0.008793261880276773
1708194424.3993592,-1.8291700683593748,1.1037269653320312,-10.218452685546874,0.11138131715017249,0.0021316998497640663,-0.0127901990985844,-3.3303345092773435,2.1308394775390624,-7.809885815429687,-0.10924961730040841,-0.005995405827461438,-0.006128637068071691,3.4165257690429685,0.28969840087890625,8.710105639648438,-0.026513016881440577,-0.023182235866184224,0.008926493120887028
1708194424.4337718,-1.7573440185546874,1.0821791503906248,-10.230423693847655,0.10831699861613663,0.0035972434964768626,-0.012656967857974145,-3.239354846191406,2.1021090576171875,-7.745242370605468,-0.1087166923379674,-0.009192955602107537,-0.009326186842717792,3.373430139160156,0.25139117431640623,8.717288244628906,-0.026513016881440577,-0.020251148572758632,0.009192955602107537
1708194424.4682348,-1.7980454467773437,1.0726023437499999,-10.235212097167969,0.11631087305275188,0.0033307810152563544,-0.012656967857974145,-3.2728736694335936,2.1116858642578125,-7.860164050292968,-0.10645176124759308,-0.007860643196004996,-0.0073277182335639785,3.39018955078125,0.29927520751953124,8.695740429687499,-0.029177641693645662,-0.01971822361031762,0.008260336917835759
1708194424.503046,-1.7836802368164062,1.0534487304687499,-10.194510668945313,0.11098162342834172,0.00479632466196915,-0.013189892820415163,-3.284844677734375,2.1643583007812497,-7.788338000488281,-0.10951607978162892,-0.008393568158446012,-0.004929555902579405,3.3446997192382812,0.239420166015625,8.621520178222656,-0.029310872934255914,-0.017719755001163805,0.0063950995492922
1708194424.5373666,-1.7812860351562498,1.0917559570312498,-10.158597644042969,0.11124808590956223,0.0033307810152563544,-0.01052526800821008,-3.2513258544921873,2.1930887207031247,-7.790732202148437,-0.10605206752576231,-0.006794793271122962,-0.006794793271122962,3.3638533325195312,0.32561142578124996,8.729259252929687,-0.027312404325102103,-0.01945176112909711,0.006661562030512709
1708194424.5716677,-1.8171990600585937,1.0486603271484374,-10.220846887207031,0.1119142421126135,0.0035972434964768626,-0.010658499248820334,-3.294421484375,2.1643583007812497,-7.862558251953125,-0.10818376737552639,-0.011724349173702367,-0.008393568158446012,3.373430139160156,0.239420166015625,8.700528833007812,-0.027045941843881597,-0.016254211354451008,0.005462480865020421
1708194424.6060064,-1.7453730102539062,1.1037269653320312,-10.177751257324218,0.11124808590956223,0.0058621745868511835,-0.011724349173702367,-3.296815686035156,2.142810485839844,-7.79552060546875,-0.10978254226284943,-0.00985911180515881,-0.006128637068071691,3.380612744140625,0.29448680419921874,8.688557824707031,-0.025180704475338038,-0.017186830038722786,0.009459418083328047
1708194424.6402853,-1.8052280517578123,1.1180921752929687,-10.194510668945313,0.111647779631393,0.005462480865020421,-0.0127901990985844,-3.3351229125976563,2.0829554443359375,-7.7979148071289055,-0.1087166923379674,-0.009326186842717792,-0.006661562030512709,3.380612744140625,0.28490999755859375,8.688557824707031,-0.02624655440022007,-0.022782542144353463,0.008926493120887028
1708194424.6748693,-1.7956512451171873,1.0582371337890624,-10.177751257324218,0.11457886692481858,0.006261868308681946,-0.015188361429568975,-3.296815686035156,2.1452046874999997,-7.831433630371094,-0.10898315481918791,-0.010125574286379316,-0.006261868308681946,3.423708374023437,0.2442085693359375,8.590395556640624,-0.027712098046932865,-0.01505513018895872,0.010392036767599824
1708194424.709861,-1.8938135131835936,1.0462661254882812,-10.216058483886718,0.10711791745064435,0.003863705977697371,-0.012390505376753637,-3.2728736694335936,2.138022082519531,-7.924807495117187,-0.11258039831566477,-0.008526799399056265,-0.004396630940138387,3.3542765258789062,0.3136404174804687,8.635885388183594,-0.02398162330984575,-0.01532159267017923,0.006261868308681946
1708194424.7449565,-1.7621324218749999,1.0917559570312498,-10.211270080566406,0.10898315481918791,0.0058621745868511835,-0.012923430339194655,-3.303998291015625,2.1356278808593747,-7.841010437011718,-0.10911638605979816,-0.007860643196004996,-0.0075941807147844875,3.347093920898437,0.3184288208007812,8.655039001464843,-0.028911179212425153,-0.016520673835671518,0.006794793271122962
1708194424.7789972,-1.8555062866210936,1.0534487304687499,-10.189722265624999,0.10818376737552639,0.006261868308681946,-0.013589586542245924,-3.2920272827148436,2.0877438476562498,-7.8529814453124995,-0.11138131715017249,-0.008793261880276773,-0.006794793271122962,3.418919970703125,0.27293898925781246,8.695740429687499,-0.02571362943777905,-0.019984686091538122,0.009192955602107537
1708194424.8133624,-1.8100164550781248,1.0702081420898437,-10.199299072265624,0.10938284854101867,0.003464012255866608,-0.014122511504686942,-3.296815686035156,2.1116858642578125,-7.845798840332031,-0.10991577350345969,-0.005995405827461438,-0.006261868308681946,3.380612744140625,0.2609679809570312,8.671798413085938,-0.02584686067838931,-0.017986217482384312,0.004396630940138387
1708194424.847724,-1.7381904052734374,1.1276689819335937,-10.194510668945313,0.11018223598468019,0.0029310872934255917,-0.0127901990985844,-3.2824504760742186,2.142810485839844,-7.869740856933594,-0.10725114869125461,-0.006794793271122962,-0.008526799399056265,3.356670727539062,0.28490999755859375,8.633491186523438,-0.028378254249984136,-0.018385911204215073,0.006128637068071691
1708194424.8818152,-1.7741034301757812,1.0869675537109373,-10.129867224121092,0.1247044412111979,0.00985911180515881,-0.011724349173702367,-3.268085266113281,2.1116858642578125,-7.838616235351562,-0.10525268008210079,-0.008393568158446012,-0.006928024511733216,3.4093431640625,0.25139117431640623,8.760383874511719,-0.02371516082862524,-0.022382848422522698,0.0073277182335639785
1708194424.9162216,-1.7788918334960937,1.0414777221679687,-10.220846887207031,0.09792496184853682,-0.0013323124061025418,-0.011591117933092112,-3.318363500976562,2.2026655273437497,-7.785943798828124,-0.11377947948115706,-0.014122511504686942,-0.0037304747370871167,3.385401147460937,0.2825157958984375,8.678981018066406,-0.02851148549059439,-0.015454823910789483,0.007860643196004996
1708194424.9509046,-1.8052280517578123,1.1061211669921875,-10.290278735351562,0.12270597260204408,0.007194486992953725,-0.014255742745297196,-3.318363500976562,2.1499930908203124,-7.8529814453124995,-0.10818376737552639,-0.004663093421358896,-0.004130168458917879,3.3542765258789062,0.3711012573242187,8.607154968261717,-0.028378254249984136,-0.014788667707738212,0.006794793271122962
1708194424.9849384,-1.8028338500976562,1.0606313354492187,-10.158597644042969,0.10178866782623419,0.007194486992953725,-0.009192955602107537,-3.2417490478515623,2.109291662597656,-7.862558251953125,-0.11311332327810578,-0.004130168458917879,-0.010392036767599824,3.3782185424804685,0.229843359375,8.628702783203124,-0.024114854550456002,-0.018252679963604822,0.0074609494741742334
1708194425.0190704,-1.7549498168945312,1.1180921752929687,-10.256759912109374,0.10738437993186485,-0.0031975497746461,-0.02011791733214838,-3.27526787109375,2.152387292480469,-7.845798840332031,-0.10831699861613663,-0.0039969372183076245,-0.006528330789902454,3.4261025756835934,0.29448680419921874,8.657433203124999,-0.026779479362661087,-0.012523736617363892,0.006928024511733216
1708194425.0534751,-1.7190367919921874,1.0510545288085937,-10.259154113769531,0.10272128651050597,0.0058621745868511835,-0.01372281778285618,-3.323151904296875,2.195482922363281,-7.987056738281249,-0.11298009203749554,-0.009459418083328047,-0.005595712105630674,3.356670727539062,0.28012159423828126,8.686163623046875,-0.023848392069235495,-0.01958499236970736,0.005995405827461438
1708194425.0877197,-1.7429788085937499,1.1372457885742187,-10.165780249023436,0.11977488530861849,0.0030643185340358454,-0.01438897398590745,-3.2824504760742186,2.090138049316406,-7.81467421875,-0.10778407365369562,-0.008127105677225504,-0.004929555902579405,3.418919970703125,0.28012159423828126,8.702923034667968,-0.02531393571594829,-0.016254211354451008,0.008127105677225504
1708194425.1221805,-1.8339584716796873,1.0821791503906248,-10.225635290527343,0.10405359891660851,0.006528330789902454,-0.014122511504686942,-3.2632968627929686,2.04943662109375,-7.896077075195312,-0.11298009203749554,-0.009326186842717792,-0.006928024511733216,3.35188232421875,0.2705447875976562,8.693346228027343,-0.02584686067838931,-0.014921898948348467,0.008526799399056265
1708194425.1567025,-1.848323681640625,1.0654197387695312,-10.187328063964843,0.11750995421824417,0.007061255752343471,-0.011058192970651094,-3.303998291015625,2.1547814941406247,-7.7787611938476555,-0.111647779631393,-0.011191424211261349,-0.008260336917835759,3.3351229125976563,0.30406361083984373,8.619125976562499,-0.026513016881440577,-0.0191852986478766,0.005995405827461438
1708194425.1913939,-1.8195932617187498,1.0917559570312498,-10.24000050048828,0.1055191425633213,0.0057289433462409285,-0.011191424211261349,-3.258508459472656,2.118868469238281,-7.783549597167968,-0.10392036767599824,-0.011591117933092112,-0.007061255752343471,3.385401147460937,0.24660277099609373,8.640673791503906,-0.026379785640830326,-0.015854517632620246,0.0075941807147844875
1708194425.2281008,-1.8100164550781248,1.0510545288085937,-10.235212097167969,0.11071516094712121,0.004529862180748642,-0.014522205226517705,-3.277662072753906,2.1308394775390624,-7.802703210449218,-0.10911638605979816,-0.008526799399056265,-0.0033307810152563544,3.39018955078125,0.2657563842773437,8.647856396484375,-0.026779479362661087,-0.018785604926045835,0.009992343045769061
1708194425.263502,-1.8219874633789062,1.0438719238281249,-10.156203442382813,0.10964931102223918,0.006794793271122962,-0.011324655451871604,-3.323151904296875,2.152387292480469,-7.81467421875,-0.11098162342834172,-0.013189892820415163,-0.008127105677225504,3.3782185424804685,0.28730419921875,8.681375219726561,-0.0287779479718149,-0.018785604926045835,0.007061255752343471
1708194425.2984335,-1.7908628417968748,1.1133037719726562,-10.180145458984374,0.10845022985674689,0.0006661562030512709,-0.013589586542245924,-3.3327287109375,2.147598889160156,-7.819462622070312,-0.111647779631393,-0.0057289433462409285,-0.003464012255866608,3.3877953491210935,0.28969840087890625,8.650250598144531,-0.02691271060327134,-0.015588055151399738,0.007061255752343471
1708194425.3339593,-1.7956512451171873,1.0869675537109373,-10.141838232421874,0.11298009203749554,0.006928024511733216,-0.012523736617363892,-3.294421484375,2.176329309082031,-7.747636572265624,-0.11058192970651096,-0.008260336917835759,-0.0075941807147844875,3.308786694335937,0.25139117431640623,8.693346228027343,-0.027045941843881597,-0.016254211354451008,0.006528330789902454
1708194425.368912,-1.8411410766601561,1.0486603271484374,-10.24000050048828,0.1023215927886752,0.007061255752343471,-0.012656967857974145,-3.2824504760742186,2.123656872558594,-7.821856823730468,-0.10725114869125461,-0.010658499248820334,-0.006661562030512709,3.347093920898437,0.24899697265624998,8.688557824707031,-0.024914241994117528,-0.016120980113840753,0.006261868308681946
1708194425.404494,-1.8100164550781248,1.0438719238281249,-10.184933862304687,0.11524502312786984,0.0021316998497640663,-0.01572128639200999,-3.2632968627929686,2.1499930908203124,-7.781155395507812,-0.11551148560909036,-0.007993874436615249,-0.003863705977697371,3.299209887695312,0.25139117431640623,8.717288244628906,-0.029444104174866172,-0.01705359879811253,0.011191424211261349
1708194425.4395156,-1.8315642700195311,1.0199299072265624,-10.244788903808594,0.10738437993186485,0.0029310872934255917,-0.014122511504686942,-3.306392492675781,2.1308394775390624,-7.7787611938476555,-0.10458652387904951,-0.00985911180515881,-0.007061255752343471,3.3542765258789062,0.27293898925781246,8.674192614746094,-0.029577335415476424,-0.01971822361031762,0.009459418083328047
1708194425.4745624,-1.7860744384765623,1.0366893188476562,-10.184933862304687,0.11111485466895196,0.006928024511733216,-0.011724349173702367,-3.299209887695312,2.1811177124023438,-7.881711865234375,-0.10951607978162892,-0.0019984686091538122,-0.008526799399056265,3.42849677734375,0.25139117431640623,8.774749084472656,-0.02464777951289702,-0.022516079663132953,0.011324655451871604
1708194425.5087,-1.7788918334960937,1.0654197387695312,-10.172962854003906,0.11071516094712121,0.006794793271122962,-0.013856049023466432,-3.31357509765625,2.0757728393554684,-7.896077075195312,-0.11178101087200323,-0.008260336917835759,-0.004130168458917879,3.438073583984375,0.277727392578125,8.719682446289061,-0.02464777951289702,-0.015188361429568975,0.009725880564548555
1708194425.5432386,-1.7908628417968748,1.1085153686523437,-10.141838232421874,0.1087166923379674,0.004263399699528133,-0.012656967857974145,-3.3111808959960936,2.123656872558594,-7.738059765625,-0.10711791745064435,-0.008127105677225504,-0.0057289433462409285,3.3446997192382812,0.3112462158203125,8.702923034667968,-0.026113323159609816,-0.01958499236970736,0.0073277182335639785
1708194425.577298,-1.7669208251953124,1.0223241088867188,-10.280701928710936,0.11271362955627502,0.008260336917835759,-0.013189892820415163,-3.3159692993164063,2.142810485839844,-7.826645227050781,-0.10831699861613663,-0.00985911180515881,-0.006128637068071691,3.3973721557617185,0.33758243408203126,8.590395556640624,-0.025180704475338038,-0.018785604926045835,0.0057289433462409285
1708194425.6113517,-1.8938135131835936,1.0821791503906248,-10.175357055664062,0.11004900474406994,0.0,-0.011324655451871604,-3.323151904296875,2.1068974609374997,-7.783549597167968,-0.11724349173702366,-0.01052526800821008,-0.003464012255866608,3.3494881225585935,0.3016694091796875,8.667010009765624,-0.02584686067838931,-0.014255742745297196,0.007993874436615249
1708194425.6459184,-1.8411410766601561,1.1061211669921875,-10.24718310546875,0.10911638605979816,0.0002664624812205083,-0.015588055151399738,-3.2345664428710936,2.152387292480469,-7.876923461914062,-0.1119142421126135,-0.00866003063966652,-0.005462480865020421,3.39018955078125,0.30406361083984373,8.667010009765624,-0.0287779479718149,-0.018385911204215073,0.0095926493239383
1708194425.6801233,-1.7693150268554687,1.0390835205078124,-10.228029492187499,0.10538591132271104,0.002398162330984575,-0.013856049023466432,-3.323151904296875,2.1691467041015624,-7.829039428710937,-0.11138131715017249,-0.0075941807147844875,-0.005196018383799912,3.31357509765625,0.22505495605468748,8.667010009765624,-0.029177641693645662,-0.018652373685435583,0.008260336917835759
1708194425.7143152,-1.8339584716796873,1.0223241088867188,-10.199299072265624,0.11258039831566477,0.007061255752343471,-0.013323124061025418,-3.2920272827148436,2.1643583007812497,-7.845798840332031,-0.112180704593834,-0.007860643196004996,-0.009059724361497283,3.31357509765625,0.28730419921875,8.700528833007812,-0.02531393571594829,-0.02118376725703041,0.006128637068071691
1708194425.748755,-1.7932570434570312,1.0582371337890624,-10.199299072265624,0.11018223598468019,0.003863705977697371,-0.01212404289553313,-3.3016040893554686,2.1691467041015624,-7.802703210449218,-0.10978254226284943,-0.006928024511733216,-0.008526799399056265,3.4069489624023435,0.3016694091796875,8.640673791503906,-0.0255803981971688,-0.01732006127933304,0.006261868308681946
1708194425.7837167,-1.8028338500976562,1.0989385620117187,-10.223241088867187,0.10511944884149053,0.000799387443661525,-0.011324655451871604,-3.294421484375,2.123656872558594,-7.915230688476562,-0.10884992357857766,-0.0075941807147844875,-0.0057289433462409285,3.4356793823242184,0.3232172241210937,8.683769421386717,-0.028378254249984136,-0.015188361429568975,0.010791730489430587
1708194425.818782,-1.8459294799804686,1.1013327636718748,-10.204087475585936,0.11298009203749554,0.004396630940138387,-0.011591117933092112,-3.289633081054687,2.166752502441406,-7.824251025390624,-0.10392036767599824,-0.007993874436615249,-0.005462480865020421,3.423708374023437,0.25139117431640623,8.78432589111328,-0.02598009191899956,-0.018385911204215073,0.006794793271122962
1708194425.854169,-1.7860744384765623,1.0678139404296874,-10.254365710449218,0.11204747335322376,0.003863705977697371,-0.014122511504686942,-3.3207577026367185,2.109291662597656,-7.807491613769531,-0.11204747335322376,-0.009992343045769061,-0.004263399699528133,3.430890979003906,0.316034619140625,8.810662109374999,-0.02424808579106626,-0.01732006127933304,0.0074609494741742334
1708194425.8897674,-1.8219874633789062,1.0558429321289062,-10.273519323730468,0.10711791745064435,0.003464012255866608,-0.00985911180515881,-3.287238879394531,2.1691467041015624,-7.850587243652344,-0.10325421147294697,-0.0074609494741742334,-0.005329249624410167,3.383006945800781,0.3064578125,8.693346228027343,-0.028245023009373885,-0.016520673835671518,0.008393568158446012
1708194425.9254236,-1.8267758666992187,1.0702081420898437,-10.187328063964843,0.095926493239383,-0.006794793271122962,-0.013189892820415163,-3.258508459472656,2.195482922363281,-7.9463553100585935,-0.10858346109735714,-0.013989280264076687,-0.007727411955394742,3.383006945800781,0.258573779296875,8.659827404785156,-0.024514548272286763,-0.015454823910789483,0.006128637068071691
1708194425.96198,-1.8171990600585937,1.0534487304687499,-10.280701928710936,0.10791730489430588,0.00479632466196915,-0.013323124061025418,-3.3016040893554686,2.128445275878906,-7.826645227050781,-0.11271362955627502,-0.008793261880276773,-0.005329249624410167,3.31357509765625,0.28969840087890625,8.681375219726561,-0.02424808579106626,-0.019318529888486854,0.005196018383799912
1708194425.9963553,-1.8291700683593748,1.0079588989257813,-10.129867224121092,0.11404594196237756,0.010791730489430587,-0.013856049023466432,-3.2632968627929686,2.1499930908203124,-7.8553756469726554,-0.10964931102223918,-0.0095926493239383,-0.005196018383799912,3.306392492675781,0.28969840087890625,8.743624462890624,-0.025180704475338038,-0.01851914244482533,0.008260336917835759
1708194426.0305429,-1.7956512451171873,1.0295067138671874,-10.182539660644531,0.10671822372881358,-0.0006661562030512709,-0.013056661579804908,-3.308786694335937,2.1643583007812497,-7.783549597167968,-0.11004900474406994,-0.0075941807147844875,-0.006261868308681946,3.380612744140625,0.277727392578125,8.659827404785156,-0.027712098046932865,-0.017852986241774057,0.008260336917835759
1708194426.065111,-1.8339584716796873,1.0917559570312498,-10.223241088867187,0.10471975511965978,0.005062787143189658,-0.016387442595061263,-3.3446997192382812,2.1021090576171875,-7.785943798828124,-0.10511944884149053,-0.006928024511733216,-0.009326186842717792,3.402160559082031,0.3136404174804687,8.583212951660157,-0.025447166956558548,-0.018918836166656093,0.008793261880276773
1708194426.0996096,-1.8004396484374998,1.0678139404296874,-10.146626635742187,0.11990811654922875,0.008393568158446012,-0.009059724361497283,-3.284844677734375,2.133233679199219,-7.9463553100585935,-0.1087166923379674,-0.0029310872934255917,-0.004529862180748642,3.35188232421875,0.2561795776367187,8.63109698486328,-0.03011026037791744,-0.018252679963604822,0.009192955602107537
1708194426.1341562,-1.8411410766601561,1.1276689819335937,-10.177751257324218,0.11111485466895196,0.006661562030512709,-0.012656967857974145,-3.2920272827148436,2.133233679199219,-7.8338278320312495,-0.1087166923379674,-0.007993874436615249,-0.004529862180748642,3.3638533325195312,0.296881005859375,8.695740429687499,-0.026113323159609816,-0.01692036755750228,0.0095926493239383
1708194426.1692839,-1.7836802368164062,1.0797849487304687,-10.149020837402343,0.11671056677458265,0.0029310872934255917,-0.012390505376753637,-3.3207577026367185,2.1619640991210938,-7.771578588867187,-0.10898315481918791,-0.007061255752343471,-0.007061255752343471,3.3446997192382812,0.2561795776367187,8.710105639648438,-0.028245023009373885,-0.016120980113840753,0.007727411955394742
1708194426.2037146,-1.7860744384765623,1.0534487304687499,-10.280701928710936,0.10365390519477774,0.004529862180748642,-0.012523736617363892,-3.294421484375,2.147598889160156,-7.819462622070312,-0.11311332327810578,-0.010924961730040842,-0.0063950995492922,3.3327287109375,0.28490999755859375,8.640673791503906,-0.027312404325102103,-0.019318529888486854,0.009326186842717792
1708194426.2410326,-1.8243816650390623,1.0271125122070313,-10.187328063964843,0.11364624824054681,0.004929555902579405,-0.01212404289553313,-3.2537200561523436,2.104503259277344,-7.838616235351562,-0.10858346109735714,-0.007860643196004996,-0.0057289433462409285,3.35188232421875,0.24181436767578124,8.662221606445312,-0.026646248122050836,-0.01438897398590745,0.008926493120887028
1708194426.2799232,-1.8650830932617186,0.9935936889648437,-10.182539660644531,0.12656967857974144,0.015188361429568975,-0.008393568158446012,-3.284844677734375,2.1116858642578125,-7.7763669921875,-0.11604441057153138,-0.011591117933092112,-0.0037304747370871167,3.380612744140625,0.29448680419921874,8.700528833007812,-0.026513016881440577,-0.01945176112909711,0.007993874436615249
1708194426.3149946,-1.7357962036132812,1.1013327636718748,-10.254365710449218,0.10685145496942385,0.0039969372183076245,-0.01212404289553313,-3.31357509765625,2.1212626708984375,-7.754819177246094,-0.10805053613491612,-0.005062787143189658,-0.006928024511733216,3.361459130859375,0.3232172241210937,8.643067993164061,-0.027312404325102103,-0.017186830038722786,0.004529862180748642
1708194426.3493097,-1.7645266235351562,1.0726023437499999,-10.192116467285155,0.11444563568420833,0.005995405827461438,-0.011724349173702367,-3.3111808959960936,2.1883003173828124,-7.709329345703124,-0.111647779631393,-0.011324655451871604,-0.0033307810152563544,3.361459130859375,0.296881005859375,8.619125976562499,-0.029310872934255914,-0.01532159267017923,0.011058192970651094
1708194426.3838332,-1.8076222534179687,1.0366893188476562,-10.153809240722655,0.09899081177341885,0.002797856052815337,-0.013989280264076687,-3.287238879394531,2.2170307373046874,-7.841010437011718,-0.10631853000698281,-0.005995405827461438,-0.009059724361497283,3.347093920898437,0.35194764404296874,8.71489404296875,-0.024514548272286763,-0.0191852986478766,0.00866003063966652
1708194426.421789,-1.8100164550781248,1.1180921752929687,-10.24718310546875,0.10471975511965978,0.002264931090374321,-0.013189892820415163,-3.2537200561523436,2.2002713256835937,-7.826645227050781,-0.1151117918872596,-0.01505513018895872,-0.002264931090374321,3.35188232421875,0.2561795776367187,8.655039001464843,-0.026379785640830326,-0.018652373685435583,0.010791730489430587
1708194426.4599957,-1.8219874633789062,1.1109095703125,-10.220846887207031,0.11657733553397238,0.010125574286379316,-0.012523736617363892,-3.366247534179687,2.1452046874999997,-7.843404638671874,-0.10711791745064435,-0.009459418083328047,-0.0057289433462409285,3.402160559082031,0.24181436767578124,8.678981018066406,-0.027578866806322613,-0.020650842294589397,0.0058621745868511835
1708194426.4951057,-1.8267758666992187,1.005564697265625,-10.20169327392578,0.11377947948115706,0.010125574286379316,-0.011457886692481857,-3.318363500976562,2.1116858642578125,-7.819462622070312,-0.11817611042129544,-0.008260336917835759,-0.0033307810152563544,3.3590649291992185,0.2657563842773437,8.705317236328124,-0.02598009191899956,-0.018385911204215073,0.0073277182335639785
1708194426.530157,-1.7525556152343749,1.0319009155273438,-10.172962854003906,0.10751761117247512,0.006528330789902454,-0.012923430339194655,-3.2920272827148436,2.1883003173828124,-7.8338278320312495,-0.10378713643538799,-0.0063950995492922,-0.008260336917835759,3.411737365722656,0.35194764404296874,8.674192614746094,-0.02531393571594829,-0.020384379813368887,0.009725880564548555
1708194426.5650458,-1.8435352783203125,1.0630255371093749,-10.129867224121092,0.11990811654922875,0.007860643196004996,-0.015987748873230498,-3.2513258544921873,2.080561242675781,-7.857769848632812,-0.10911638605979816,-0.004130168458917879,-0.0039969372183076245,3.3590649291992185,0.27293898925781246,8.63109698486328,-0.02691271060327134,-0.018785604926045835,0.006128637068071691
1708194426.5999713,-1.848323681640625,1.01514150390625,-10.24718310546875,0.10485298636027003,0.005062787143189658,-0.014921898948348467,-3.27526787109375,2.1356278808593747,-7.826645227050781,-0.11417917320298782,-0.004929555902579405,-0.004396630940138387,3.284844677734375,0.24181436767578124,8.686163623046875,-0.023315467106794475,-0.022516079663132953,0.007194486992953725
1708194426.634861,-1.7669208251953124,1.0414777221679687,-10.220846887207031,0.11178101087200323,0.006661562030512709,-0.01185758041431262,-3.306392492675781,2.133233679199219,-7.7979148071289055,-0.10392036767599824,-0.0073277182335639785,-0.005995405827461438,3.3255461059570313,0.277727392578125,8.700528833007812,-0.02531393571594829,-0.020251148572758632,0.009725880564548555
1708194426.6727157,-1.85790048828125,1.0462661254882812,-10.141838232421874,0.112180704593834,0.0057289433462409285,-0.015588055151399738,-3.294421484375,2.133233679199219,-7.838616235351562,-0.10698468621003408,-0.007061255752343471,-0.01212404289553313,3.337517114257812,0.23702596435546874,8.702923034667968,-0.028378254249984136,-0.019318529888486854,0.0057289433462409285
1708194426.7085733,-1.7908628417968748,1.0582371337890624,-10.28549033203125,0.11111485466895196,0.003863705977697371,-0.012257274136143382,-3.2800562744140622,2.094926452636719,-7.831433630371094,-0.10711791745064435,-0.0075941807147844875,-0.005462480865020421,3.3494881225585935,0.30885201416015623,8.647856396484375,-0.02717917308449185,-0.019984686091538122,0.006928024511733216
1708194426.7443388,-1.7908628417968748,1.0917559570312498,-10.177751257324218,0.11044869846590069,0.005462480865020421,-0.011324655451871604,-3.394977954101562,2.166752502441406,-7.862558251953125,-0.11311332327810578,-0.01052526800821008,-0.0063950995492922,3.399766357421875,0.2346317626953125,8.657433203124999,-0.028378254249984136,-0.021716692219471426,0.0058621745868511835
1708194426.778431,-1.7860744384765623,1.1180921752929687,-10.141838232421874,0.10964931102223918,0.005462480865020421,-0.01185758041431262,-3.3351229125976563,2.123656872558594,-7.8912886718749995,-0.10911638605979816,-0.0073277182335639785,-0.0074609494741742334,3.39018955078125,0.2609679809570312,8.75320126953125,-0.02464777951289702,-0.02145022973825092,0.009059724361497283
1708194426.8130198,-1.7525556152343749,1.0630255371093749,-10.230423693847655,0.10978254226284943,0.004663093421358896,-0.0127901990985844,-3.296815686035156,2.1547814941406247,-7.826645227050781,-0.10898315481918791,-0.006794793271122962,-0.006661562030512709,3.3710359375,0.2657563842773437,8.63827958984375,-0.027312404325102103,-0.012656967857974145,0.006261868308681946
1708194426.8470576,-1.8124106567382812,1.0199299072265624,-10.141838232421874,0.11457886692481858,-0.0005329249624410166,-0.014122511504686942,-3.2920272827148436,2.166752502441406,-7.807491613769531,-0.11551148560909036,-0.0073277182335639785,-0.005595712105630674,3.323151904296875,0.27293898925781246,8.724470849609375,-0.0255803981971688,-0.01692036755750228,0.0073277182335639785
1708194426.881121,-1.85790048828125,1.0199299072265624,-10.12507882080078,0.10938284854101867,0.005196018383799912,-0.013989280264076687,-3.294421484375,2.1212626708984375,-7.802703210449218,-0.10978254226284943,-0.008793261880276773,-0.004929555902579405,3.318363500976562,0.3447650390625,8.690952026367187,-0.02624655440022007,-0.017586523760553547,0.009059724361497283
1708194426.9155946,-1.7645266235351562,0.9840168823242187,-10.187328063964843,0.11631087305275188,0.005329249624410167,-0.0127901990985844,-3.2417490478515623,2.1260510742187497,-7.742848168945312,-0.1119142421126135,-0.010791730489430587,-0.004396630940138387,3.366247534179687,0.34715924072265625,8.683769421386717,-0.024114854550456002,-0.022116385941302188,0.0095926493239383
1708194426.9502354,-1.7669208251953124,0.9744400756835937,-10.244788903808594,0.10898315481918791,0.0057289433462409285,-0.012523736617363892,-3.327940307617187,2.1308394775390624,-7.805097412109374,-0.11018223598468019,-0.011058192970651094,-0.004529862180748642,3.3686417358398435,0.19632453613281248,8.664615808105468,-0.02904441045303541,-0.01945176112909711,0.0095926493239383
1708194426.9846585,-1.8291700683593748,1.13006318359375,-10.24718310546875,0.10938284854101867,0.0035972434964768626,-0.01505513018895872,-3.27526787109375,2.0877438476562498,-7.762001782226562,-0.11138131715017249,-0.007194486992953725,-0.00013323124061025415,3.4548329956054684,0.24899697265624998,8.74601866455078,-0.02398162330984575,-0.021583460978861175,0.009192955602107537
1708194427.0190942,-1.7980454467773437,1.13006318359375,-10.213664282226562,0.111647779631393,0.002531393571594829,-0.016120980113840753,-3.31357509765625,2.118868469238281,-7.812280017089844,-0.10445329263843926,-0.014522205226517705,-0.005595712105630674,3.4620156005859375,0.296881005859375,8.664615808105468,-0.026779479362661087,-0.014655436467127957,0.0075941807147844875
1708194427.0531328,-1.7693150268554687,1.0726023437499999,-10.232817895507813,0.11084839218773146,0.0035972434964768626,-0.013323124061025418,-3.289633081054687,2.128445275878906,-7.848193041992187,-0.10392036767599824,-0.0057289433462409285,-0.009992343045769061,3.3207577026367185,0.28490999755859375,8.705317236328124,-0.023581929588014985,-0.01971822361031762,0.007860643196004996
1708194427.1006277,-1.7884686401367187,1.0702081420898437,-10.211270080566406,0.11377947948115706,0.0026646248122050836,-0.014122511504686942,-3.265691064453125,2.214636535644531,-7.934384301757812,-0.11471209816542884,-0.0075941807147844875,-0.0074609494741742334,3.337517114257812,0.3016694091796875,8.710105639648438,-0.02398162330984575,-0.018785604926045835,0.008926493120887028
1708194427.1743202,-1.8004396484374998,1.0726023437499999,-10.24000050048828,0.10765084241308535,0.006261868308681946,-0.010125574286379316,-3.303998291015625,2.0829554443359375,-7.850587243652344,-0.10938284854101867,-0.006794793271122962,-0.007727411955394742,3.3686417358398435,0.3495534423828125,8.750807067871094,-0.02531393571594829,-0.016387442595061263,0.008127105677225504
1708194427.2395883,-1.7788918334960937,1.0031704956054688,-10.31661495361328,0.10698468621003408,0.007860643196004996,-0.013856049023466432,-3.3351229125976563,2.2026655273437497,-7.809885815429687,-0.10751761117247512,-0.008926493120887028,-0.0073277182335639785,3.303998291015625,0.354341845703125,8.66940421142578,-0.031842266505850744,-0.01958499236970736,0.012257274136143382
1708194427.304273,-1.956062756347656,1.0941501586914062,-10.192116467285155,0.1261699848579107,0.01345635530163567,-0.016120980113840753,-3.356670727539062,2.0470424194335934,-7.881711865234375,-0.1217733539177723,-0.017453292519943295,-0.0026646248122050836,3.3303345092773435,0.3016694091796875,8.647856396484375,-0.02571362943777905,-0.021583460978861175,0.007860643196004996
1708194427.365802,-1.7453730102539062,1.120486376953125,-10.251971508789062,0.08806585004337801,0.004529862180748642,-0.011058192970651094,-3.2417490478515623,2.2170307373046874,-7.726088757324218,-0.10605206752576231,-0.010924961730040842,-0.007727411955394742,3.459621398925781,0.3232172241210937,8.67658681640625,-0.025447166956558548,-0.016120980113840753,0.008793261880276773
1708194427.4170156,-1.8148048583984373,1.0462661254882812,-10.223241088867187,0.09819142432975732,0.0003996937218307625,-0.011191424211261349,-3.3111808959960936,2.176329309082031,-7.656656909179687,-0.111647779631393,-0.00866003063966652,-0.0074609494741742334,3.399766357421875,0.3016694091796875,8.719682446289061,-0.027045941843881597,-0.015454823910789483,0.008260336917835759
1708194427.4549122,-1.7980454467773437,1.0845733520507812,-10.172962854003906,0.1119142421126135,0.008260336917835759,-0.011591117933092112,-3.2345664428710936,2.1404162841796874,-7.682993127441406,-0.1028545177511162,-0.008393568158446012,-0.007727411955394742,3.35188232421875,0.28969840087890625,8.736441857910156,-0.026646248122050836,-0.017186830038722786,0.007194486992953725
1708194427.4891207,-1.7501614135742187,1.0438719238281249,-10.192116467285155,0.1151117918872596,0.007061255752343471,-0.013856049023466432,-3.27526787109375,2.04943662109375,-7.955932116699218,-0.1151117918872596,-0.012656967857974145,-0.0021316998497640663,3.3207577026367185,0.26336218261718747,8.614337573242187,-0.02744563556571236,-0.018252679963604822,0.006928024511733216
1708194427.5235085,-1.7836802368164062,1.0845733520507812,-10.204087475585936,0.11098162342834172,0.004529862180748642,-0.015854517632620246,-3.268085266113281,2.1835119140624997,-7.764395983886718,-0.11311332327810578,-0.008793261880276773,-0.0058621745868511835,3.366247534179687,0.24660277099609373,8.729259252929687,-0.02371516082862524,-0.015588055151399738,0.006661562030512709
1708194427.5577571,-1.707065783691406,1.0582371337890624,-10.172962854003906,0.11457886692481858,0.003863705977697371,-0.0127901990985844,-3.323151904296875,2.243366955566406,-7.697358337402343,-0.10432006139782901,-0.01438897398590745,-0.010658499248820334,3.356670727539062,0.39264907226562495,8.70771143798828,-0.023182235866184224,-0.02851148549059439,0.010392036767599824
1708194427.5925934,-1.8770541015625,1.1372457885742187,-10.194510668945313,0.11404594196237756,0.0037304747370871167,-0.013856049023466432,-3.323151904296875,2.0254946044921875,-7.922413293457031,-0.11258039831566477,-0.00479632466196915,-0.006794793271122962,3.392583752441406,0.1292868896484375,8.686163623046875,-0.018385911204215073,-0.020517611053979142,0.005595712105630674
1708194427.6279933,-1.9033903198242186,1.1348515869140625,-10.268730920410155,0.10964931102223918,0.007194486992953725,-0.010125574286379316,-3.3446997192382812,2.020706201171875,-7.874529260253905,-0.12030781027105951,-0.0039969372183076245,0.00013323124061025415,3.3782185424804685,0.2657563842773437,8.650250598144531,-0.01851914244482533,-0.018785604926045835,0.006928024511733216
1708194427.6706748,-1.6639701538085936,0.9959878906249999,-10.263942517089843,0.10938284854101867,0.00866003063966652,-0.01052526800821008,-3.2537200561523436,2.3415292236328122,-7.7763669921875,-0.11098162342834172,-0.011058192970651094,-0.008260336917835759,3.356670727539062,0.488417138671875,8.695740429687499,-0.028111791768763626,-0.018918836166656093,0.01052526800821008
1708194427.7090158,-1.6472107421875,1.0797849487304687,-10.127473022460936,0.11018223598468019,-0.0009326186842717792,-0.017186830038722786,-3.2824504760742186,2.0781670410156248,-7.860164050292968,-0.09552679951755223,-0.002531393571594829,-0.012523736617363892,3.3542765258789062,0.11731588134765625,8.743624462890624,-0.026513016881440577,-0.017719755001163805,0.012390505376753637
1708194427.7462378,-1.9800047729492187,1.1324573852539062,-10.20169327392578,0.11671056677458265,0.004263399699528133,-0.01372281778285618,-3.239354846191406,1.9919757812499999,-7.881711865234375,-0.10778407365369562,-0.015854517632620246,-0.0026646248122050836,3.361459130859375,0.17477672119140625,8.626308581542968,-0.028245023009373885,-0.012390505376753637,0.005196018383799912
1708194427.7803183,-1.7884686401367187,1.0941501586914062,-10.223241088867187,0.09832465557036758,0.002797856052815337,-0.010658499248820334,-3.268085266113281,2.1643583007812497,-7.773972790527344,-0.11591117933092111,-0.007860643196004996,-0.005062787143189658,3.3303345092773435,0.430956298828125,8.731653454589843,-0.01945176112909711,-0.024781010753507273,0.008127105677225504
1708194427.8160279,-1.7214309936523438,1.0366893188476562,-10.144232434082031,0.11111485466895196,-0.002264931090374321,-0.014788667707738212,-3.3782185424804685,2.24097275390625,-7.754819177246094,-0.09472741207389071,-0.006794793271122962,-0.015588055151399738,3.423708374023437,0.316034619140625,8.693346228027343,-0.03130934154340973,-0.005329249624410167,0.007993874436615249
1708194427.850105,-1.7836802368164062,1.1707646118164061,-10.213664282226562,0.12390505376753637,0.01372281778285618,-0.017986217482384312,-3.356670727539062,2.0925322509765625,-7.912836486816405,-0.10112251162318292,-0.008260336917835759,-0.006128637068071691,3.4332851806640625,0.16519991455078123,8.760383874511719,-0.03064318534035846,-0.022782542144353463,0.009326186842717792
1708194427.8858793,-1.8243816650390623,1.1109095703125,-10.149020837402343,0.06235222060559895,-0.004130168458917879,-0.0075941807147844875,-3.239354846191406,2.118868469238281,-7.733271362304687,-0.1119142421126135,-0.012923430339194655,-0.0074609494741742334,3.31357509765625,0.26815058593749996,8.678981018066406,-0.02131699849764067,-0.018918836166656093,0.006261868308681946
1708194427.919918,-1.8004396484374998,1.0582371337890624,-10.115502014160155,0.1488192957616539,0.019984686091538122,-0.018652373685435583,-3.229778039550781,2.0829554443359375,-7.886500268554687,-0.10338744271355724,-0.006661562030512709,-0.006794793271122962,3.323151904296875,0.22505495605468748,8.597578161621094,-0.036505359927209644,-0.0075941807147844875,0.006528330789902454
1708194427.9541159,-1.8267758666992187,0.9121908325195311,-10.302249743652343,0.0750091884635731,-0.0075941807147844875,-0.007993874436615249,-3.27526787109375,2.1930887207031247,-7.81467421875,-0.11777641669946469,-0.01705359879811253,-0.006661562030512709,3.3303345092773435,0.36631285400390623,8.662221606445312,-0.027045941843881597,-0.01958499236970736,0.006528330789902454
1708194427.9882846,-1.6639701538085936,1.0438719238281249,-10.228029492187499,0.12417151624875687,0.012656967857974145,-0.010791730489430587,-3.2728736694335936,2.221819140625,-7.785943798828124,-0.10418683015721876,0.002264931090374321,-0.013989280264076687,3.3590649291992185,0.3016694091796875,8.702923034667968,-0.024114854550456002,-0.01505513018895872,0.00985911180515881
1708194428.022849,-1.7286135986328124,1.0821791503906248,-10.220846887207031,0.10565237380393155,0.0039969372183076245,-0.012923430339194655,-3.3590649291992185,2.123656872558594,-7.860164050292968,-0.11697702925580315,-0.011591117933092112,-0.0037304747370871167,3.373430139160156,0.19153613281249998,8.66940421142578,-0.028644716731204646,-0.02131699849764067,0.008926493120887028
1708194428.0568302,-1.8411410766601561,1.0749965454101562,-10.249577307128906,0.10591883628515206,0.0021316998497640663,-0.013989280264076687,-3.327940307617187,2.0973206542968748,-7.862558251953125,-0.11644410429336215,-0.007061255752343471,-0.004396630940138387,3.402160559082031,0.18914193115234373,8.662221606445312,-0.02105053601642016,-0.02531393571594829,0.009326186842717792
1708194428.0909367,-1.7741034301757812,1.16837041015625,-10.129867224121092,0.11777641669946469,0.008926493120887028,-0.014655436467127957,-3.2824504760742186,2.1595698974609374,-7.845798840332031,-0.1055191425633213,-0.011591117933092112,-0.004929555902579405,3.411737365722656,0.28012159423828126,8.67658681640625,-0.02571362943777905,-0.015854517632620246,0.008526799399056265
