1708199298.060091,-7.764395983886718,1.9704279663085937,-3.938461730957031,-0.36998315517467584,-0.828698316595781,0.13149923448232087,-7.273584643554687,2.291250988769531,4.563348364257812,-0.5020153146194377,0.48309647845278164,-0.5747595719926364,-8.781931689453124,1.3383587280273437,-0.4261678955078125,-0.18066156226750466,-0.03317457891195329,0.2924425731395079
1708199298.0982573,-8.86094034423828,0.15322890625,-3.890577697753906,-0.07847320071943971,-0.8185727423094016,0.2792526803190927,-8.767566479492187,1.2569558715820313,5.961562133789062,-1.198814703011067,0.8505482400558625,-0.7333047483188389,-9.962273107910155,0.2657563842773437,0.5889736083984375,0.20850689155504776,-0.032508422708902016,0.2548713632874162
1708199298.1366076,-9.495403784179686,0.07900865478515624,-2.7724855224609373,0.6173935689879179,-0.6335145491017585,0.44552526860068997,-9.677363110351562,0.6105214233398437,6.268019946289062,-0.7147856058740136,0.4563169990901205,-1.2398499251190251,-9.710881933593749,1.6639701538085936,0.9002198242187499,0.4585819301804948,-0.2231623280221757,0.1970490048625659
1708199298.18047,-9.239224206542968,1.209071838378906,-2.1883003173828124,0.6994640132038344,-0.5764915781205697,0.3647871367908759,-9.45470235595703,1.2617442749023438,5.45877978515625,0.4188790204786391,-0.223828484225227,-1.0759754991684125,-9.102754711914063,2.521094348144531,0.74699091796875,0.3613231245350093,-0.2705926496794262,0.1505513018895872
1708199298.2194414,-8.798691101074219,1.656787548828125,-2.1715409057617188,0.42567381374976204,-0.5680980099621237,0.30096937253856415,-8.975862023925782,2.2290017456054687,5.224148022460938,0.6120643193635077,-0.3293476267885483,-0.6420413485008148,-9.03332286376953,2.123656872558594,1.0414777221679687,0.27072588092003647,-0.21143797884847337,0.18439203700459178
1708199298.2589624,-9.129090930175781,1.4317325927734375,-2.346317626953125,0.38970137878499345,-0.31362634039653825,0.33894027611248656,-9.299079248046874,2.35589443359375,5.475539196777343,0.06115313944010666,-0.13149923448232087,-0.431935682058444,-9.528922607421874,1.89620771484375,0.9744400756835937,0.3795758044986141,-0.1786630936583508,0.22276263430034499
1708199298.299573,-9.035717065429687,1.3407529296874998,-2.3295582153320313,0.5060122518377453,-0.08366921910323963,0.3272159269387842,-8.947131604003905,1.70467158203125,5.370194323730469,0.08127105677225505,-0.20064624835904277,-0.23049004625573968,-9.083601098632812,2.3032219970703123,0.47165772705078124,0.4159479331852135,-0.22596018407499108,0.21836600336020656
1708199298.338197,-8.327033374023436,1.6256629272460936,-2.4779987182617185,0.368517611527963,-0.009059724361497283,0.2447457890010369,-8.231265307617187,1.678335363769531,4.92247861328125,0.3849050541230243,-0.32854823934488675,-0.05249310880044014,-8.389282617187499,2.5258827514648434,-0.016759411621093748,0.19878101099049922,-0.19251914268181727,0.18812251174167888
1708199298.3789554,-8.40125362548828,1.656787548828125,-3.0238766967773434,0.1264364473391312,0.02624655440022007,0.15414854538606407,-8.238447912597655,1.5227122558593749,4.678270043945313,0.28618070483082597,-0.3362756513002815,0.044765696845045395,-8.813056311035156,2.2481553588867187,-0.1388636962890625,0.02131699849764067,-0.11817611042129544,0.13496324673818746
1708199298.417457,-8.55448253173828,1.678335363769531,-2.901772412109375,0.08353598786262936,0.06368453301170149,0.07487595722296284,-8.36294639892578,1.5442600708007812,4.582501977539062,-0.03890352225819422,-0.24367993907615484,0.07780704451638844,-8.870517150878905,2.3487118286132813,0.2657563842773437,-0.02744563556571236,-0.06834762643306039,0.09605972447999325
1708199298.4560194,-8.482656481933594,1.8100164550781248,-2.5570073730468748,0.17253445659027913,0.13816079651283356,0.007194486992953725,-8.25520732421875,1.3096283081054687,4.855440966796874,-0.1712021441841766,0.0033307810152563544,0.15801225136376143,-8.82263311767578,2.8945898071289062,0.7015010864257812,-0.029310872934255914,-0.04170137831100955,0.05022817771006582
1708199298.4945147,-8.640673791503906,2.327164013671875,-2.3439234252929686,0.12497090369241841,0.20091271084026327,-0.07780704451638844,-8.298302954101562,1.2018892333984375,5.549759448242187,-0.10005666169830088,0.1500183769271462,0.2684609498296621,-8.949525805664061,3.306392492675781,0.7445967163085937,-0.16374119471000237,0.0009326186842717792,-0.0010658499248820332
1708199298.5340145,-9.330203869628905,2.398990063476562,-2.683900061035156,0.03930321598002497,0.23741807076747293,-0.12257274136143384,-9.191340173339842,0.7302315063476562,7.709329345703124,0.4361990817579721,0.04783001537908124,0.39183307863475747,-10.120290417480469,3.1292215698242187,1.0438719238281249,-0.1697366005374638,-0.0029310872934255917,-0.049828483988235056
1708199298.5728688,-10.20169327392578,2.5905261962890624,-2.710236279296875,0.11377947948115706,0.3489326191582557,-0.06275191432742971,-9.991003527832031,2.6503812377929687,8.564059338378906,0.24714395133202147,-0.338140888668825,0.6564303224867223,-10.556035119628906,3.411737365722656,1.62805712890625,-0.11564471684970061,-0.11764318545885442,-0.03703828488965066
1708199298.611418,-9.89523546142578,2.9281086303710935,-2.094926452636719,0.07847320071943971,0.5930122519562413,-0.09605972447999325,-10.958260998535156,4.371812231445312,8.547299926757812,-0.9835130181848963,-1.392133233136546,1.1092833093209762,-10.058041174316406,4.570530969238281,2.0781670410156248,-0.27339050573224155,-0.3334777952474662,0.028644716731204646
1708199298.6500053,-9.495403784179686,4.029441394042968,-2.4349030883789062,-0.6696202153071374,0.9003767240440976,-0.43406738190820804,-10.1131078125,5.394136340332031,7.8338278320312495,-1.1992143967328979,-2.59454517964409,1.5905145504052143,-9.356540087890625,4.716577270507813,1.0582371337890624,-0.6921362949702704,-0.5233323131170784,0.05102756515372735
1708199298.6878557,-8.813056311035156,3.189076611328125,-4.259284753417968,-1.0449326201062235,1.1210076584946784,-0.6774808585031424,-9.131485131835937,5.085284326171875,7.266402038574219,-1.0503951009712438,-3.011958656476016,2.9532036793668937,-9.452308154296874,4.340687609863281,-1.0031704956054688,-0.9705895878457016,-0.6168606440254767,0.07167840744831674
1708199298.7256768,-7.419630944824219,3.0933085449218747,-6.629544396972656,-1.2461117934277073,1.1671056677458265,-0.8609402768234624,-5.255272644042968,4.560954162597656,6.438008264160156,-0.5702297098118878,-2.190588058113799,3.004764169483062,-8.224082702636718,3.6080619018554687,-1.659181750488281,-1.2165344580122308,-0.6400428798916611,0.017186830038722786
1708199298.7681527,-5.293579870605469,2.849099975585937,-6.332663391113281,-1.106485453268161,1.3826738150532176,-0.9596646261156607,-3.763685009765625,5.219359619140625,7.8362220336914055,-0.6585620223364863,-1.4170474751306632,3.0107595753105234,-7.024587670898437,2.9089550170898435,-2.0063409912109376,-1.3888024521212894,-0.5229326193952476,-0.05129402763494785
1708199298.8069012,-4.036623999023437,0.1005564697265625,-5.137956762695312,-0.7476937223047463,1.5063124063395337,-1.051061257174295,-1.936909143066406,3.8043864379882812,8.717288244628906,0.5878162335724414,-2.0500290992699806,3.0715130210287995,-5.219359619140625,2.152387292480469,-1.944091748046875,-1.3967963265579046,-0.44858958713472574,-0.08846554376520875
1708199298.8455427,-2.2074539306640624,1.2138602416992186,-5.832275244140624,-1.1373951010897398,1.6420750405213824,-0.853346096108678,0.4429273071289062,4.1563340820312495,8.640673791503906,-0.16573966331915618,-2.5896156237415098,3.3812756554476406,-4.453215087890625,0.07422025146484375,-2.6503812377929687,-1.44156202340295,-0.16560643207854595,-0.0430336907171121
1708199298.884445,-0.6536170532226562,1.4101847778320311,-5.985504150390625,-0.7736738142237459,1.9566339996021929,-0.2808514552064158,5.183446594238281,2.722207287597656,10.103531005859374,0.7174502306862187,-2.8230367572906756,2.976918840195519,-3.8235400512695312,0.7589619262695312,-2.607285607910156,-0.7017289442942086,0.37904287953617305,0.23475344595526784
1708199298.922276,0.10773907470703124,3.423708374023437,-8.149862451171874,-0.680411945796568,2.5018162361793523,0.47803369130959195,7.745242370605468,4.367023828124999,11.918335864257811,0.6860076579021986,-3.2575038329207144,3.217401229497028,-5.293579870605469,0.6081272216796875,-4.225765930175781,-0.03011026037791744,1.2880796342199372,0.624321593499651
1708199298.960805,0.8930372192382812,6.888118176269531,-10.654197387695312,-0.8168407361814682,3.1028223625722093,1.7908943362830365,12.648567370605468,5.664681127929687,16.903063720703123,-0.9224931099853999,-3.971889745072897,3.7840336958124388,-5.817910034179687,6.275202551269531,-5.128379956054687,0.6191255751158511,2.6768820863412266,1.4427611045684423
1708199298.998958,-0.5386953735351562,11.372457885742186,-13.943830468749999,-1.4062557446412327,4.045566621130368,2.538721289828393,11.288660827636718,6.756437084960937,19.61270144958496,-0.017453292519943295,-4.365721292316808,2.287713632518674,-10.244788903808594,7.630320690917968,-5.628768103027343,1.5969096499545063,4.120575809593941,2.192186833001122
1708199299.0367877,-4.295197778320312,11.02529864501953,-19.014749584960935,-1.15844563710616,4.365588061076198,3.1906217501343668,9.406818322753905,12.198457458496094,19.61270144958496,-0.2063751917052837,-4.365721292316808,3.230058197355002,-15.823278771972655,10.005368737792969,-7.343016491699219,1.920128639674983,4.365588061076198,2.383240432036226
1708199299.0747175,-5.5641246582031245,12.67250938720703,-19.6133,-1.4318361428384014,4.365588061076198,3.2028790242705103,9.0788126953125,12.43069501953125,19.61270144958496,0.1217733539177723,-4.365721292316808,3.069781014900866,-16.63251893310547,13.280636608886718,-8.240842114257813,1.6486033713112849,4.365588061076198,2.4891592683213783
1708199299.112692,-4.125209460449218,13.45780753173828,-19.6133,-1.5921133252925372,4.365588061076198,2.912301688499546,9.052476477050782,13.766659545898436,19.61270144958496,0.8557442584396625,-4.365721292316808,3.661194491969784,-16.86236229248047,12.299013928222655,-10.716446630859375,1.2128039832751436,4.365588061076198,2.503015317344845
1708199299.151105,-2.6336218261718747,13.2159931640625,-19.6133,-1.973154673437864,4.365588061076198,2.766280248790707,9.18655177001953,10.548852514648438,17.918205224609373,0.8568101083645445,-4.365721292316808,4.253940281444805,-14.884751721191405,12.411541406249999,-12.401964599609375,0.9659264944243426,4.365588061076198,2.8033185336803577
1708199299.189448,1.5083470458984374,11.786654772949218,-19.6133,-2.2029785634905528,4.365588061076198,2.476369069222794,9.100360510253905,9.483432775878907,14.35802735595703,1.4215773373114118,-4.365721292316808,4.316558964531625,-11.956643090820311,10.340556970214843,-14.331691137695312,0.9340842279184919,4.365588061076198,2.970124046924396
1708199299.2274544,3.6248213134765623,10.122684619140625,-18.71308017578125,-2.4610474765526154,4.365588061076198,2.5116753479845118,6.8976949829101555,6.358999609374999,10.639832177734375,1.2189326203432154,-4.365721292316808,4.288447172762861,-9.437942944335937,9.176974963378905,-15.66047305908203,0.7346370607249415,4.365588061076198,2.8626064357519208
1708199299.2656083,7.4411787597656245,6.330269189453125,-16.129736584472656,-2.04962940554815,4.365588061076198,2.356194490192345,5.465962390136719,5.72693037109375,6.308721374511719,1.9530367561057158,-4.365721292316808,4.166940281326309,-6.818686328125,5.346252307128906,-16.98686077880859,0.5978085766182105,4.365588061076198,2.6024058228400944
1708199299.30345,1.7286135986328124,5.7077767578125,-11.022904443359375,-1.587183769389958,4.365588061076198,2.2753231271419208,0.4525041137695312,2.1691467041015624,3.8762124877929685,1.7341378277830684,-4.365721292316808,4.196251154260565,-2.0733786376953125,8.10197841796875,-13.905523242187499,0.559837673044288,4.365588061076198,2.405356817977529
1708199299.341538,7.575254052734374,5.4013189453125,-3.7804444213867185,-1.5743935702913734,4.365588061076198,1.8616401250470813,-6.2584431396484375,-5.592855078125,-3.162740393066406,1.2503751931272353,-4.365721292316808,4.095661567599823,2.868253588867187,5.633556506347656,-11.578359228515625,1.070912712025223,4.300571215658395,2.223629405785142
1708199299.3809526,6.9527616210937495,3.0980969482421874,3.071760729980469,-1.459415009644724,4.365588061076198,1.457816234757401,-12.215216870117187,-10.144232434082031,-5.272032055664062,0.8723981635159442,-4.365721292316808,2.709656971531349,6.687005236816406,6.6702458251953125,-8.334215979003906,0.6586952535770966,3.441096482481645,1.8653705997841685
1708199299.4194653,4.908113403320312,3.892971899414062,6.739677673339843,-1.5220336927315437,3.0259479367400925,0.8585421144924779,-13.47696114501953,-10.28549033203125,-10.225635290527343,0.08100459429103453,-2.687940279311878,2.493689130502127,6.387730029296875,5.755660791015624,-6.746860278320312,0.391033691191096,2.5395206772720544,1.6977656990964687
1708199299.457408,4.3454760131835934,2.528276953125,8.547299926757812,-1.6683215949216026,1.6772480880424896,0.38210719807020893,-15.761029528808592,-12.50730947265625,-12.306196533203124,0.054091883687763194,-1.0438667701813413,1.6148958674368907,6.619967590332031,4.153939880371094,-6.452373474121093,-0.22622664655621155,1.2636983171882608,1.427972436860704
1708199299.495419,3.9600095458984375,1.2832920898437499,7.206546997070312,-1.3714823908419564,-0.25793568182145205,-0.24714395133202147,-16.072275744628904,-12.018892333984374,-15.0164328125,-0.3092297094563999,1.1146125589453864,1.2950076587316706,4.6639048339843745,2.27927998046875,-7.1395093505859375,-0.4092863711547008,0.6958667697073575,0.9336845341966612
1708199299.5332332,7.287949853515625,-0.9552864624023437,5.91846650390625,-1.0690474746566794,-3.201546711864408,-0.8097794804291248,-19.6133,-19.6133,-19.6133,-0.4082205212298188,2.892317002408008,0.48003215991874576,2.935291235351562,1.158793603515625,-14.882357519531249,-0.8809249629150006,0.34866615667703516,0.6682879029010349
1708199299.571578,10.697293017578124,1.3168109130859373,0.10295067138671875,-1.8224701403076666,-4.365721292316808,-1.3432373678325826,-19.6133,-19.6133,-19.6133,-4.050762639514168,4.365588061076198,-1.8962802476057474,7.864952453613281,-0.0718260498046875,-19.6133,-2.7622833115723995,1.6378116408218544,0.16107656989779728
1708199299.6094134,7.216123803710937,3.289633081054687,-19.6133,-1.7856983178992367,-4.365721292316808,-2.8246355321779983,-19.6133,-10.809820495605468,6.007051965332031,-4.365721292316808,4.365588061076198,-4.365721292316808,-5.700594152832031,0.1149216796875,-2.384624853515625,-0.1476202145961616,2.4818315500878145,-0.1674716694470895
1708199299.6474755,-13.199233752441405,-13.536816186523437,7.074865905761718,2.7380352257813336,-4.365721292316808,-0.28031853024397474,-19.6133,-19.6133,19.61270144958496,-4.365721292316808,4.365588061076198,-4.365721292316808,-3.5601778686523438,-9.509768994140625,19.61270144958496,2.873531397481962,1.2057427275228,-0.25247320095643166
1708199299.6854568,-0.01915361328125,5.925649108886718,19.61270144958496,-0.3068315471254154,-1.413183769152966,-0.006794793271122962,-19.6133,5.944802722167968,19.61270144958496,-0.3464012255866608,4.365588061076198,-3.471206742859562,-4.2880151733398435,15.607800622558592,19.61270144958496,-3.8525145534861096,-0.8044502308047147,-0.12483767245180814
1708199299.7234578,-1.1133037719726562,-1.7573440185546874,5.6766521362304685,-2.6490367570536835,1.2783537536553886,-0.9175635540828204,-11.080365283203124,6.706158850097656,1.2569558715820313,-1.8460520698956817,-4.365721292316808,3.9461761156351183,2.7198130859375,-3.8283284545898435,-6.081272216796875,-2.049229711826319,-0.09699234316426504,-0.585018377519626
1708199299.7615507,5.66946953125,-0.16998831787109375,-7.426813549804687,-2.127702912545759,0.5459816240208216,-0.8802588067119492,13.903129040527343,-11.911153259277343,-16.86715069580078,-4.081405824854526,-2.003531396297002,-2.0781408910387444,1.0319009155273438,0.5219359619140624,-8.037334973144532,-1.9454425753909312,-0.9516707516790455,-0.14082542132503867
1708199299.7998922,2.1308394775390624,3.871424084472656,-0.6009446166992187,0.1398928026407669,0.045032159326265905,0.19478407377219156,5.7077767578125,-7.4770917846679685,5.003881469726562,-0.4960199087919762,4.020918841617471,0.5235987755982988,7.414842541503906,5.552153649902343,-1.9895815795898437,0.9371485464525278,-0.7683445645993358,0.13962634015954636
1708199299.8378751,11.540052001953125,2.473210314941406,0.4333505004882812,0.8430872905816883,0.14122511504686944,0.22622664655621155,8.568847741699217,0.29927520751953124,10.081983190917969,3.1621102646437724,3.3718162373643126,1.2573032176389685,11.781866369628906,4.177881896972656,-2.7844565307617186,-0.1386937214752746,-1.1436569693984218,0.13096630951987984
1708199299.875863,15.306131213378904,3.909731311035156,2.114080065917969,0.495353752588925,0.544649311614719,0.0033307810152563544,5.398924743652343,5.530605834960937,18.468871606445312,-0.7719418080958126,-0.6549647788400095,0.09432771835205994,15.00925020751953,4.228160131835938,-1.0175357055664063,-0.23621898960198062,-1.145921900488796,-0.07274425737319877
1708199299.9138908,12.586318127441405,1.608903515625,3.806780639648437,-0.014522205226517705,1.0611868314606745,0.13589586542245924,3.1555577880859373,-1.7310078002929687,13.273454003906249,0.17026952549990482,-3.1906217501343668,0.36731853036247075,11.21683477783203,1.7956512451171873,0.2537853759765625,-0.1337641655726952,-1.6214241982267934,0.036771822408430146
1708199299.951855,9.473855969238281,2.0183119995117185,4.61602080078125,0.5212006132673143,1.9455758066315414,0.4516539056687616,0.7733271362304687,-1.1516109985351561,7.898471276855468,1.5328254232209741,-2.9877105706849494,1.2991378271905882,9.866505041503906,-0.6560112548828124,-0.105344873046875,0.44725727472862326,-2.7616171553693487,-0.17613170008675602
1708199299.9910235,5.465962390136719,0.44053310546874996,-0.40940848388671874,0.6857411954209782,2.8608744296239874,0.8586753457330881,-1.9823989746093749,-1.0869675537109373,3.6918589599609373,2.121307812996467,-3.913534461685606,1.5209678428066615,4.120421057128906,2.0254946044921875,-5.501875415039062,0.31229402799043576,-2.2424150107111878,-1.1308667702998374
1708199300.0288522,3.5913024902343746,0.6296750366210937,-6.234501123046875,0.5626355290971032,2.9895758080534933,0.8031179183986121,1.0917559570312498,-0.8954314208984374,0.5219359619140624,1.3510980110285875,-3.1218744299794756,1.2262603385767792,-1.24498486328125,-0.40462008056640625,-8.743624462890624,0.7767381327577818,-1.9361163885482136,-1.2603675361730045
1708199300.0667155,5.825092639160156,-1.3287819213867187,-4.841075756835937,1.7342710590236785,3.1222741237013065,0.7634150086967563,4.594472985839843,2.592920397949219,1.1037269653320312,1.144323125601473,-1.7679785628980726,0.9952373673585986,0.9696516723632812,0.4860229370117187,-9.172186560058593,1.3368422682832903,-1.4790000020144316,-1.3514977047504182
1708199300.104741,9.387664709472656,0.9433154541015625,-2.3965958618164063,2.0498958680293704,2.73084073878838,0.3670520678812502,7.714117749023437,3.366247534179687,1.4628572143554686,1.728275653196217,-1.0250811652552956,1.529094948483887,-1.8650830932617186,1.675941162109375,-9.988609326171874,1.2728912727903683,-2.1326324684483384,-1.4460918855836986
1708199300.1428142,8.568847741699217,-0.16759411621093748,-0.16519991455078123,1.5396202164920971,1.8396569703463894,0.3229525272392561,13.57272921142578,0.4070142822265625,3.2513258544921873,3.105620218625025,1.0595880565733513,2.3288820858672428,0.8571241943359375,3.124433166503906,-10.836156713867187,0.2960398166359847,-2.292376725940033,-1.8411225139931022
1708199300.1810083,10.82179150390625,-0.3687070556640625,1.4101847778320311,2.4241424229035746,0.9430107210393789,0.2057090355022324,15.452177514648437,2.0877438476562498,2.001552587890625,2.3246186861677147,1.562535989877061,2.1101163887852055,1.9776105712890624,4.331110803222656,-13.273454003906249,-0.3947641659281831,-1.8869540607630297,-2.5368560524598496
1708199300.219043,12.428300817871094,2.5234885498046875,2.2002713256835937,3.2742909692376063,-0.2912434919740156,-0.08793261880276775,19.61270144958496,-0.7661445312499999,1.35990654296875,1.9692909674601669,2.7029954095008364,2.2141699877018137,0.16998831787109375,8.233659509277343,-14.305354919433594,-0.3909004599504857,-2.710456358975011,-3.142525272274065
1708199300.2572792,9.540893615722656,4.1563340820312495,1.5370774658203123,3.8315972487102994,-2.3881699879388063,-0.33933996983431736,19.61270144958496,-2.04943662109375,0.7661445312499999,3.418313940337291,3.5713966357984734,2.3668529894411656,-2.887407202148437,8.688557824707031,-12.521674682617187,-0.4777672288283714,-3.2339219033326994,-3.51743798335132
1708199300.2952926,9.945513696289062,8.29351455078125,-0.32082302246093747,3.2617672326202425,-4.365721292316808,-0.6750826961721579,13.503297363281249,-4.80755693359375,1.4963760375976562,4.365588061076198,3.22379632904632,1.8080811663217593,-4.067748620605468,8.844180932617187,-12.459425439453124,-0.31735681513362546,-3.7676462532173773,-3.3744808621765174
1708199300.3331006,9.064447485351561,8.674192614746094,-3.0310593017578125,3.3461026079265332,-4.365721292316808,-1.1758989296261033,0.9169792358398436,1.2234370483398436,4.031835595703125,3.434967845413573,2.9242925001544684,-0.2665957124611186,0.40462008056640625,13.73314072265625,-10.984597216796875,-1.2198652390274871,-3.780836146037793,-2.7204487020207795
1708199300.371107,10.256759912109374,10.618284362792968,-3.9719805541992184,3.0520612598997023,-4.365721292316808,-2.335143954175925,1.1731588134765625,4.498704919433593,7.022193469238281,-1.1754992359042726,3.3033353796906417,-0.9103690670898668,-2.8754361938476563,11.722011328125,-9.730035546875,-1.6949678430436537,-3.127336910844496,-2.5329923464821524
1708199300.4095407,6.337451794433593,13.455413330078125,-5.892130285644531,2.572695256184008,-4.365721292316808,-2.3591255774857705,-0.42377369384765623,-7.273584643554687,8.504204296874999,0.955134763934912,2.6993981660043596,0.37371362991176293,-6.524199523925781,10.685322009277343,-9.907206469726562,-1.3522970921940796,-3.4135176156753215,-1.7698438002666164
1708199300.4492886,5.84185205078125,11.420341918945311,-9.85692823486328,1.877627873920312,-4.365721292316808,-1.978750385543495,-3.6463691284179687,-1.6927005737304686,11.152191333007812,3.0668499276074406,2.2428147044330187,0.0063950995492922,-8.090007409667969,9.617508068847656,-8.489839086914062,-1.0553246568738233,-3.3379755022493076,-1.4025252699041457
1708199300.4911835,3.907337109375,9.375693701171874,-12.63420216064453,1.697898930337079,-4.365721292316808,-2.192719757963563,-5.6574985229492185,2.2840683837890623,8.513781103515624,0.10072281790135215,1.890817766740727,-1.4464915793055293,-10.13226142578125,8.010998754882811,-7.6279264892578125,-0.9904410426966294,-3.7194165441164655,-0.9725880564548554
1708199300.5326564,2.099714855957031,7.860164050292968,-11.930306872558592,1.0775742740557357,-4.365721292316808,-1.9398468632853008,-4.735730883789063,-1.0510545288085937,9.87608184814453,-1.4375650861846425,4.347468612353204,-1.419445637461648,-8.322244970703125,4.896142395019531,-7.994239343261718,-1.2339877505321741,-3.4113859158255577,-0.7822006136228021
1708199300.5704875,2.252943762207031,5.61200869140625,-12.81376728515625,0.36585298671575794,-4.365721292316808,-1.4298376742292478,-6.524199523925781,-3.6391865234374996,8.396465222167969,1.010692191269388,4.365588061076198,-2.79918836522144,-9.406818322753905,4.912901806640625,-8.379705810546875,-0.5738269533083648,-3.309730479239934,-0.8692006137412982
1708199300.6087372,1.5107412475585937,9.370905297851563,-10.407594616699217,1.5025819316024462,-4.365721292316808,-1.5973093436763373,-10.919953771972656,4.163516687011718,9.828197814941406,-0.9857779492752706,4.365588061076198,-4.209840740802811,-4.7117888671875,8.532934716796875,-6.9336080078124995,-0.3462679943460506,-2.9437442612835656,-0.383705972957532
1708199300.6465285,2.521094348144531,8.872911352539061,-9.241618408203124,0.6620260345923529,-4.365721292316808,-1.7639816256797651,-12.105083593749999,1.7812860351562498,9.64623848876953,-3.2786876001777445,4.365588061076198,-3.0132909688821186,-4.144363073730468,6.4643444824218745,-5.528211633300781,-0.41354977085422895,-1.8857549795975375,-0.05702297098118878
1708199300.6842284,-1.0103531005859374,7.151480358886718,-8.458714465332031,-0.19838131726866845,-4.365721292316808,-1.8295313960600101,-13.046004846191405,-3.31357509765625,8.966285217285156,-1.9016094972301578,4.365588061076198,-1.2912771839945834,-6.141127258300781,5.805939025878906,-4.012681982421875,-1.6797794816140845,-0.9444762646860918,-0.16707197572525873
1708199300.7219827,-4.223371728515625,4.838681555175781,-7.898471276855468,-0.807781011819971,-4.365721292316808,-1.927989282870988,-18.880674291992186,-0.373495458984375,12.746729638671875,-0.6097993882731333,4.33521133821706,-1.345635530163567,-6.986280444335937,2.750937707519531,0.4644751220703125,-2.088399696565734,-0.4516539056687616,-0.5261301691698937
1708199300.7597082,-8.317456567382813,2.3439234252929686,-6.763619689941406,-0.6167274127848665,-3.712222057123512,-1.5875834631117887,-16.8168724609375,-3.938461730957031,9.988609326171874,-0.26246554400220073,3.023549774409108,-1.1950842282739798,-9.926360083007811,0.28730419921875,2.04943662109375,-1.2882128654605476,-0.2616661565585392,-0.9526033703633173
1708199300.79785,-9.081206896972656,0.17477672119140625,-4.783614916992187,1.159511487031042,-3.040736604447831,-0.871199082350452,-16.335637927246093,-2.243366955566406,11.262324609375,0.8750627883281493,2.210572744205337,-2.4807657001629324,-8.336610180664062,0.34237083740234375,5.961562133789062,-0.136828484106731,-0.6275191432742971,-0.9791163872447578
1708199300.8355584,-9.612719665527344,2.2601263671875,0.7254431030273437,1.7896952551175442,-0.8177733548657401,-0.09499387455511121,-18.193538415527343,1.9871873779296874,14.688427185058593,-2.1981822388285837,2.0737442600986062,-2.3659203707568937,-8.990227233886719,4.0222587890625,8.664615808105468,0.9701898941238708,-0.5122741201464273,-0.5670321600372418
1708199300.8732786,-11.571176623535155,3.191470812988281,-1.180341418457031,1.5829203696904297,0.5170704448083965,0.31589127148691265,-15.567099194335936,-2.300827795410156,12.988544006347656,0.9403460962271739,0.5840857588353543,0.5333246561628474,-10.474632263183594,5.755660791015624,3.2824504760742186,1.805816235231385,-0.528395100260268,-0.384238897919973
1708199300.9109528,-9.734823950195311,4.6351744140625,-4.386177441406249,1.2475773370744199,0.6439065858693583,0.2363522208425909,-11.3772462890625,-2.085349645996094,8.508992700195313,4.037572746693752,-2.3624563585010265,1.8219372153452258,-8.686163623046875,6.153098266601562,-0.229843359375,1.1211408897352888,-0.4310030633741722,-0.26819448734844165
1708199300.948756,-6.629544396972656,4.398148449707031,-5.729324572753906,0.41315007713239815,0.8602741206204112,0.03170903526524049,-8.892064965820312,-0.19153613281249998,6.459556079101562,2.746428793939779,-3.157180708741193,1.9704900486256591,-7.3478048950195305,4.367023828124999,-1.3718775512695311,0.2740566619352928,0.06781470147061937,-0.19531699873463262
1708199300.9870791,-5.674257934570313,2.806004345703125,-6.519411120605469,0.4014257279586958,1.1271362955627502,0.1340306280539157,-6.028599780273437,-1.927332336425781,6.054935998535156,1.75065850161874,-2.570163862612413,1.7032281799614892,-7.570465649414062,2.020706201171875,-1.7357962036132812,0.5874165398506107,0.5359892809750525,-0.24487902024164715
1708199301.0250082,-6.306327172851562,2.0278888061523435,-6.141127258300781,0.994970904877378,0.9684578879959376,0.528928025222709,-6.021417175292968,-2.6503812377929687,6.754042883300781,2.8668698354514492,-1.0249479340146852,1.5938453314204706,-8.86094034423828,2.4205378784179685,-1.2234370483398436,0.9134333856239025,0.6878728952707422,-0.19291883640364801
1708199301.0628238,-7.319074475097656,2.8275521606445313,-5.547365246582031,1.2136033707188052,0.8208376733997759,0.6248545184620921,-7.266402038574219,-0.6919242797851562,6.246472131347656,3.0450000041473593,-0.14295712117480272,0.8284318541145604,-8.844180932617187,3.5146880371093747,-0.07422025146484375,0.8464180715969447,0.6721516088787323,-0.14695405839311035
1708199301.100902,-7.934384301757812,1.924938134765625,-4.742913488769531,0.9127672294208513,0.7482266472671875,0.536255743456273,-8.465897070312499,0.3711012573242187,5.698199951171874,1.7443966333100578,-0.6649571218857785,0.32788208314183553,-8.616731774902343,3.2561142578125,0.316034619140625,0.7114548248587573,0.7039938753845829,-0.2805849927251953
1708199301.1389558,-7.750030773925781,1.9895815795898437,-4.814739538574218,0.944609495926702,0.6526998477496352,0.45871516142110513,-8.010998754882811,-0.09337386474609374,4.766855505371093,1.240782543803297,-0.968191425514717,0.39303215980024975,-9.409212524414063,3.229778039550781,-0.02633621826171875,0.6509678416217018,0.6051362948517744,-0.33933996983431736
1708199301.1771224,-8.279149340820313,2.224213342285156,-5.044582897949218,0.7462281786580336,0.22516079663132954,0.3562603373918196,-7.331045483398437,-0.411802685546875,4.333505004882812,1.6095666178124806,-1.2199984702680975,0.3340107202099072,-9.313444458007812,3.191470812988281,-0.5027823486328125,0.6131301692883896,0.32774885190122527,-0.36745176160308096
1708199301.2157595,-7.161057165527343,1.7429788085937499,-5.336675500488281,0.8605405831016316,-0.18452526824520202,0.26406431888952375,-6.217741711425781,-0.6631938598632812,3.6559459350585937,1.7459954081973807,-0.7762052077953407,-0.09352833090839843,-8.719682446289061,2.6623522460937497,-1.2976572998046874,0.6953338447449164,0.2531393571594829,-0.42900459476501845
1708199301.253894,-7.134720947265625,1.7405846069335937,-5.604826086425781,1.076641655371464,-0.5029479333037095,0.20730781038955548,-6.189011291503906,0.031124621582031248,3.801992236328125,1.7595849947396267,-0.22689280275926285,-0.6757488523752091,-8.827421520996094,2.9640216552734375,-2.0063409912109376,0.6004732014304155,0.2627320064834212,-0.5214670757485348
1708199301.291698,-7.532158422851562,2.1021090576171875,-6.2584431396484375,1.0621194501449462,-0.8585421144924779,0.13096630951987984,-7.252036828613281,1.467645617675781,4.055777612304687,0.9308866781438458,0.12377182252692612,-1.1437902006390321,-9.744400756835937,3.1124621582031247,-1.9919757812499999,0.49775191491990955,0.17413323147760218,-0.6215237374468356
1708199301.3296545,-8.44674345703125,2.5905261962890624,-5.97592734375,0.8878529874267338,-1.1180765712012528,-0.000799387443661525,-8.303091357421874,2.427720483398437,4.158728283691406,-0.42900459476501845,0.42460796382488003,-1.304200614333778,-10.062829577636718,3.5338416503906247,-1.5227122558593749,0.1596110262510845,0.049828483988235056,-0.5607702917285597
1708199301.367584,-8.647856396484375,2.4971523315429685,-5.025429284667968,0.5762251156393492,-1.0779739677775664,-0.19278560516303778,-9.026140258789061,3.4668040039062498,4.73094248046875,-1.9084042905012808,0.5816875965043696,-1.2138698332000257,-9.18655177001953,3.2728736694335936,-0.8547299926757812,-0.07927258816310122,0.005595712105630674,-0.4833629409340021
1708199301.40599,-8.657433203124999,2.5139117431640625,-4.129997863769531,0.08180398173469605,-1.192419603461775,-0.44166156262299255,-9.188945971679686,2.090138049316406,5.303156677246093,-2.092130171302821,1.0553246568738233,-0.8693338449819084,-9.871293444824218,3.1100679565429687,-0.258573779296875,-0.2328882085867243,-0.25567075073107776,-0.45152067442815136
1708199301.4440405,-8.341398583984375,2.4875755249023435,-3.380612744140625,0.2334211335491653,-1.1006232786813097,-0.5225329256734168,-9.265560424804686,0.6751648681640625,6.189011291503906,-0.1633415009881716,1.3834732024968792,-0.5710290972555493,-9.763554370117188,2.540247961425781,-0.11731588134765625,-0.2923093418988976,-0.42980398220867994,-0.4399295564950592
1708199301.4819999,-8.827421520996094,1.407790576171875,-3.2609026611328122,0.13722817782856178,-0.9901745802154089,-0.521067382026704,-9.562441430664062,1.2210428466796874,6.579266162109374,1.2283920384265434,1.4198453311834787,-0.6407090360947123,-9.674968908691406,1.6998831787109374,-0.296881005859375,-0.24687748885080096,-0.4508545182251001,-0.4559173053682897
1708199301.5206695,-9.160215551757812,0.9552864624023437,-3.6463691284179687,0.3567932623542607,-0.8596079644173599,-0.4507212869844898,-9.744400756835937,1.70467158203125,6.330269189453125,1.511241962242113,1.2702266479781632,-0.7651470148246896,-9.782707983398437,1.2138602416992186,-0.47644613037109373,0.09579326199877274,-0.5573062794726932,-0.4260735074715928
1708199301.5644982,-8.779537487792968,1.1133037719726562,-3.5290532470703124,0.7371684542965362,-0.6629586532766247,-0.30296784114771796,-9.251195214843749,2.0278888061523435,6.098031628417968,1.2746232789183016,1.1672388989864366,-0.7755390515922894,-9.277531433105468,1.5442600708007812,-0.5530605834960938,0.3178897400960664,-0.5271960190947758,-0.39036753498804466
1708199301.6037607,-8.767566479492187,1.7094599853515624,-3.5482068603515624,0.7051929565500753,-0.5779571217672825,-0.24447932651981638,-9.332598071289063,0.2753331909179687,9.244012609863281,2.8907182275206846,-0.23102297121818072,-0.816174579978417,-9.167398156738281,1.5322890624999999,-0.6464344482421874,0.33414395145051745,-0.392632466078419,-0.3150918840432511
1708199301.642234,-9.0021982421875,1.3814543579101561,-4.000710974121094,0.5561071983072009,-0.3719816237838296,-0.0433001531983326,-9.05965908203125,3.890577697753906,5.576095666503906,2.090531396415498,-0.2508744260691086,-0.40195865292113686,-9.382876306152344,1.7669208251953124,-0.9888052856445312,0.43952986277322853,-0.29111026073340535,-0.15241653925813076
1708199301.681032,-8.657433203124999,2.1547814941406247,-4.108450048828125,0.7824670761040227,-0.1360290966630695,0.0747427259823526,-8.94473740234375,3.3399113159179685,4.7022120605468745,0.2740566619352928,0.06288514556803997,-0.13243185316659264,-9.411606726074218,2.501940734863281,-1.158793603515625,0.2901776420491336,-0.16613935704098695,-0.011990811654922875
1708199301.719143,-8.89924757080078,2.214636535644531,-3.8953661010742184,0.05915467083095285,-0.10991577350345969,0.0005329249624410166,-8.927977990722656,2.3918074584960936,4.604049792480469,-0.3682511490467425,0.07767381327577817,-0.10245482402928546,-9.550470422363281,2.346317626953125,-1.0031704956054688,-0.22249617181912446,-0.049029096544573526,0.07727411955394742
1708199301.7572076,-8.947131604003905,1.3024457031249999,-3.7205893798828122,-0.3093629406970102,-0.08047166932859352,-0.041035222107958284,-9.093177905273437,2.3343466186523436,4.505887524414062,-0.8107120991133967,-0.009725880564548555,0.10058958666074189,-9.507374792480467,1.388636962890625,-0.6009446166992187,-0.4688407357074844,0.018252679963604822,0.08939816244948055
1708199301.7953007,-8.825027319335938,0.7541735229492187,-3.27526787109375,-0.39862787190588045,-0.0019984686091538122,-0.04263399699528134,-8.992621435546875,1.9656395629882812,4.376600634765625,-0.9259571222412665,-0.06355130177109124,0.11711026049641342,-9.382876306152344,0.8379705810546875,-0.3327940307617187,-0.4383307816077362,0.06301837680865022,0.10725114869125461
1708199301.8335576,-8.571241943359375,0.296881005859375,-3.189076611328125,-0.280984686447026,0.08966462493070106,-0.004663093421358896,-8.74601866455078,1.5035586425781249,3.9743747558593747,-0.8813246566368313,-0.08673353763727547,0.17906278738018158,-9.241618408203124,0.59376201171875,-0.4477157104492187,-0.33414395145051745,0.049029096544573526,0.14015926512198737
1708199301.8713949,-8.832209924316405,0.17238251953125,-3.2321722412109373,-0.2671286374235596,0.07634150086967564,0.010658499248820334,-9.062053283691405,1.1540052001953125,4.055777612304687,-0.31495865280264085,-0.17546554388370472,0.14602143970883857,-9.672574707031249,0.40222587890625,-0.6655880615234374,-0.27538897434139537,0.06381776425231174,0.13123277200110037
1708199301.9100122,-9.160215551757812,-0.07422025146484375,-3.450044592285156,-0.15827871384498196,0.0671485452675681,0.0255803981971688,-9.241618408203124,1.467645617675781,3.775656018066406,-0.05249310880044014,-0.22889127136841667,0.09166309353985486,-9.749189160156249,0.2753331909179687,-0.6655880615234374,-0.17626493132736626,0.10418683015721876,0.06994640132038345
1708199301.9491663,-9.047688073730468,-0.16280571289062498,-3.3303345092773435,0.07007963256099368,0.11591117933092111,0.040901990867348026,-9.255983618164063,1.6352397338867186,3.497928625488281,-0.07141194496709623,-0.21516845358556047,0.05156049011616837,-9.567229833984374,0.4644751220703125,-0.4908113403320312,-0.05542419609386573,0.12270597260204408,0.040768759626737774
1708199301.9878645,-8.971073620605468,0.08858546142578125,-3.227383837890625,0.14175804000931044,0.14522205226517704,0.025180704475338038,-9.157821350097656,1.6998831787109374,3.5146880371093747,-0.009059724361497283,-0.15588055151399735,0.07594180714784488,-9.540893615722656,0.6464344482421874,-0.3184288208007812,-0.02011791733214838,0.1636079634693921,-0.013589586542245924
1708199302.0262673,-8.980650427246093,0.1484405029296875,-2.9927520751953125,0.1461546709494488,0.19251914268181727,-0.005196018383799912,-9.160215551757812,1.9991583862304687,3.5146880371093747,0.0039969372183076245,-0.08833231252459851,0.1566799389576589,-9.433154541015625,0.6967126831054687,-0.181959326171875,-0.027978560528153375,0.22023124072875014,-0.04263399699528134
1708199302.0640569,-8.911218579101561,0.20829554443359374,-2.9759926635742184,0.14002603388137713,0.2598009191899956,-0.04836294034152226,-9.373299499511718,1.7980454467773437,3.6367923217773437,-0.018385911204215073,-0.05182695259738887,0.2721914245667493,-9.564835632324218,0.7350199096679687,-0.2154781494140625,-0.014655436467127957,0.23994946433906775,-0.07794027575699868
1708199302.101726,-9.054870678710937,0.15322890625,-2.9975404785156248,0.19198621771937624,0.31189433426860497,-0.07967228188493199,-9.30147344970703,1.5275006591796874,3.794809631347656,0.07101225124526546,-0.01985145485092787,0.3401393572779789,-9.674968908691406,0.8858546142578124,-0.1388636962890625,-0.021983154700691936,0.25527105700924696,-0.10938284854101867
1708199302.1394753,-9.121908325195312,0.39983167724609375,-3.1004911499023438,0.1537488516642333,0.34400306325567626,-0.11910872910556722,-9.279925634765624,1.5634136840820312,3.806780639648437,0.11178101087200323,-0.062085758124378436,0.3713154675807783,-9.600748657226562,0.9337386474609375,-0.4740519287109375,-0.06328483928987072,0.2540719758437547,-0.12004134778983899
1708199302.1773028,-9.157821350097656,0.488417138671875,-3.19865341796875,0.08366921910323963,0.31908882126155874,-0.14175804000931044,-9.188945971679686,1.4700398193359374,3.9312791259765625,-0.026113323159609816,0.035972434964768624,0.4168805518694853,-9.816226806640625,0.8667010009765624,-0.6057330200195312,-0.09073047485558308,0.2328882085867243,-0.10818376737552639
1708199302.215441,-9.26316622314453,0.4165910888671875,-3.392583752441406,0.10178866782623419,0.31455895908081005,-0.12790199098584398,-9.184157568359375,1.2114660400390624,4.271255761718749,-0.06128637068071692,0.05529096485325548,0.37424655487420394,-9.81862100830078,0.737414111328125,-0.6416460449218749,-0.05529096485325548,0.232222052383673,-0.11457886692481858
1708199302.2534425,-9.141061938476563,0.4644751220703125,-3.3207577026367185,0.1625421135445101,0.2833828487780106,-0.10884992357857766,-9.114725720214842,1.120486376953125,4.3239281982421875,-0.029444104174866172,0.049961715228845315,0.2949739667111027,-9.749189160156249,0.8906430175781249,-0.6919242797851562,-0.00985911180515881,0.20437672309612986,-0.11151454839078273
1708199302.2911735,-9.184157568359375,0.5482721801757812,-3.3590649291992185,0.19425114880975056,0.23675191456442166,-0.09512710579572148,-9.062053283691405,1.139639990234375,4.333505004882812,0.031042879062189218,0.0026646248122050836,0.22982389005268844,-9.782707983398437,1.0223241088867188,-0.6248866333007812,0.02571362943777905,0.1765313938085868,-0.11457886692481858
1708199302.3289132,-9.227253198242186,0.74699091796875,-3.3303345092773435,0.21730015343532455,0.20091271084026327,-0.08406891282507037,-9.138667736816405,1.218648645019531,4.3263223999023435,0.0006661562030512709,0.0401026034236865,0.18945482414778142,-9.885658654785155,1.1707646118164061,-0.584185205078125,0.02851148549059439,0.15801225136376143,-0.10498621760088028
1708199302.3667367,-9.217676391601563,0.8044517578125,-3.418919970703125,0.19371822384730955,0.1557473202733871,-0.07780704451638844,-9.095572106933593,1.2737152832031249,4.446032482910156,-0.036505359927209644,0.02531393571594829,0.1494854519647052,-9.727641345214844,1.149216796875,-0.5410895751953124,0.0369050536490404,0.13336447185086442,-0.09899081177341885
1708199302.4044766,-8.810662109374999,0.8475473876953125,-3.181894006347656,0.22422817794705777,0.1476202145961616,-0.057822358424850305,-8.731653454589843,1.2880804931640624,4.458003491210937,-0.05595712105630675,0.035173047521107094,0.13802756527222332,-9.299079248046874,1.2521674682617188,-0.6751648681640625,0.08766615632154724,0.11844257290251595,-0.09845788681097782
