1708241583.3279712,2.7581203125,3.208230224609375,-9.93354268798828,0.1433568148966335,0.0401026034236865,0.11844257290251595,5.331887097167969,7.292738256835937,6.993463049316406,-0.14988514568653594,0.12030781027105951,0.016120980113840753,-8.722076647949219,-0.040701428222656245,-5.272032055664062,0.05129402763494785,-0.009326186842717792,0.062218989364988694
1708241583.3558471,3.009511486816406,3.840299462890625,-10.575188732910156,0.04263399699528134,0.10991577350345969,0.19984686091538126,5.774814404296874,7.702146740722656,8.755595471191405,-0.06728177650817835,0.264730475092575,0.1724012253496689,-8.789114294433594,-0.03591302490234375,-5.341463903808593,0.08726646259971647,0.033041347671343035,0.08300306290018834
1708241583.3832185,3.1603461914062496,3.909731311035156,-10.694898815917968,-0.08393568158446013,0.21197090381091438,0.28005206776275426,5.793968017578124,7.517793212890624,9.239224206542968,-0.1316324657229311,0.16467381339427414,0.2383506894517447,-8.71489404296875,-0.40940848388671874,-5.145139367675781,0.12950076587316706,0.07820673823821919,0.09339509966778817
1708241583.4106114,3.394977954101562,3.9360675292968748,-11.3006318359375,-0.058355283387291325,0.36358805562538365,0.479632466196915,5.736507177734374,7.666233715820312,8.461108666992187,-0.20677488542711447,0.2632649314458622,0.40475650897395216,-8.762778076171875,-0.239420166015625,-5.293579870605469,0.23408728975221654,0.1770643187710278,0.1342970905351362
1708241583.4377754,3.402160559082031,3.9911341674804683,-11.159373937988281,-0.08286983165957809,0.43859724408895673,0.5959433392496668,5.791573815917968,8.099584216308592,9.550470422363281,0.2250275653907193,0.11431240444359807,0.4993506898072326,-8.135497241210937,-0.22744915771484372,-5.590460876464843,0.38970137878499345,0.3068315471254154,0.14535528350578727
1708241583.4663026,3.873818286132812,3.81156904296875,-11.583147631835937,-0.08566768771239343,0.6924027574514909,0.6936018386169831,6.229712719726562,9.390058911132812,10.850521923828124,0.40435681525212136,-0.34813323171459415,0.6621592658329631,-8.348581188964843,0.258573779296875,-6.066907006835937,0.5168039823271758,0.4747029102943356,0.280451761484585
1708241583.4935734,4.611232397460937,4.599261389160156,-11.698069311523437,0.11684379801519292,1.0220168467212598,0.8787932630652365,6.1076084350585935,9.6151138671875,10.864887133789061,0.03770444109270193,-0.5271960190947758,0.6319157742144355,-8.379705810546875,0.8259995727539062,-6.892906579589844,0.5686309349245648,0.6790796333904655,0.40968606487653153
1708241583.5207117,5.3199160888671875,5.166687182617188,-12.502521069335936,0.18066156226750466,1.4847289453606722,0.8501485463340318,6.509834313964843,9.267954626464844,10.87925234375,0.2592679942275546,-1.1676385927082675,0.8388238908821603,-8.240842114257813,0.8164227661132812,-7.510610607910156,0.6360459426733533,0.8961133243445695,0.49721898995746855
1708241583.5478516,5.578489868164062,4.984727856445312,-11.719617126464843,0.3198882087052203,1.6515344586047105,0.993905054952496,6.907271789550781,9.366116894531249,10.251971508789062,0.2676615623860006,-1.0238820840898033,1.2597013799699532,-7.991845141601562,0.33039982910156246,-7.673416320800781,0.561969372894052,1.0850352235299099,0.5309264938318629
1708241583.5751026,6.045359191894531,5.1714755859374995,-11.358092675781249,0.006661562030512709,1.9575666182864644,1.0585222066484692,6.9719152343749995,8.48505068359375,8.40843623046875,0.09939050549524961,-1.2850153156859014,1.180428791806852,-7.943961108398437,0.4644751220703125,-8.37012900390625,0.6415084235383739,1.2776875974523374,0.600739663911636
1708241583.6024168,6.275202551269531,3.67749375,-10.915165368652342,-0.0074609494741742334,2.2983721317674948,0.9727212876954656,6.5026517089843745,8.738836059570312,7.000645654296875,-0.06381776425231174,-1.2703598792187736,1.4073215945661146,-7.8553756469726554,0.45489831542968745,-8.444349255371094,0.7134532934679111,1.4953874446094926,0.654165391396348
1708241583.629725,6.337451794433593,3.0071172851562498,-10.014945544433592,-0.6015390513552976,2.3748468638777807,0.9163644729173281,6.004657763671875,8.451531860351562,5.130774157714844,-0.29830474772635907,-1.3479004612539414,1.5822542134873785,-7.884106066894531,0.23223756103515625,-8.068459594726562,0.7305068922660236,1.659661564281936,0.6516339978247531
1708241583.6577659,5.966350537109375,1.5658078857421873,-9.34696328125,-0.5382542120654268,2.352996940417699,0.7989877499396942,5.679046337890624,6.461950280761719,3.3207577026367185,-0.11990811654922875,-1.2466447183901481,1.676981625561269,-7.941566906738281,0.1867477294921875,-7.831433630371094,0.6937350698575934,1.7218805536469248,0.5982082703400412
1708241583.68499,5.616797094726562,0.603338818359375,-8.576030346679687,-0.6237886685372099,2.195384382775768,0.6841424205336551,5.547365246582031,6.718129858398437,1.0486603271484374,-0.07540888218540386,-0.8213705983622169,1.5133736620918772,-7.781155395507812,-0.08379705810546874,-7.247248425292969,0.6113981631604564,1.636612559656362,0.4873598781523097
1708241583.71215,5.295974072265625,0.1388636962890625,-7.307103466796875,-0.4039571215302906,2.1238392065680616,0.5988744265430924,5.485116003417969,5.260061047363281,1.24498486328125,-0.03477335379927634,-0.2980382852451386,1.5634686085613327,-7.75721337890625,-0.19632453613281248,-6.801926916503906,0.5117411951839862,1.4600811658477753,0.40715467130493677
1708241583.7398052,5.054159704589844,0.34237083740234375,-6.56968935546875,-0.607001532220318,1.8528468631668047,0.5102756515372735,6.45476767578125,3.7708676147460936,3.3327287109375,-0.1540153141454538,-0.07447626350113207,1.52549770498741,-7.364564306640625,-0.3327940307617187,-6.766013891601562,0.5070781017626274,1.3051332330180498,0.38264012303264994
1708241583.7672791,5.4515971801757805,-0.143652099609375,-5.987898352050781,-0.7498254221545105,1.7479938768065346,0.37651148596457823,1.2641384765625,4.012681982421875,0.062249243164062495,-0.8437534467847395,-1.0066952540510805,1.5203016866036103,-7.0269818725585935,0.0,-6.663063220214843,0.47243797920396124,1.1708361424829135,0.37451301735542447
1708241583.794569,5.276820458984375,-0.23702596435546874,-5.231330627441406,-0.5526431860513342,1.3864042897903048,0.224894334150109,5.504269616699219,3.4763808105468748,-2.205059729003906,-0.722912711551239,-0.7170505369643879,1.269027566812671,-6.969521032714844,-0.105344873046875,-6.7803791015625,0.3805084231828859,0.9667258818680042,0.27099234340125694
1708241583.821805,5.705382556152343,-0.3184288208007812,-5.0757075195312495,-0.280451761484585,1.2085405835756156,0.17493261892126372,5.6766521362304685,3.5482068603515624,0.22744915771484372,-0.38677029149156783,-0.26819448734844165,1.0927626354853046,-6.730100866699218,-0.4572925170898437,-6.768408093261718,0.28684686103387724,0.7174502306862187,0.1613430323790178
1708241583.8490098,6.0908490234374995,0.2705447875976562,-4.560954162597656,0.03583920372415837,0.9483399706637891,0.1520168455363,6.658274816894531,1.7357962036132812,1.2808978881835937,0.14375650861846423,0.053026033762881154,0.7310398172284646,-6.555324145507812,-0.5985504150390625,-7.070077502441406,0.18892189918534041,0.4990842273260121,0.03943644722063524
1708241583.8770614,6.4643444824218745,0.7924807495117187,-3.9839515624999997,0.12217304763960307,0.7654134773059103,0.1493522207240949,7.5537062377929685,1.3168109130859373,1.1635820068359375,0.2721914245667493,0.37318070494932193,0.43033690717112094,-6.2392895263671875,-0.6153098266601562,-7.378929516601562,0.15934456376986397,0.3376079637063841,-0.016653905076281773
1708241583.9043543,6.907271789550781,0.3399766357421875,-3.9360675292968748,0.09059724361497283,0.6435068921475277,0.08473506902812164,7.287949853515625,2.501940734863281,1.8219874633789062,0.22942419633085767,0.06661562030512709,0.4258070449903723,-6.023811376953125,-0.5865794067382812,-7.742848168945312,0.13363093433208492,0.14855283328043337,-0.03877029101758396
1708241583.931567,7.3837179199218745,0.689530078125,-3.778050219726562,0.21436906614189893,0.4046232777333419,0.06528330789902453,7.71890615234375,2.1787235107421874,2.849099975585937,-0.08273660041896783,0.050094946469455566,0.30816385953151787,-5.729324572753906,-0.8283937744140625,-8.190563879394531,0.12537059741424916,0.0543583461689837,-0.05102756515372735
1708241583.9586365,8.090007409667969,2.6719290527343746,-3.778050219726562,0.15508116407033584,0.18305972459848924,0.13149923448232087,8.480262280273436,1.8722656982421875,3.797203833007812,-0.5073445642438479,0.29790505400452827,0.14082542132503867,-5.6215854980468745,-0.7278373046875,-8.717288244628906,0.17999540606445338,-0.003863705977697371,-0.019318529888486854
1708241583.985848,8.757989672851561,1.9776105712890624,-4.378994836425781,-0.13469678425696696,0.22449464042827827,0.13496324673818746,15.76342373046875,6.442796667480469,11.506533178710937,-0.5239984693201296,0.28698009227448745,-0.02464777951289702,-5.336675500488281,-0.2825157958984375,-9.370905297851563,0.23475344595526784,-0.0014655436467127959,0.04449923436382489
1708241584.0134587,9.246406811523437,2.389413256835937,-4.438849877929687,0.020650842294589397,0.17972894358323288,0.13296477812903365,10.144232434082031,2.91134921875,5.9783215454101555,-0.20224502324636584,0.2430137828731036,0.1229724350832646,-5.202600207519531,-0.33518823242187495,-9.682151513671874,0.2643307813707443,0.03384073511500456,0.06488361417719378
1708241584.0408173,10.0748005859375,2.6599580444335937,-5.2648494506835934,0.07873966320066021,0.2665957124611186,0.13816079651283356,9.93354268798828,3.778050219726562,5.736507177734374,0.018119448722994567,-0.004663093421358896,0.19638284865951464,-5.073313317871094,-0.24181436767578124,-10.168174450683592,0.23075650873696021,0.10525268008210079,0.07727411955394742
1708241584.0680635,10.433930834960936,3.2154128295898436,-5.351040710449219,0.15974425749169474,0.3641209805878246,0.15747932640132042,10.512939489746094,4.335899206542969,5.863399865722656,-0.07074578876404496,-0.011457886692481857,0.3017687599822257,-5.087678527832031,-0.46208092041015625,-10.39322940673828,0.2226294030597347,0.24314701411371384,0.07873966320066021
1708241584.0963602,10.740388647460938,3.153163586425781,-5.042188696289062,-0.08899846872764978,0.5654333851499187,0.1746661564400432,10.014945544433592,4.015076184082031,5.992686755371094,-0.13349770309147468,-0.16520673835671518,0.48283001597156106,-5.272032055664062,-0.34237083740234375,-10.414777221679687,0.27019295595759546,0.34600153186483,0.136828484106731
1708241584.1235187,10.443507641601562,2.770091320800781,-4.69263525390625,-0.1724012253496689,0.6104655444761846,0.16187595734145882,10.153809240722655,3.3710359375,5.446808776855469,-0.013989280264076687,-0.23741807076747293,0.5924793269938002,-5.137956762695312,-0.49799394531249996,-10.1131078125,0.2677947936266109,0.4302036759305107,0.17053598798112535
1708241584.1507404,10.20169327392578,2.6982652709960937,-4.6255976074218745,-0.06008728951522463,0.6777473209843629,0.17479938768065348,9.90241806640625,3.284844677734375,4.754884497070313,-0.029444104174866172,-0.2258269528343808,0.5798223591358261,-5.097255334472656,-0.2705447875976562,-10.050858569335936,0.26313170020525195,0.506411945559576,0.20810719783321702
1708241584.1779423,9.87608184814453,2.5354595581054684,-4.096479040527344,-0.17786370621468933,0.7327718233563979,0.1264364473391312,9.536105212402344,3.2824504760742186,4.6255976074218745,-0.25220673847521113,-0.19158652399754547,0.6526998477496352,-5.092466931152344,-0.39264907226562495,-9.897629663085937,0.2617993877991494,0.5546416546604881,0.2554042882498572
1708241584.205228,9.718064538574218,2.4396914916992185,-3.6846763549804686,-0.3924992348378088,0.7193154680547622,0.10698468621003408,9.325415466308593,3.366247534179687,4.314351391601562,-0.4978851461605198,-0.22729249648109362,0.725444105122834,-4.809951135253906,-0.32561142578124996,-9.74200655517578,0.26353139392708275,0.6120643193635077,0.30216845370405643
1708241584.232419,9.509768994140625,2.032677209472656,-3.4955344238281247,-0.3963629408155061,0.6701531402695784,0.06621592658329632,9.53131680908203,1.5442600708007812,4.062960217285156,-0.3947641659281831,-0.22302909678156546,0.7255773363634442,-4.920084411621094,-0.5410895751953124,-9.600748657226562,0.2380842269705242,0.6312496180113842,0.3161577339681331
1708241584.2602136,9.466673364257812,2.2936451904296873,-3.394977954101562,-0.35093108776740944,0.6846753454960961,0.07114548248587572,9.380482104492186,1.8124106567382812,3.9528269409179684,-0.18066156226750466,-0.13056661579804907,0.7094563562496033,-4.7117888671875,-0.5961562133789062,-9.655815295410155,0.22449464042827827,0.6355130177109124,0.3340107202099072
1708241584.2876315,9.504980590820312,2.1715409057617188,-3.0334535034179684,-0.41248392092934694,0.6589617160583171,0.07460949474174233,9.291896643066405,1.7836802368164062,4.103661645507812,-0.34173813216530197,-0.08819908128398825,0.705059725309465,-4.611232397460937,-0.6967126831054687,-9.74200655517578,0.2199647782475296,0.6421745797414251,0.3421378258871327
1708241584.316095,9.560047229003906,2.0638018310546875,-2.6599580444335937,-0.4986845336041813,0.6385773362449482,0.05129402763494785,9.296685046386719,0.9217676391601562,4.062960217285156,-0.3805084231828859,-0.1589448700480332,0.6074012259421487,-4.61602080078125,-0.9145850341796874,-9.756371765136718,0.2544716695655854,0.6307166930489432,0.3442695257368968
1708241584.3433003,9.60793126220703,1.7717092285156248,-2.789244934082031,-0.44858958713472574,0.5972756516557693,0.057955589665460557,9.49300958251953,0.8571241943359375,3.9743747558593747,-0.21783307839776556,-0.16440735091305364,0.506411945559576,-4.309562988281249,-0.7422025146484375,-9.957484704589843,0.2732572744916313,0.6251209809433125,0.36092343081317857
1708241584.3705325,9.97184991455078,1.7381904052734374,-2.549824768066406,-0.3089632469751794,0.5495788675172985,0.039969372183076245,9.744400756835937,0.9816226806640624,3.8139632446289062,-0.12190658515838257,-0.20091271084026327,0.4760352227004381,-4.091690637207031,-0.7254431030273437,-10.199299072265624,0.2093062789987093,0.6455053607566814,0.3272159269387842
1708241584.3977628,10.09395419921875,2.070984436035156,-2.1787235107421874,-0.344935681939948,0.5594379793224573,-0.002797856052815337,10.115502014160155,1.4101847778320311,3.8570588745117185,-0.3222863710362048,-0.11844257290251595,0.47510260401616633,-3.785232824707031,-0.9241618408203125,-10.441113439941406,0.17799693745529957,0.6678882091792042,0.30883001573456914
1708241584.4249177,10.36210478515625,2.583343591308594,-2.1212626708984375,-0.4234088826593877,0.5487794800736369,-0.01052526800821008,10.350133776855468,1.120486376953125,3.6679169433593746,-0.6271194495524663,0.05249310880044014,0.41767993931314684,-3.6367923217773437,-0.7757213378906249,-10.74517705078125,0.17852986241774058,0.7179831556486597,0.33281163904441485
1708241584.4521265,10.500968481445312,2.0925322509765625,-1.7908628417968748,-0.5275957128166066,0.573427259586534,-0.0668820827863476,10.165780249023436,0.7613561279296874,3.787627026367187,-0.667754977938594,0.0430336907171121,0.5120076576652067,-3.6080619018554687,-0.7493851196289062,-10.824185705566405,0.12656967857974144,0.7402327728305721,0.33534303261600973
1708241584.4801984,10.460267053222656,1.9991583862304687,-1.8100164550781248,-0.48029862239996624,0.5490459425548574,-0.11044869846590069,10.268730920410155,0.5339069702148437,3.689464758300781,-0.609666157032523,0.07047932628282445,0.5078774892062888,-3.31357509765625,-0.6607996582031249,-10.805032092285156,0.08526799399056267,0.7731408892613049,0.32774885190122527
1708241584.507885,10.503362683105468,2.0925322509765625,-1.7741034301757812,-0.4507212869844898,0.583952527594744,-0.16054364493535628,10.441113439941406,0.6464344482421874,3.679887951660156,-0.5433169992086165,0.13349770309147468,0.5076110267250684,-3.246537451171875,-0.7278373046875,-10.876858142089842,0.01212404289553313,0.8081807055418018,0.3001699850949026
1708241584.5363486,10.63025537109375,2.3056161987304686,-1.6903063720703124,-0.4274058198776954,0.6331148553799278,-0.21450229738250923,10.192116467285155,0.7829039428710937,3.821145849609375,-0.5714287909773801,0.19398468632853008,0.5306600313506423,-3.1507693847656246,-0.5770026000976562,-10.951078393554686,-0.03450689131805583,0.8420214406568063,0.3017687599822257
1708241584.563812,10.448296044921875,2.3726538452148436,-1.4628572143554686,-0.4452588061194694,0.6391102612073892,-0.2595344567087751,10.338162768554687,0.42377369384765623,3.794809631347656,-0.6055359885736051,0.21516845358556047,0.586084227444508,-2.6599580444335937,-0.33039982910156246,-11.434707128906249,-0.12430474748936714,0.8957136306227387,0.3312128641570919
1708241584.5918365,10.716446630859375,2.461239306640625,-1.0678139404296874,-0.40835375247042904,0.6825436456463321,-0.35186370645168125,10.532093103027343,-0.12210428466796874,3.907337109375,-0.48109800984362777,0.32628330825451246,0.6622924970735734,-2.4205378784179685,-0.4381389038085937,-11.489773767089844,-0.22516079663132954,0.9873767241625936,0.33787442618760455
1708241584.6193075,10.654197387695312,2.770091320800781,-0.6919242797851562,-0.473370597888233,0.6812113332402295,-0.40795405874859825,10.28549033203125,-0.4740519287109375,4.587290380859375,-0.6062021447766565,0.3478667692333736,0.6681546716604246,-2.4684219116210935,-0.5027823486328125,-11.755530151367187,-0.24021592682028828,1.0278790213081108,0.3562603373918196
1708241584.646736,10.66856259765625,3.0597897216796874,-0.19393033447265623,-0.5537090359762163,0.616460950303646,-0.41767993931314684,10.089165795898436,-1.3623007446289062,5.042188696289062,-0.7093231250089931,0.2639310876489135,0.6320490054550457,-2.1906945190429687,-0.5817910034179687,-11.69567510986328,-0.26086676911487766,1.0475972449184285,0.34000612603736863
1708241584.674178,10.544064111328124,2.767697119140625,-0.011971008300781249,-0.5819540589855902,0.6008728951522463,-0.431935682058444,10.151415039062499,-1.8004396484374998,4.963180041503906,-0.47416998533189453,0.18865543670411988,0.5293277189445398,-2.0470424194335934,-0.8667010009765624,-11.590330236816406,-0.23155589618062175,1.0543920381895515,0.32388514592352785
1708241584.702016,10.371681591796875,3.071760729980469,-0.0718260498046875,-0.41621439566643403,0.49988361476967363,-0.37904287953617305,10.012551342773437,-0.6967126831054687,4.819527941894531,-0.5218667694703656,0.21023889768298107,0.5282618690196578,-1.886630908203125,-0.8020575561523438,-11.307814440917968,-0.21277029125457592,1.0594548253327412,0.3542618687826658
1708241584.729798,10.328585961914062,3.239354846191406,-0.4381389038085937,-0.5978085766182105,0.544649311614719,-0.34506891318055827,9.8449572265625,-0.02154781494140625,4.893748193359374,-0.8277656979115091,0.14642113343066934,0.5830199089104722,-1.5514426757812498,-0.8283937744140625,-11.173739147949219,-0.16427411967244337,1.128601839209463,0.38410566667936274
1708241584.7584443,10.165780249023436,3.574543078613281,-0.679953271484375,-0.7667457897120127,0.5962098017308874,-0.27392343069468256,9.710881933593749,-0.031124621582031248,5.382165332031249,-1.0204180718339366,0.09499387455511121,0.6127304755665589,-1.1348515869140625,-1.0007762939453124,-10.89840595703125,-0.1261699848579107,1.1882894350028568,0.3979617157028292
1708241584.7861674,9.943119494628906,3.5314474487304683,-0.39983167724609375,-0.751157734560613,0.6356462489515226,-0.1398928026407669,9.37808790283203,-1.0127473022460938,5.758054992675781,-0.7587519152753975,-0.017719755001163805,0.6068683009797078,-0.8475473876953125,-0.8643067993164062,-10.802637890625,0.03503981628049684,1.1749663109418316,0.4409954064199413
1708241584.8137703,9.739612353515625,3.5027170288085934,-0.19871873779296872,-0.6359127114327431,0.7187825430923213,-0.004663093421358896,9.253589416503905,-1.2138602416992186,5.868188269042968,-0.25740275685901104,-0.1398928026407669,0.6451056670348507,-0.5985504150390625,-0.8212111694335937,-10.929530578613281,0.1871898930574071,1.1900214411307901,0.4491225120971668
1708241584.8412516,9.622296472167967,3.5913024902343746,0.296881005859375,-0.6650903531263888,0.7460949474174232,0.11431240444359807,9.052476477050782,-1.1635820068359375,5.875370874023437,-0.07767381327577817,-0.3165574276899639,0.7506248095981719,-0.3232172241210937,-0.7709329345703124,-10.714052429199219,0.20970597272054006,1.2350536004570563,0.48589433450559694
1708241584.8687294,9.3852705078125,3.7038299682617186,0.9648632690429687,-0.6717519151569015,0.7153185308364546,0.2383506894517447,8.781931689453124,-2.8203695556640622,5.717353564453124,0.03797090357392244,-0.5122741201464273,0.6917366012484396,-0.30406361083984373,-0.6009446166992187,-11.018116040039061,0.3232189897204766,1.1869571225967543,0.5184027572144989
1708241584.8963711,9.143456140136719,3.0837317382812497,1.6615759521484375,-0.8003200623457968,0.6161944878224255,0.3297473205103791,8.70771143798828,-3.8953661010742184,5.384559533691406,0.384238897919973,-0.6949341510230856,0.5282618690196578,-0.1867477294921875,-0.5793968017578125,-10.963049401855468,0.40502297145517263,1.1536493124441907,0.48989127172390456
1708241584.923895,9.105148913574219,2.636016027832031,1.7693150268554687,-0.6706860652320195,0.40675497758310597,0.39849464066527024,8.95670841064453,-4.024652990722656,4.553771557617187,0.7822006136228021,-0.7614165400876025,0.32694946445756373,0.22744915771484372,-0.6057330200195312,-10.807426293945312,0.4024915778835778,1.0653169999195922,0.46870750446687415
1708241584.9514256,9.17458076171875,2.118868469238281,1.9201497314453124,-0.5523767235701138,0.2985712102075796,0.4026248091241881,8.781931689453124,-2.528276953125,3.725377783203125,0.8536125585898984,-0.8438866780253499,0.32135375235193303,0.5865794067382812,-0.5363011718749999,-10.637437976074217,0.37371362991176293,1.0000336920205677,0.4371317004422439
1708241584.9799657,9.052476477050782,2.370259643554687,1.7788918334960937,-0.47017304811358696,0.1970490048625659,0.407287902545547,9.035717065429687,-1.5131354492187499,2.7820623291015623,0.4760352227004381,-0.7321056671533466,0.35945788716646576,1.0582371337890624,-0.5889736083984375,-10.529698901367187,0.36318836190355286,0.9327519155123893,0.432468607020885
1708241585.0075054,9.011775048828124,2.3367408203125,1.5298948608398437,-0.5307932625912526,0.1616094948602383,0.32521745832963045,9.234435803222656,-1.024718310546875,1.8555062866210936,-0.338140888668825,-0.5202679945830425,0.3126937217122665,1.3934253662109375,-0.38307226562499996,-10.304643945312499,0.2564701381747393,0.9138330793457333,0.46630934213588954
1708241585.035084,9.066841687011719,1.5945383056640625,1.3359645263671873,-0.8268330792272374,0.18492496196703279,0.20224502324636584,9.253589416503905,-2.6096798095703124,1.3838485595703125,-0.34027258851858916,-0.24168147046700106,0.3226860647580356,1.5466542724609373,-0.5889736083984375,-10.043675964355469,0.1087166923379674,0.831362941407986,0.465509954692228
1708241585.0626087,9.011775048828124,0.3232172241210937,1.5203180541992187,-0.5927457894750208,0.18625727437313533,0.06941347635794241,9.255983618164063,-2.683900061035156,1.5466542724609373,0.21570137854800148,-0.022249617181912446,0.38357274171692174,1.7764976318359373,-0.8906430175781249,-9.995791931152343,0.0401026034236865,0.7414318539960645,0.39862787190588045
1708241585.0901718,9.184157568359375,1.0869675537109373,1.0965443603515623,-0.27965237404092347,0.24008269557967798,0.013589586542245924,9.33978067626953,-1.6448165405273436,2.020706201171875,0.26233231276159047,0.16867075061258177,0.35972434964768624,2.365471240234375,-1.0630255371093749,-10.053252770996092,-0.11657733553397238,0.7258437988446647,0.32801531438244574
1708241585.1176615,9.366116894531249,1.8650830932617186,1.8411410766601561,-0.40995252735775206,0.29310872934255916,-0.03850382853636345,9.260772021484375,-1.139639990234375,2.205059729003906,-0.3121607967498255,0.3414716696840814,0.3261500770139022,2.480392919921875,-1.2593500732421874,-10.053252770996092,-0.10831699861613663,0.7063920377155676,0.29817151648574886
1708241585.1451542,9.325415466308593,1.4221557861328125,1.7717092285156248,-0.5084104141687299,0.3719816237838296,-0.07580857590723461,9.09796630859375,-2.281674182128906,2.454056701660156,-0.6777473209843629,0.3959632470936754,0.353862175060835,2.559401574707031,-1.209071838378906,-10.297461340332031,-0.13216539068537214,0.6156615628599845,0.33640888254089174
1708241585.1726918,9.495403784179686,1.0749965454101562,2.4061726684570313,-0.42354211389999796,0.38317304799509094,-0.1630750385069511,9.325415466308593,-3.69664736328125,2.7748797241210936,-0.41315007713239815,0.4282052073213569,0.3350765701347892,2.8658593872070313,-1.2234370483398436,-10.484209069824217,-0.1712021441841766,0.593944870640513,0.30043644757612314
1708241585.2011833,9.555258825683593,0.8690952026367187,2.8562825805664063,-0.21690045971349378,0.35919142468524523,-0.19718223610317617,9.311050256347656,-3.801992236328125,3.1794998046874996,-0.17573200636492525,0.4543185304809667,0.2851148549059439,2.935291235351562,-1.4030021728515625,-10.395623608398436,-0.18359264956093024,0.5724946409022621,0.23768453324869343
1708241585.2287893,9.545682019042967,1.4772224243164063,3.0526071166992184,-0.20104594208087354,0.33827411990943534,-0.23715160828625242,9.119514123535156,-3.5098996337890624,3.497928625488281,-0.13935987767832586,0.4990842273260121,0.28418223622167216,3.2561142578125,-1.1875240234375,-10.488997473144531,-0.25793568182145205,0.551977029848283,0.20131240456209404
1708241585.2563207,9.382876306152344,1.3670891479492187,3.0334535034179684,-0.24421286403859588,0.34866615667703516,-0.28684686103387724,8.973467822265624,-3.7708676147460936,3.6822821533203123,-0.1726676878308894,0.41994487040352113,0.23994946433906775,3.3207577026367185,-1.2330138549804688,-10.28549033203125,-0.3185558962991177,0.5246646255231809,0.14855283328043337
1708241585.2838647,9.244012609863281,1.7956512451171873,3.2249896362304686,-0.09632618696121377,0.3153583465244716,-0.31029555938128195,9.023746057128905,-3.88818349609375,3.689464758300781,-0.19438438005036082,0.4922894340548891,0.19478407377219156,3.3327287109375,-1.3263877197265623,-10.168174450683592,-0.3250842270890202,0.5093430328530016,0.14575497722761804
1708241585.311931,9.184157568359375,1.39821376953125,3.4907460205078125,-0.192385911441207,0.2540719758437547,-0.33267840780380464,8.779537487792968,-3.825934252929687,4.168305090332031,-0.32002143994583054,0.45671669281195126,0.1325650844072029,3.3877953491210935,-1.2497732666015624,-10.053252770996092,-0.329214395547938,0.4616462487145307,0.15694640143887942
1708241585.3394363,9.006986645507812,1.6041151123046875,3.4644098022460934,-0.1793292498614021,0.2188989283226476,-0.3386738136312661,8.542511523437499,-4.321533996582031,4.393360046386719,-0.2057090355022324,0.34453598821811726,0.06821439519245012,3.5601778686523438,-1.3359645263671873,-10.041281762695311,-0.30310107238832823,0.42101072032840314,0.15428177662667433
1708241585.3668997,9.009380847167968,1.5825672973632812,3.4931402221679684,-0.057422664703019544,0.13856049023466432,-0.34133843844347117,8.643067993164061,-3.8379052612304685,4.522646936035156,-0.0558238898156965,0.2884456359212003,0.049029096544573526,3.775656018066406,-1.4221557861328125,-9.770736975097655,-0.3012358350197846,0.3959632470936754,0.12843491594828502
1708241585.3943887,8.82263311767578,2.2266075439453124,3.7325603881835936,0.019318529888486854,0.16347473222878187,-0.2668621749423391,8.508992700195313,-3.6559459350585937,4.7764323120117185,-0.15974425749169474,0.3539954063014453,0.032108728987071254,3.986345764160156,-1.1133037719726562,-9.670180505371093,-0.3161577339681331,0.34200459464652244,0.1217733539177723
1708241585.4242136,8.597578161621094,1.936909143066406,4.074931225585937,-0.1259035223766902,0.10751761117247512,-0.279385911559703,8.180987072753906,-4.61602080078125,5.181052392578125,-0.10445329263843926,0.2539387446031444,0.0287779479718149,3.763685009765625,-1.0271125122070313,-10.050858569335936,-0.23968300185784724,0.3505313940455787,0.13149923448232087
1708241585.4517221,8.762778076171875,1.9632453613281249,4.2137949218749995,-0.10005666169830088,-0.045298621807486415,-0.2548713632874162,8.475473876953124,-4.955997436523437,5.121197351074218,-0.058488514627901576,0.17066921922173559,-0.05515773361264523,3.67749375,-1.1372457885742187,-10.101136804199218,-0.22222970933790392,0.3072312408472461,0.12683614106096197
1708241585.4797716,8.951920007324219,2.133233679199219,3.842693664550781,-0.03424042883683532,-0.17453292519943295,-0.22129709065363215,8.358157995605469,-3.641580725097656,5.154716174316406,-0.22276263430034499,0.0961929557206035,-0.11697702925580315,3.9552211425781247,-0.9864110839843749,-9.859322436523437,-0.17453292519943295,0.2688606435514929,0.12630321609852094
1708241585.507389,8.865728747558594,2.4396914916992185,3.23696064453125,-0.07847320071943971,-0.18798928050106864,-0.18186064343299693,8.597578161621094,-3.2058360229492187,4.917690209960937,-0.23088973997757045,0.08007197560676275,-0.09872434929219834,4.187458703613281,-0.8810662109374999,-9.7683427734375,-0.17253445659027913,0.23954977061723698,0.13962634015954636
1708241585.5349128,8.877699755859375,2.375048046875,2.8945898071289062,-0.028245023009373885,-0.12004134778983899,-0.16494027587549465,8.619125976562499,-2.664746447753906,4.80755693359375,-0.08113782553164478,0.023848392069235495,-0.06981317007977318,4.2688615600585935,-0.7805097412109374,-9.6917283203125,-0.15561408903277688,0.2587350692651136,0.14002603388137713
1708241585.5623014,9.05965908203125,2.655169641113281,2.6431986328124997,0.01052526800821008,-0.10964931102223918,-0.12830168470767475,9.016563452148437,-2.0302830078125,4.386177441406249,-0.26672894370172884,0.09033078113375233,0.0033307810152563544,4.405331054687499,-0.7852981445312499,-9.689334118652344,-0.14722052087433085,0.2820505363719081,0.14349004613724373
1708241585.5897334,9.37808790283203,2.4947581298828125,2.7533319091796873,-0.16067687617596652,-0.011724349173702367,-0.11271362955627502,8.98304462890625,-2.612074011230469,4.426878869628906,-0.23422052099282684,0.18572434941069432,0.014255742745297196,4.417302062988281,-0.47165772705078124,-9.85692823486328,-0.12803522222645425,0.24447932651981638,0.17400000023699194
1708241585.61718,9.093177905273437,2.24097275390625,2.741360900878906,-0.12017457903044926,0.04689739669480947,-0.14202450249053092,8.839392529296875,-3.071760729980469,4.422090466308593,-0.13536294046001823,0.16027718245413575,0.045032159326265905,4.393360046386719,-0.24660277099609373,-9.87608184814453,-0.1737335377557714,0.24048238930150875,0.17746401249285856
1708241585.6456947,9.303867651367186,2.224213342285156,3.0262708984374997,-0.01572128639200999,0.044898928085655654,-0.18119448722994566,9.02135185546875,-3.3111808959960936,4.261678955078125,-0.13363093433208492,0.2540719758437547,-0.0073277182335639785,4.709394665527343,-0.14125789794921875,-9.947907897949218,-0.20770750411138625,0.28751301723692846,0.1690704443344125
1708241585.673173,9.1554271484375,2.6886884643554687,3.21780703125,-0.0868667688778857,0.054091883687763194,-0.21010566644237083,8.777143286132812,-2.8467057739257813,4.860229370117187,-0.3054992347193128,0.3901010725068242,-0.04596477801053769,4.786009118652344,-0.13168109130859373,-9.83777462158203,-0.24607810140713945,0.3193552837427792,0.16733843820647926
1708241585.70069,9.272743029785156,2.4564509033203126,3.210624426269531,-0.13016692207621833,0.12803522222645425,-0.2598009191899956,8.954314208984375,-3.2513258544921873,4.979939453125,-0.27858652411604146,0.3156248090056921,0.06421745797414251,5.286397265624999,0.0,-10.295067138671874,-0.3161577339681331,0.38250689179203967,0.19425114880975056
1708241585.7286923,9.488221179199218,2.463633508300781,3.4428619873046875,-0.07167840744831674,0.1505513018895872,-0.38184073558898846,9.619902270507811,-3.708618371582031,4.321533996582031,0.004663093421358896,0.46204594243636143,0.08873200624642928,5.216965417480468,-0.023942016601562498,-10.369287390136718,-0.35652679987304015,0.43753139416407466,0.2447457890010369
1708241585.7561972,9.579200842285156,3.0597897216796874,3.2441432495117186,-0.22156355313485268,0.231689127421232,-0.46364471732368445,9.313444458007812,-2.7629087158203123,4.544194750976562,-0.2921761106582874,0.6515007665841428,-0.04916232778518379,4.651933825683593,0.14125789794921875,-10.177751257324218,-0.47283767292579204,0.384238897919973,0.2721914245667493
1708241585.7837322,9.287108239746093,2.6336218261718747,2.940079638671875,-0.3483996941958146,0.26113323159609814,-0.528395100260268,8.777143286132812,-3.4811692138671875,4.7381250854492185,-0.30576569720053326,0.6499019916968197,-0.06874732015489114,4.8650177734375,-0.0430956298828125,-9.880870251464843,-0.5401194494339704,0.37358039867115267,0.2833828487780106
1708241585.8112411,9.107543115234375,2.1260510742187497,3.1028853515624997,-0.31709035265240487,0.27698774922871844,-0.6173935689879179,8.525752111816406,-3.2225954345703123,4.862623571777344,-0.10058958666074189,0.6034042887238411,-0.00866003063966652,4.57771357421875,-0.584185205078125,-9.471461767578125,-0.5614364479316111,0.37797702961129104,0.2368851458050319
1708241585.8387525,8.530540515136718,2.559401574707031,3.399766357421875,-0.1650735071161049,0.23755130200808316,-0.5595712105630676,8.058882788085937,-2.9185318237304685,4.963180041503906,-0.33654211378150206,0.6728177650817835,-0.02571362943777905,4.510675927734375,-0.7541735229492187,-9.184157568359375,-0.5238652380795193,0.26259877524281094,0.20877335403626826
1708241585.8672407,8.250418920898436,2.384624853515625,3.414131567382812,-0.20317764193063761,0.26579632501745704,-0.5333246561628474,7.613561279296874,-3.3255461059570313,5.322310290527343,-0.3297473205103791,0.6425742734632558,-0.03450689131805583,4.5585599609375,-0.6153098266601562,-8.86812294921875,-0.4771010726253202,0.15801225136376143,0.20597549798345294
1708241585.8949327,7.934384301757812,2.461239306640625,3.6439749267578123,-0.09512710579572148,0.2464777951289702,-0.4928223590173302,7.223306408691406,-3.4931402221679684,6.047753393554687,-0.2078407353519965,0.5751592657144673,-0.0073277182335639785,4.527435339355469,-0.86191259765625,-8.465897070312499,-0.4154150082227725,0.06421745797414251,0.160410413694746
1708241585.9224093,7.400477331542969,2.940079638671875,3.9456443359374997,-0.06848085767367064,0.18479173072642255,-0.33520980137539946,6.818686328125,-3.8953661010742184,6.818686328125,0.08353598786262936,0.44219448758543356,0.027045941843881597,4.783614916992187,-0.7326257080078125,-8.750807067871094,-0.25100765730971886,-0.01705359879811253,0.18012863730506362
1708241585.9498684,7.740453967285156,2.7341782958984373,4.553771557617187,0.053026033762881154,0.09406125587083944,-0.27418989317590303,7.110778930664062,-3.7804444213867185,7.134720947265625,0.14642113343066934,0.22795865268414486,0.035705972483548114,5.128379956054687,-0.6153098266601562,-8.935160595703124,-0.12403828500814663,-0.00866003063966652,0.20490964805857093
1708241585.9772782,7.735665563964844,3.3638533325195312,4.563348364257812,-0.02424808579106626,0.03877029101758396,-0.1476202145961616,7.304709265136719,-3.6655227416992187,7.029376074218749,-0.21410260366067846,0.14455589606212577,-0.06754823898939886,5.137956762695312,-0.32082302246093747,-9.045293872070312,-0.056090352296917,-0.0369050536490404,0.21716692219471428
1708241586.0047145,8.0828248046875,3.2058360229492187,4.486733911132812,-0.0575558959436298,-0.0095926493239383,-0.08939816244948055,7.615955480957031,-4.0988732421875,6.694187841796874,-0.09059724361497283,0.059287902071563106,-0.05475803989081446,5.355829113769531,-0.0383072265625,-9.368511096191405,-0.024514548272286763,-0.008526799399056265,0.23408728975221654
1708241586.0322108,8.43956085205078,2.920926025390625,4.467580297851562,-0.06874732015489114,-0.03384073511500456,-0.11591117933092111,8.116343627929687,-3.83072265625,6.363788012695312,0.027845329287543123,0.010258805526989571,-0.017719755001163805,5.406107348632812,-0.04548983154296875,-9.713276135253906,-0.08247013793774732,0.0005329249624410166,0.22942419633085767
1708241586.059734,8.56166513671875,3.574543078613281,4.388571643066406,-0.044232771882604376,-0.09206278726168562,-0.10125574286379316,8.422801440429687,-3.399766357421875,6.392518432617187,-0.19198621771937624,0.06035375199644513,-0.09685911192365478,5.487510205078125,0.062249243164062495,-9.718064538574218,-0.12403828500814663,-0.016120980113840753,0.25620367569351876
1708241586.0882008,8.827421520996094,3.394977954101562,4.161122485351562,-0.16573966331915618,-0.06528330789902453,-0.11977488530861849,8.298302954101562,-3.574543078613281,6.1267620483398435,-0.21463552862311946,0.04356661567955311,-0.05555742733447598,5.49708701171875,0.0909796630859375,-9.873687646484374,-0.1601439512135255,-0.0031975497746461,0.2633981626864725
1708241586.1157024,9.038111267089842,2.8275521606445313,4.276044165039062,-0.022516079663132953,-0.03503981628049684,-0.18705666181679687,8.762778076171875,-4.074931225585937,5.899312890625,-0.026113323159609816,0.1124471670750545,-0.06181929564315793,5.616797094726562,0.0383072265625,-10.225635290527343,-0.22995712129329868,-0.0019984686091538122,0.2282251151653654
1708241586.1431732,9.179369165039063,3.1507693847656246,4.458003491210937,0.0057289433462409285,-0.13909341519710536,-0.22302909678156546,8.702923034667968,-3.7134067749023436,6.3901242309570305,-0.29310872934255916,0.1729341503121099,-0.17506585016187395,5.336675500488281,0.01915361328125,-10.160991845703125,-0.2835160800186209,0.04436600312321464,0.22462787166888853
1708241586.1706975,8.94473740234375,3.5697546752929687,4.4005426513671875,-0.15561408903277688,-0.14988514568653594,-0.2619326190397597,8.626308581542968,-4.244919543457031,6.452373474121093,-0.320820827389492,0.16960336929685357,-0.2363522208425909,5.6383449096679685,-0.09337386474609374,-10.273519323730468,-0.3016355287416154,0.06421745797414251,0.20943951023931956
1708241586.1981246,9.200916979980468,3.6176387084960937,4.168305090332031,0.004263399699528133,-0.1690704443344125,-0.2917764169364566,8.987833032226561,-3.430890979003906,6.543353137207031,-0.0868667688778857,0.18945482414778142,-0.18345941832031998,5.834669445800781,-0.469263525390625,-10.218452685546874,-0.2993705976512411,0.14309035241541299,0.15041807064897697
1708241586.2256556,9.600748657226562,3.7325603881835936,4.096479040527344,-0.0035972434964768626,-0.12257274136143384,-0.23928330813601648,9.0021982421875,-2.2026655273437497,6.488286499023437,-0.4299372134492902,0.18958805538839169,-0.08406891282507037,5.9376201171875,-0.6488286499023437,-10.022128149414062,-0.24927565118178552,0.23875038317357547,0.12270597260204408
1708241586.2535315,9.6151138671875,3.6391865234374996,3.7301661865234372,-0.16494027587549465,-0.01532159267017923,-0.17186830038722786,8.980650427246093,-2.4061726684570313,6.4475850708007805,-0.49428790266404293,0.22249617181912446,0.022516079663132953,5.932831713867187,-0.7637503295898437,-9.854534033203125,-0.18012863730506362,0.3058989284411436,0.10005666169830088
1708241586.2812495,9.294290844726563,3.794809631347656,3.687070556640625,-0.1316324657229311,0.07487595722296284,-0.10858346109735714,8.552088330078124,-2.6695348510742187,6.804321118164062,-0.5270627878541655,0.1970490048625659,0.11178101087200323,5.8083332275390624,-0.5339069702148437,-9.770736975097655,-0.07967228188493199,0.35079785652679923,0.09232924974290613
1708241586.310003,8.935160595703124,3.3638533325195312,4.067748620605468,-0.1055191425633213,0.11617764181214164,-0.03557274124293786,8.051700183105469,-3.6296097167968746,6.574477758789062,-0.4937549777016019,0.10605206752576231,0.18359264956093024,5.645527514648437,-0.19632453613281248,-9.430760339355468,-0.015188361429568975,0.37864318581434236,0.09246248098351639
1708241586.3376784,8.504204296874999,3.2824504760742186,4.163516687011718,-0.06781470147061937,0.13416385929452596,-0.01945176112909711,7.912836486816405,-3.2513258544921873,6.394912634277343,-0.45205359939059236,0.09472741207389071,0.20824042907382725,5.592855078125,-0.201112939453125,-9.112331518554686,-0.022649310903743208,0.37278101122749113,0.07047932628282445
1708241586.3652627,8.118737829589843,3.450044592285156,4.216189123535156,-0.11817611042129544,0.2194318532850886,0.02584686067838931,7.48906279296875,-3.497928625488281,6.584054565429687,-0.5768912718424006,0.06448392045536301,0.200246554637212,5.499481213378906,0.06943184814453125,-8.8872765625,0.0075941807147844875,0.33001378299159956,0.09512710579572148
1708241586.3926902,7.979874133300781,3.1483751831054687,4.058171813964844,-0.14455589606212577,0.13669525286612078,0.021716692219471426,7.4411787597656245,-4.2329485351562495,6.177040283203125,-0.31842266505850747,0.02598009191899956,0.22143032189424242,5.6407391113281244,0.076614453125,-8.571241943359375,-0.07980551312554225,0.24154823922639082,0.1183093416619057
1708241586.4201643,7.8553756469726554,2.6767174560546874,4.113238452148437,0.002264931090374321,0.17826339993652007,-0.017719755001163805,6.694187841796874,-3.375824340820312,5.820304235839844,-0.23595252712076012,-0.08873200624642928,0.34866615667703516,5.463568188476562,-0.6272808349609375,-8.21690009765625,0.1827932621172687,0.20211179200575555,0.19771516106561718
1708241586.4476068,7.821856823730468,3.2225954345703123,3.912125512695312,0.13483001549757723,0.17892955613957134,-0.021983154700691936,7.864952453613281,-1.1156979736328125,4.541800549316406,-1.589981625442773,0.07274425737319877,0.4970857587168583,5.762843395996094,0.0383072265625,-8.40843623046875,0.42354211389999796,-0.000799387443661525,0.24114854550456005
1708241586.4756563,7.996633544921875,2.825157958984375,2.85388837890625,-0.6937350698575934,0.35479479374510686,-0.05062787143189658,7.71890615234375,-5.439626171875,4.299986181640625,-0.6736171525254451,0.17906278738018158,0.38756967893522937,5.422866760253906,-0.028730419921875,-8.322244970703125,0.05022817771006582,0.17892955613957134,-0.03077641658096871
1708241586.503563,7.3094976684570305,1.3311761230468748,3.6248213134765623,0.3230857584798663,0.4596477801053769,-0.006261868308681946,6.313509777832031,-4.036623999023437,5.84185205078125,0.278852986597262,0.03863705977697371,0.3301470142322098,5.324704492187499,-0.36631285400390623,-8.039729174804688,-0.0383705972957532,0.015454823910789483,-0.07740735079455767
1708241586.5319142,7.096413720703125,3.737348791503906,4.740519287109374,0.4208774890877929,0.28897856088364127,0.035705972483548114,6.866570361328125,-3.124433166503906,6.203376501464843,-0.3384073511500456,0.15534762655155634,0.33920673859370715,5.8610056640625,-0.5722141967773438,-8.564059338378906,0.058488514627901576,-0.03490658503988659,0.08939816244948055
1708241586.5591338,7.716511950683593,2.817975354003906,5.011064074707031,-0.08793261880276775,0.4034241965678496,0.06341807053048099,7.000645654296875,-5.875370874023437,6.138733056640625,-0.36691883664063996,0.2502082698660573,0.2711255746418672,5.887341882324218,-0.40222587890625,-8.626308581542968,0.2797856052815338,-0.05502450237203497,0.11351301699993654
1708241586.5864038,7.6231380859375,2.463633508300781,4.690241052246093,0.22276263430034499,0.4179464017943673,0.035173047521107094,7.371746911621093,-4.809951135253906,6.208164904785156,0.015987748873230498,0.1999800921559915,0.11111485466895196,5.884947680664062,0.08858546142578125,-9.107543115234375,0.08913169996826004,-0.028644716731204646,0.03797090357392244
1708241586.6135473,8.116343627929687,3.246537451171875,5.0014872680664055,0.33001378299159956,0.3114946405467742,0.03916998473941472,7.958326318359375,-5.312733483886719,6.418854650878906,-0.24154823922639082,0.23088973997757045,0.07607503838845513,6.469132885742187,-0.59376201171875,-9.7683427734375,0.07221133241075775,0.05542419609386573,0.022516079663132953
1708241586.6406667,8.836998327636719,3.4668040039062498,6.320692382812499,0.20357733565246838,0.17613170008675602,0.05062787143189658,8.169016064453125,-6.921636999511718,7.639897497558593,-0.40275804036479834,0.16440735091305364,-0.005462480865020421,6.720524060058593,-0.9337386474609375,-10.58476553955078,0.024514548272286763,0.11551148560909036,-0.0002664624812205083
1708241586.6678216,9.203311181640624,4.060566015625,7.594407666015624,0.26353139392708275,-0.011457886692481857,0.11764318545885442,8.147468249511718,-8.015787158203125,9.5001921875,-0.4700398168729767,0.08966462493070106,-0.17013629425929458,6.892906579589844,-1.0630255371093749,-10.94868419189453,0.041035222107958284,0.28524808614655417,0.002398162330984575
1708241586.6952128,9.698910925292969,3.9240965209960934,7.551312036132812,0.04250076575467108,-0.19958039843416073,0.24114854550456005,8.305485559082031,-7.472303381347656,8.98304462890625,-0.6107320069574051,-0.28618070483082597,-0.29843797896696933,6.998251452636718,-1.1085153686523437,-10.819397302246093,0.06554977038024505,0.4188790204786391,-0.04636447173236845
1708241586.7224958,9.90241806640625,3.277662072753906,6.318298181152343,-0.04756355289786074,-0.27072588092003647,0.3048330785162615,9.246406811523437,-6.782773303222656,7.232883215332031,-0.31749004637423567,-0.4605803987896487,-0.423009188937557,7.134720947265625,-1.2234370483398436,-10.496180078124999,0.12270597260204408,0.5711623284961596,-0.06821439519245012
1708241586.751023,10.070012182617187,3.0214824951171875,5.801150622558594,-0.029177641693645662,-0.3165574276899639,0.3072312408472461,9.239224206542968,-4.1754876953124995,6.335057592773437,-0.49482082762648394,-0.49855130236357104,-0.21570137854800148,6.988674645996094,-1.0510545288085937,-10.261548315429687,0.17426646271821244,0.7179831556486597,-0.06581623286146555
1708241586.778414,10.019733947753906,3.423708374023437,5.396530541992187,0.049695252747624805,-0.37051608013711684,0.3126937217122665,9.643844287109374,-4.3239281982421875,6.062118603515625,-1.1341975513150937,-0.35812557476036316,-0.04436600312321464,6.950367419433594,-0.9552864624023437,-10.204087475585936,0.13829402775344382,0.8606738143422419,-0.06901378263611166
1708241586.805582,9.483432775878907,4.359841223144531,6.186617089843749,-0.2627320064834212,-0.48029862239996624,0.43446707563003883,8.683769421386717,-6.964732629394531,6.986280444335937,-1.7495926516938576,-0.30296784114771796,-0.3165574276899639,7.1203557373046875,-0.7278373046875,-9.344569079589844,0.19518376749402233,1.0256140902177366,-0.09526033703633173
1708241586.8365114,9.265560424804686,1.6639701538085936,5.398924743652343,-0.37651148596457823,-0.4737702916100638,0.37517917355847574,8.595183959960938,-7.6279264892578125,5.930437512207031,-0.19052067407266346,-0.5679647787215134,-0.48429555961827386,7.079654309082031,-0.7948749511718749,-9.279925634765624,0.14655436467127958,1.108084228155484,-0.10325421147294697
1708241586.8763912,9.02135185546875,2.913743420410156,5.377376928710937,0.23368759603038583,-0.9017090364502002,0.45844869893988455,7.793126403808594,-5.008669873046875,6.0716954101562495,-1.1537825436848013,-0.7271761112507673,-0.7470275661016951,6.854599353027344,-0.8116343627929687,-7.484274389648437,0.35066462528618897,1.1079509969148738,-0.10072281790135215
1708241586.9167235,8.339004382324218,1.7669208251953124,4.07971962890625,-0.3458683006242198,-0.9615298634842043,0.46910719818870494,7.687781530761718,-5.511452221679687,4.077325427246094,-0.2386171519329652,-0.9276891283691998,-0.5774241968048416,7.3932947265625,-0.5817910034179687,-7.129932543945312,0.3859709040479063,1.0713124057470538,-0.12070750399289026
1708241586.9569545,8.240842114257813,2.422932080078125,3.0885201416015624,-0.14135834628747967,-1.0282787150299417,0.47696784138470993,8.200140686035155,-2.85388837890625,3.763685009765625,-0.8950474744196875,-0.5337243498846782,-0.8997105678410463,7.196970190429687,-0.7948749511718749,-6.526593725585937,0.5026814708224889,0.8850551313739184,-0.06128637068071692
1708241586.9983516,8.825027319335938,0.4381389038085937,2.482787121582031,-0.07234456365136802,-0.9322189905499484,0.43553292555492085,8.71489404296875,-3.7158009765625,2.8227637573242186,-0.1807947935081149,-0.4873598781523097,-0.44579173108191045,7.888894470214844,-0.9983820922851562,-6.291961962890625,0.4601807050678179,0.9232924974290614,-0.16787136316892026
1708241587.0386112,9.222464794921875,1.9129671264648436,1.879448303222656,-0.22542725911255004,-0.7434303226052182,0.46244563615819223,8.808267907714843,-2.27927998046875,2.6408044311523438,-1.0967595727036121,-0.25567075073107776,-0.45471822420279745,8.461108666992187,-0.5267243652343749,-5.9376201171875,0.36905053649040404,0.862272589229565,-0.16294180726634083
1708241587.07844,10.029310754394531,0.0909796630859375,2.6575638427734374,0.1217733539177723,-0.6790796333904655,0.287779479718149,9.246406811523437,-4.716577270507813,2.7054478759765623,-0.5088101078905607,-0.18439203700459178,-0.2964395103578155,8.365340600585936,-1.4987702392578124,-6.380547424316406,0.6168606440254767,0.5703629410524981,-0.19878101099049922
1708241587.1183276,9.131485131835937,1.1755530151367186,2.291250988769531,-0.013589586542245924,-0.7130535997460803,0.3483996941958146,8.741230261230468,-4.675875842285156,3.67749375,-0.34826646295520436,-0.3172235838930152,-0.42967075096806967,8.626308581542968,-0.9911994873046874,-7.117961535644531,0.4732373666476228,0.7078575813622804,-0.286713629793267
1708241587.1582143,9.794678991699218,0.4644751220703125,2.2864625854492187,-0.16347473222878187,-0.8416217469349755,0.18319295583909948,9.289502441406249,-3.9647979492187497,0.9864110839843749,-0.9290214407753022,-0.271525268363698,-0.6792128646310757,8.422801440429687,-0.6248866333007812,-5.643133312988281,-0.07833996947882944,0.5006830022133352,-0.38970137878499345
1708241587.1984684,9.018957653808593,0.8810662109374999,1.1420341918945311,-0.5148055137180221,-0.797788668774202,0.06421745797414251,9.047688073730468,-3.39018955078125,1.35990654296875,-0.8882526811485645,0.42807197608074665,-1.2553047490298148,8.10197841796875,-0.6823474731445313,-5.2624552490234375,-0.3562603373918196,0.17719755001163803,-0.46511026097039726
1708241587.2383347,9.208099584960937,-0.5243301635742187,1.7764976318359373,-0.08380245034384987,-0.7766049015171715,-0.1133797857593263,7.996633544921875,-3.5506010620117183,1.8291700683593748,-0.1573460951607102,0.10791730489430588,-0.8374915784760577,8.643067993164061,-0.5386953735351562,-4.7884033203125,-0.32255283351742536,0.3256171520514612,-0.47590199145982787
1708241587.2782226,9.090783703613281,0.9840168823242187,1.254561669921875,-0.2090398165174888,-0.6852082704585372,-0.18905513042595065,8.942343200683593,-1.4221557861328125,2.7724855224609373,-1.1429908131953703,0.46137978623331016,-0.850814702537083,8.511386901855468,-1.0702081420898437,-4.695029455566406,-0.25060796358788806,0.1630750385069511,-0.46404441104551525
1708241587.3197048,9.478644372558593,0.3854664672851562,2.013523596191406,-0.4984180711229608,-0.7225130178294084,-0.06634915782390657,8.29351455078125,-4.958391638183594,3.768473413085937,-0.6103323132355744,0.057156202221799034,-0.910502298330477,8.801085302734375,-1.1180921752929687,-5.200206005859375,0.12217304763960307,0.03437366007744557,-0.42793874484013633
1708241587.359634,9.560047229003906,0.7230489013671875,1.388636962890625,0.14801990831799236,-0.8306967852049347,0.0026646248122050836,9.131485131835937,-1.8459294799804686,3.478775012207031,-0.6136630942508308,0.06155283316193742,-0.9400796337459534,9.066841687011719,-0.13646949462890623,-4.206612316894531,0.36079019957256825,-0.27538897434139537,-0.42447473258426976
1708241587.3994148,9.655815295410155,0.9959878906249999,0.6057330200195312,0.03757120985209167,-0.8069816243763094,0.12683614106096197,9.085995300292968,-2.6671406494140624,3.4093431640625,-0.2963062791172053,-0.06701531402695785,-0.7197151617765929,9.062053283691405,0.7278373046875,-5.425260961914062,-0.013989280264076687,-0.44845635589411553,-0.38517151660424476
1708241587.4392664,9.969455712890625,0.9026140258789062,0.373495458984375,-0.17839663117713034,-0.7794027575699869,-0.03530627876171736,9.701305126953125,-0.3184288208007812,2.5546131713867184,-0.5668989287966315,-0.05555742733447598,-0.7984548249772532,8.836998327636719,0.6631938598632812,-4.8123453369140625,-0.050894333913117096,-0.5174701385302272,-0.4268728949152543
1708241587.479623,9.809044201660155,1.6017209106445311,-0.00718260498046875,-0.0720781011701475,-0.7762052077953407,0.09152986229924462,9.358934289550781,-1.5011644409179687,3.373430139160156,-1.0842358360862483,0.0747427259823526,-0.7563537529444129,9.188945971679686,0.46686932373046874,-5.1690813842773435,-0.32495099584840986,-0.25846860678389305,-0.3706493113777271
1708241587.519592,9.710881933593749,0.8714894042968749,-0.34237083740234375,-0.36585298671575794,-0.5826202151886415,0.054225114928373445,9.241618408203124,-1.2210428466796874,3.8474820678710935,-0.6104655444761846,-0.06448392045536301,-0.4873598781523097,8.518569506835936,0.3495534423828125,-5.418078356933593,-0.27765390543176965,-0.1955834612158531,-0.2952404291923232
1708241587.559572,9.89523546142578,1.3838485595703125,-0.4525041137695312,-0.1819938746736072,-0.7127871372648598,0.16573966331915618,9.859322436523437,-0.8595183959960937,2.9089550170898435,-0.7399663103493517,-0.0026646248122050836,-0.6213905062062254,8.576030346679687,1.024718310546875,-5.312733483886719,-0.2602006129118264,-0.003863705977697371,-0.24034915806089852
1708241587.5995302,10.012551342773437,0.6584054565429687,-0.44532150878906246,-0.002797856052815337,-0.45565084288706925,0.11284686079688527,9.212887988281249,-1.0797849487304687,3.775656018066406,-0.20810719783321702,-0.19771516106561718,-0.30310107238832823,8.815450512695312,1.2737152832031249,-4.994304663085937,-0.006528330789902454,0.03956967846124549,-0.17839663117713034
1708241587.641202,9.931148486328125,1.158793603515625,-0.6751648681640625,0.09739203688609578,-0.3694502302122348,0.17959571234262262,9.552864624023437,-1.0773907470703123,3.076549133300781,-0.21676722847288354,-0.3272159269387842,-0.14015926512198737,8.760383874511719,1.4700398193359374,-5.193023400878906,-0.06781470147061937,-0.015454823910789483,-0.10538591132271104
1708241587.6810505,9.859322436523437,0.9217676391601562,-0.699106884765625,0.032508422708902016,-0.2494088824223958,0.14428943358090526,9.734823950195311,-0.5099649536132812,2.7437551025390623,-0.2653966312956263,-0.24701072009141123,-0.12137366019594154,8.501810095214843,1.9488801513671874,-4.970362646484375,-0.06368453301170149,0.03583920372415837,-0.06861408891428089
1708241587.7210279,9.6151138671875,0.8188169677734375,-0.5315127685546874,0.04170137831100955,-0.14135834628747967,0.06981317007977318,9.868899243164062,-1.4413093994140624,2.473210314941406,-0.4035574278084598,-0.037837672333312186,-0.08047166932859352,8.89924757080078,1.455674609375,-5.288791467285156,-0.12790199098584398,0.07514241970418334,-0.01971822361031762
1708241587.7609363,10.005368737792969,0.5530605834960938,-0.47644613037109373,-0.04369984692016337,-0.20650842294589394,0.08753292508093698,9.701305126953125,-2.118868469238281,2.454056701660156,-0.5266630941323347,0.0575558959436298,-0.1404257276032079,8.520963708496094,1.0749965454101562,-5.046977099609375,-0.15015160816775644,-0.014255742745297196,-0.0074609494741742334
1708241587.8008938,9.476250170898437,0.3016694091796875,-0.3687070556640625,-0.11111485466895196,-0.12683614106096197,0.0021316998497640663,9.387664709472656,-1.6400281372070311,2.442085693359375,-0.13030015331682857,-0.07087902000465522,-0.10858346109735714,8.59997236328125,1.4532804077148436,-4.7572786987304685,0.0302434916185277,-0.10032312417952138,-0.02691271060327134
1708241587.840765,10.414777221679687,0.38307226562499996,-0.7110778930664062,0.3503981628049685,-0.06834762643306039,-0.01958499236970736,10.098742602539062,-0.6057330200195312,2.1404162841796874,-0.20317764193063761,0.012923430339194655,-0.02571362943777905,8.705317236328124,1.838746875,-4.434061474609375,0.08806585004337801,-0.13736140906917205,0.07234456365136802
1708241587.8805423,9.94072529296875,0.7254431030273437,-0.7613561279296874,0.14122511504686944,0.13629555914429,-0.03877029101758396,9.514557397460937,-0.6871358764648438,2.7269956909179687,0.057822358424850305,0.058888208349732345,0.1859908118919148,8.499415893554687,1.5945383056640625,-3.4452561889648434,0.3080306282909076,-0.1590781012886435,0.032241960227681506
1708241587.9205258,10.151415039062499,-0.34237083740234375,-0.8714894042968749,0.7786033701263253,0.5531761110137753,-0.02464777951289702,9.8449572265625,1.6927005737304686,2.269703173828125,0.720781011701475,-0.04756355289786074,0.8692006137412982,7.967903124999999,1.9416975463867185,-4.929661218261718,0.05862174586851183,0.2829831550561798,0.20650842294589394
1708241587.9621065,9.437942944335937,2.5426421630859375,-0.09816226806640624,0.28005206776275426,0.6989310882413933,-0.23608575836137038,9.306261853027344,-3.6056677001953124,4.103661645507812,0.6534992351932967,-0.032508422708902016,0.6171271065066973,8.729259252929687,0.9888052856445312,-5.231330627441406,0.0191852986478766,0.22915773384963717,0.16600612580037669
1708241588.002077,9.603142858886718,0.06943184814453125,-0.0909796630859375,0.9196952539325846,0.7929923441122327,0.03437366007744557,8.95670841064453,-0.2561795776367187,2.8131869506835936,1.1252710581942065,-0.19105359903510447,0.7073246563998393,8.034940771484374,2.0781670410156248,-2.8754361938476563,0.18679019933557633,0.2539387446031444,0.3146921903214204
1708241588.0420237,9.351751684570312,1.0678139404296874,-0.8451531860351562,1.0349402770604543,1.337774886967562,-0.1648070446348844,8.748412866210938,1.5322890624999999,2.0566192260742184,1.4539525287797037,-0.08100459429103453,1.5012496191963438,8.0062103515625,1.458068811035156,-4.754884497070313,-0.4984180711229608,0.9987013796144651,0.7143859121521828
1708241588.0817518,9.179369165039063,1.8602946899414061,-0.4070142822265625,0.24154823922639082,1.5073782562644156,-0.2711255746418672,8.889670764160156,-1.5490484741210937,2.4756045166015626,0.6748162336909374,0.27911944907848246,1.2128039832751436,9.054870678710937,0.5530605834960938,-5.049371301269531,0.19664931114073517,1.1251378269535963,0.45938131762415635
1708241588.1217277,9.176974963378905,0.40462008056640625,-0.03591302490234375,0.45605053660890005,1.661127107928649,-0.20051301711843253,8.817844714355468,-1.5945383056640625,2.2601263671875,0.5799555903764363,0.5880826960536619,1.5386875978078254,8.985438830566405,-0.33758243408203126,-6.368576416015625,-0.5704961722931083,0.24754364505385223,0.45884839266171534
1708241588.1618779,9.811438403320311,0.23702596435546874,1.4221557861328125,0.11058192970651096,1.4018591137010945,-0.40155895919930606,8.954314208984375,-4.563348364257812,2.70065947265625,0.8791929567870672,0.3329448702850252,1.1531163874817496,8.56166513671875,-0.6775590698242188,-4.410119458007812,0.2689938747921031,-0.5784900467297235,0.27192496208552874
1708241588.2018368,8.327033374023436,0.507570751953125,0.9265560424804687,0.7452955599737618,1.4879264951353184,-0.21610107226983225,7.335833886718749,-0.7110778930664062,2.1499930908203124,0.4166140893882647,0.6108652381980153,1.2195987765462666,7.917624890136718,0.9193734375,-4.168305090332031,-1.031609496045198,-0.23968300185784724,0.2723246558073595
1708241588.241808,9.208099584960937,0.4261678955078125,1.9656395629882812,0.30509954099748204,1.5197687616411693,-0.5617029104128316,8.305485559082031,-3.7325603881835936,2.96881005859375,1.4751362960367342,0.5089433391311708,1.4924563573160672,8.966285217285156,-0.062249243164062495,-5.181052392578125,-0.18585758065130456,-0.6205911187625639,0.3016355287416154
1708241588.2830138,8.130708837890625,2.4492682983398435,2.070984436035156,0.5660995413529699,1.5791898949533425,-0.46098009251147937,7.982268334960937,-3.191470812988281,3.883395092773437,0.286713629793267,1.1597779495122624,1.1469877504136783,8.8872765625,-0.6009446166992187,-6.102820031738281,-0.5962098017308874,-0.9278223596098101,0.2476768762944625
1708241588.3231153,9.404424121093749,0.4740519287109375,3.9911341674804683,0.5343905060877294,1.4005268012949916,-0.5497120987579087,8.149862451171874,-7.3286512817382805,6.054935998535156,1.4847289453606722,0.7135865247085214,1.0723782556719357,8.846575134277343,-0.622492431640625,-6.5385647338867185,-0.2456784076853087,-1.0517274133773464,0.19824808602805818
1708241588.3629403,8.576030346679687,3.2321722412109373,4.110844250488281,0.616460950303646,1.1743001547387801,-0.2680612561078314,6.713341455078124,-3.2441432495117186,6.366182214355469,0.1807947935081149,0.7111883623775367,0.6712189901944605,7.7787611938476555,-0.3064578125,-5.623979699707031,-0.136828484106731,-1.1090168468397557,0.21929862204447836
1708241588.4027715,8.214505895996094,1.3311761230468748,4.838681555175781,0.42194333901267495,1.0237488528491931,-0.28991117956791307,7.762001782226562,-6.457161877441406,6.710947253417968,1.3778774903912487,0.41901225171924933,0.9154318542330564,8.616731774902343,-1.0869675537109373,-7.079654309082031,-0.07407656977930133,-0.8810581941556108,0.31749004637423567
1708241588.4426403,8.207323291015625,3.0741549316406247,4.374206433105469,0.49615314003258654,0.9434104147612098,0.03064318534035846,6.057330200195312,-3.1100679565429687,6.306327172851562,0.6265865245900253,0.21769984715715532,0.6287182244397894,6.852205151367187,0.3495534423828125,-6.816292126464844,0.14575497722761804,-1.3213874443725009,0.353862175060835
1708241588.483895,7.64229169921875,2.3415292236328122,4.783614916992187,0.5960765704902772,0.7526232782073258,-0.14628790219005908,7.943961108398437,-5.68862314453125,6.069301208496094,1.2599678424511735,0.3810413481453269,0.6499019916968197,8.2360537109375,-0.4285620971679687,-7.979874133300781,-0.05702297098118878,-1.0463981637529363,0.4449923436382489
1708241588.524135,8.578424548339843,3.35188232421875,5.3007624755859375,0.22809188392475513,0.722912711551239,-0.03370750387439431,6.5577183471679685,-4.180276098632812,7.491456994628906,-0.07847320071943971,0.295640122914154,0.44206125634482335,6.746860278320312,-0.45968671875,-7.982268334960937,0.0607534457182759,-1.3292480875685058,0.38650382901034736
1708241588.5640502,8.350975390624999,1.13006318359375,5.099649536132812,0.09699234316426504,0.7239785614761212,-0.1313660032417106,7.915230688476562,-4.467580297851562,5.793968017578124,1.0396033704818133,0.22569372159377055,0.6191255751158511,7.362170104980469,-1.0031704956054688,-8.492233288574218,0.09166309353985486,-0.9672588068304452,0.393698316003301
1708241588.6059928,8.200140686035155,3.787627026367187,5.097255334472656,-0.015987748873230498,0.6225895873717178,-0.11884226662434672,7.321468676757812,-5.106832141113281,6.148309863281249,-0.1526830017393513,0.4206110266065724,0.3165574276899639,6.059724401855468,-0.22505495605468748,-8.78432589111328,0.10818376737552639,-0.9500719767917224,0.45338591179669496
1708241588.6465547,8.262389929199218,1.3024457031249999,5.7891796142578125,-0.07967228188493199,0.5674318537590725,-0.2944410417486617,6.900089184570312,-5.772420202636718,6.8785413696289055,0.27712098046932865,0.34573506938360954,0.3346768764129585,6.234501123046875,-0.9983820922851562,-9.023746057128905,-0.12497090369241841,-0.8120444115194991,0.30190199122283595
1708241588.6865036,7.888894470214844,2.1739351074218747,6.117185241699218,0.17493261892126372,0.34720061303032235,-0.20997243520176057,6.579266162109374,-5.853823059082031,7.362170104980469,0.10432006139782901,0.35599387491059914,0.07940581940371148,5.4515971801757805,-1.1324573852539062,-8.645462194824217,-0.018252679963604822,-0.9560673826191839,0.3065650846441948
1708241588.726757,7.144297753906249,2.0757728393554684,6.698976245117187,0.2344869834740473,0.09579326199877274,-0.31109494682494343,6.8210805297851556,-6.562506750488281,7.738059765625,0.42101072032840314,0.2053093417804017,-0.04569831552931718,6.038176586914062,-1.1133037719726562,-9.79946739501953,-0.1554808577921666,-0.8640045953574983,0.39689586577794717
1708241588.768459,7.920019091796875,3.19865341796875,7.141903552246093,0.1325650844072029,-0.12110719771472103,-0.3011026037791744,6.624755993652343,-6.076483813476562,8.32463917236328,-0.14722052087433085,0.19891424223110948,-0.4118177647262956,4.910507604980468,-1.158793603515625,-9.208099584960937,-0.07540888218540386,-0.8690673825006879,0.26139969407731867
1708241588.808549,7.062894897460937,1.9536685546875,6.246472131347656,0.23994946433906775,-0.27752067419115944,-0.2571362943777905,6.555324145507812,-4.7022120605468745,8.360552197265624,0.4413951001417721,-0.031842266505850744,-0.3074977033284666,5.511452221679687,-1.3551181396484375,-9.87608184814453,-0.2487427262193445,-0.9895084240123577,0.3188223587803382
1708241588.8484728,7.982268334960937,4.163516687011718,6.402095239257812,0.29364165430500017,-0.39183307863475747,-0.1802618685456739,7.074865905761718,-4.335899206542969,8.109161022949218,-0.3357427263378405,0.04369984692016337,-0.5157381324022938,5.097255334472656,-1.8459294799804686,-10.108319409179687,-0.13522970921940797,-0.841888209416196,0.26033384415243666
1708241588.8885684,7.874529260253905,3.0334535034179684,5.741295581054687,-0.13882695271588483,-0.36465390555026567,-0.03530627876171736,6.6510922119140625,-4.477157104492187,8.616731774902343,0.06581623286146555,-0.11750995421824417,-0.48376263465583286,4.630386010742187,-1.5562310791015623,-9.983820922851562,-0.02971056665608668,-0.7907274130218584,0.2727243495291903
1708241588.9299898,8.157045056152343,2.5665841796874997,5.348646508789062,0.30096937253856415,-0.4031577340866291,0.027712098046932865,6.890512377929687,-3.5817256835937497,6.921636999511718,0.09006431865253181,-0.3165574276899639,-0.25633690693412897,4.434061474609375,-1.1324573852539062,-9.93354268798828,0.02584686067838931,-0.7782036764044946,0.23581929588014985
1708241588.9698548,7.630320690917968,2.7940333374023436,4.778826513671874,0.018918836166656093,-0.32481776460779965,0.01945176112909711,7.153874560546875,-3.744531396484375,6.737283471679687,-0.14788667707738212,-0.14055895884381814,-0.34000612603736863,4.000710974121094,-1.4724340209960938,-9.926360083007811,0.016120980113840753,-0.737035223055926,0.2511408885503291
1708241589.0097167,7.994239343261718,2.099714855957031,5.214571215820312,0.11750995421824417,-0.311361409306164,-0.008260336917835759,6.9910688476562495,-4.388571643066406,6.7085530517578125,-0.11697702925580315,-0.19824808602805818,-0.28165084265007734,3.0597897216796874,-1.7980454467773437,-9.727641345214844,-0.011191424211261349,-0.8209709046403861,0.11857580414312621
1708241589.0497384,7.448361364746093,1.5945383056640625,5.109226342773437,0.35159724397046077,-0.37917611077678337,0.054491577409593955,6.921636999511718,-4.405331054687499,6.519411120605469,0.1883889742228994,-0.2685941810702724,-0.35599387491059914,3.1962592163085937,-1.4173673828125,-10.134655627441406,-0.08739969384032674,-0.9136998481051232,0.015188361429568975
1708241589.0896256,8.097190014648437,2.39420166015625,4.7117888671875,0.6532327727120761,-0.4360658505173619,0.00479632466196915,7.594407666015624,-3.4715924072265625,5.834669445800781,0.049428790266404295,-0.18785604926045837,-0.30949617193762047,3.438073583984375,-0.2753331909179687,-10.50815108642578,-0.31868912753972795,-0.9348836153621535,-0.04210107203284032
1708241589.130925,8.05648858642578,2.0063409912109376,4.958391638183594,0.6368453301170149,-0.3806416544234961,-0.18639050561374557,7.5345526245117185,-4.752490295410156,6.160280871582031,-0.09232924974290613,-0.08007197560676275,-0.4865604907086482,3.0741549316406247,-1.2713210815429687,-10.89840595703125,-0.3473338442709326,-0.9709892815675323,-0.12816845346706449
1708241589.1710358,8.580818749999999,3.5673604736328124,4.900930798339844,0.9588652386719991,-0.48109800984362777,-0.16587289455976642,7.941566906738281,-3.5242648437499997,7.187393383789062,-0.011591117933092112,0.12217304763960307,-0.709722818730824,2.7150246826171873,-1.1252747802734375,-10.87206973876953,-0.3729142424681014,-1.0062955603292498,-0.17906278738018158
1708241589.2109377,8.480262280273436,2.4875755249023435,5.023035083007812,0.6136630942508308,-0.4128836146511776,-0.20770750411138625,6.861781958007812,-4.716577270507813,7.570465649414062,0.3229525272392561,-0.2845819299435029,-0.4143491582978905,1.6639701538085936,-1.3646949462890625,-11.020510241699219,-0.47803369130959195,-1.0356064332635055,-0.318156202577287
1708241589.2529957,8.504204296874999,4.151545678710937,4.359841223144531,1.3313797874182698,-0.6585620223364863,-0.0401026034236865,8.413224633789062,-2.829946362304687,7.747636572265624,0.04236753451406082,-0.1386937214752746,-0.6099326195137436,2.1404162841796874,-1.0127473022460938,-11.068394274902342,-0.44339356875092584,-1.1299341516155657,-0.3465344568272711
1708241589.293015,8.580818749999999,3.7229835815429686,4.297591979980469,0.7019954067754292,-0.5041470144692017,-0.014522205226517705,7.3932947265625,-3.143586779785156,7.513004809570312,-0.05022817771006582,-0.29723889780147705,-0.4938882089422122,1.0941501586914062,-0.7398083129882812,-10.886434948730468,-0.36625268043758874,-1.1424578882329295,-0.3080306282909076
1708241589.3331852,8.298302954101562,4.338293408203125,3.450044592285156,0.866535988929093,-0.6785467084280244,0.044232771882604376,7.319074475097656,-2.839523168945312,7.398083129882812,-0.29377488554561043,-0.33614242005967127,-0.7106554374150957,0.19153613281249998,-0.622492431640625,-10.383652600097655,-0.3012358350197846,-1.2060091900040206,-0.24994180738483682
1708241589.37454,8.097190014648437,3.1938650146484373,3.246537451171875,0.6207243500031742,-0.727575804972598,0.09259571222412663,7.570465649414062,-2.6336218261718747,6.794744311523437,0.1272358347827927,-0.4850949470619354,-0.685075039217927,0.8643067993164062,-1.5059528442382812,-10.850521923828124,-0.18012863730506362,-1.1806952542880724,-0.31669065893057413
1708241589.4144375,9.030928662109375,3.5817256835937497,2.940079638671875,1.1770980107915956,-0.7227794803106288,0.16374119471000237,8.092401611328125,-2.7653029174804686,6.79953271484375,0.046764165454199216,-0.4921562028142789,-0.6801454833153475,-0.22266075439453123,-0.0909796630859375,-11.444283935546874,-0.23941653937662674,-1.0829035236801459,-0.3117611030279947
1708241589.454439,9.205705383300781,3.9719805541992184,2.602497204589844,0.7979219000148121,-0.6904042888423372,0.1267029098203517,8.8872765625,-1.7214309936523438,6.6343328002929685,0.28031853024397474,-0.3064318534035846,-0.7715421143739819,-0.32561142578124996,-0.35194764404296874,-11.717222924804688,-0.2648637063331853,-1.001765698148501,-0.3627886681817221
1708241589.4952369,9.854534033203125,5.1714755859374995,1.8219874633789062,0.8426875968598576,-0.6401761111322712,0.22715926524048335,9.138667736816405,-0.46686932373046874,7.513004809570312,-0.1232388975644851,-0.20424349185551963,-0.8454854529126729,-0.74699091796875,-0.5458779785156249,-11.935095275878906,-0.06914701387672191,-0.8813246566368313,-0.2740566619352928
1708241589.5350864,10.070012182617187,5.006275671386718,1.3383587280273437,0.5864839211663389,-0.5718284846992109,0.2952404291923232,9.574412438964844,-0.3758896606445312,7.939172705078125,0.24048238930150875,-0.3702496176558963,-0.5005497709727249,-0.5482721801757812,0.33518823242187495,-12.81376728515625,-0.04743032165725048,-0.5888820834973234,-0.14815313955860265
1708241589.5780973,10.9175595703125,5.877765075683594,1.0007762939453124,0.537321593381155,-0.3895681475443831,0.2849816236653337,10.199299072265624,1.120486376953125,8.183381274414062,0.17013629425929458,-0.3487993879176454,-0.2880459421993695,-0.8906430175781249,0.05027823486328125,-12.753912243652342,0.09885758053280859,-0.4082205212298188,-0.14868606452104366
1708241589.618112,10.967837805175781,5.595249279785156,0.8978256225585937,0.0369050536490404,-0.10858346109735714,0.320820827389492,9.794678991699218,0.9097966308593749,7.651868505859374,-0.1482863707992129,-0.42141041405023394,0.020251148572758632,-1.3048399047851562,0.2059013427734375,-12.133814013671874,0.19078713655388396,-0.20864012279565802,-0.09046401237436258
1708241589.6580157,10.409988818359375,4.513070129394531,0.7541735229492187,0.0752756509447936,-0.04756355289786074,0.27538897434139537,9.698910925292969,-0.28969840087890625,6.208164904785156,0.05688973974057853,-0.44445941867580785,0.1613430323790178,-1.6136919189453125,0.25139117431640623,-11.575965026855467,0.15135068933324874,-0.08526799399056267,-0.07820673823821919
1708241589.6979172,9.885658654785155,4.149151477050781,0.7565677246093749,0.21170444132969385,0.03503981628049684,0.20157886704331454,9.516951599121093,-0.2442085693359375,5.7125651611328125,-0.1999800921559915,-0.2412817767451703,0.08993108741192156,-1.5131354492187499,0.32082302246093747,-11.145008728027342,0.07953905064432175,-0.031575804024630234,-0.07047932628282445
1708241589.7378674,9.414000927734374,4.101267443847656,1.216254443359375,0.050094946469455566,0.06501684541780403,0.08753292508093698,8.997409838867187,-1.3311761230468748,5.580884069824219,-0.3966294032967267,-0.03970290970185574,0.009192955602107537,-1.7597382202148437,0.5099649536132812,-10.94868419189453,-0.04636447173236845,-0.010924961730040842,-0.04276722823589159
1708241589.7777398,9.18655177001953,3.718195178222656,1.2689268798828124,0.14189127124992068,0.007860643196004996,0.009326186842717792,9.05965908203125,-1.7262193969726563,6.095637426757812,-0.14282388993419246,0.05728943346240929,-0.18945482414778142,-2.0638018310546875,-0.11731588134765625,-10.55364091796875,-0.09832465557036758,-0.033041347671343035,-0.05129402763494785
1708241589.8176754,9.0021982421875,4.091690637207031,1.0654197387695312,0.19132006151632497,-0.12070750399289026,0.03410719759622506,8.568847741699217,-1.0821791503906248,5.9974751586914055,-0.24741041381324197,0.14535528350578727,-0.43952986277322853,-1.898601916503906,-0.08858546142578125,-10.287884533691406,-0.059021439590342596,-0.0528928025222709,-0.039969372183076245
1708241589.8578691,8.959102612304687,3.5242648437499997,0.9337386474609375,0.09792496184853682,-0.09566003075816248,0.06461715169597326,8.40125362548828,-0.6057330200195312,6.0716954101562495,-0.1650735071161049,0.0816707504940858,-0.5534425734949958,-2.0302830078125,-0.26815058593749996,-10.216058483886718,-0.01438897398590745,-0.11311332327810578,-0.03943644722063524
1708241589.899408,8.959102612304687,3.7301661865234372,0.718260498046875,0.23795099572991393,-0.1819938746736072,0.13309800936964392,8.453926062011718,-0.18914193115234373,6.315903979492187,-0.15827871384498196,0.0863338439154447,-0.5311929563130834,-1.9201497314453124,-0.09816226806640624,-10.462661254882812,0.02118376725703041,-0.11870903538373646,-0.0464977029729787
1708241589.9392974,9.176974963378905,3.689464758300781,0.842758984375,0.2621990815209802,-0.17666462504919703,0.1590781012886435,8.499415893554687,0.0430956298828125,6.56968935546875,-0.07420980101991156,-0.03583920372415837,-0.4601807050678179,-1.9009961181640624,-0.2154781494140625,-10.558429321289061,0.08127105677225505,-0.11258039831566477,-0.050094946469455566
1708241589.9790907,9.332598071289063,4.244919543457031,0.7517793212890624,0.17053598798112535,-0.20610872922406318,0.23382082727099607,8.518569506835936,0.5386953735351562,7.196970190429687,-0.3336110264880764,-0.13935987767832586,-0.44752373720984373,-2.042254016113281,-0.062249243164062495,-10.862492932128905,0.14722052087433085,-0.12017457903044926,0.02438131703167651
1708241590.0188422,9.53131680908203,3.8953661010742184,0.584185205078125,-0.006661562030512709,-0.200246554637212,0.23968300185784724,8.80347950439453,0.5315127685546874,6.624755993652343,-0.368517611527963,-0.34160490092469165,-0.264197550130134,-1.8698714965820311,-0.12210428466796874,-11.075576879882812,0.22889127136841667,-0.09552679951755223,0.10298774899172647
1708241590.0586867,9.78031378173828,3.861847277832031,0.47884033203125,-0.02598009191899956,-0.18825574298228911,0.24900918870056504,9.133879333496093,0.7302315063476562,6.296750366210937,-0.18465849948581226,-0.34160490092469165,-0.11604441057153138,-1.5945383056640625,-0.2154781494140625,-11.099518896484375,0.21490199110433997,-0.05049464019128633,0.11644410429336215
1708241590.0986629,9.957484704589843,3.5769372802734374,0.5458779785156249,-0.12243951012082357,-0.07327718233563979,0.20917304775809903,9.380482104492186,0.43574470214843747,5.772420202636718,-0.1793292498614021,-0.37824349209251157,0.0302434916185277,-1.675941162109375,-0.507570751953125,-10.977414611816405,0.15641347647643838,-0.031842266505850744,0.10458652387904951
1708241590.1387756,9.926360083007811,3.057395520019531,0.7829039428710937,-0.10445329263843926,-0.032774885190122525,0.1901209803508327,9.334992272949219,-0.04548983154296875,5.394136340332031,-0.04316692195772235,-0.3350765701347892,0.07900612568188072,-1.7501614135742187,-0.8762778076171874,-10.805032092285156,0.16187595734145882,-0.029310872934255914,0.09206278726168562
1708241590.1786914,9.732429748535155,2.85388837890625,0.9624690673828125,-0.07847320071943971,-0.005462480865020421,0.18239356839543794,9.275137231445312,-0.39983167724609375,5.147533569335937,-0.07420980101991156,-0.30989586565945115,0.08726646259971647,-1.9608511596679685,-1.149216796875,-10.51533369140625,0.1668055132440382,-0.03583920372415837,0.07794027575699868
1708241590.2198815,9.751583361816406,2.365471240234375,1.0917559570312498,-0.05862174586851183,-0.032375191468291764,0.18798928050106864,9.330203869628905,-0.5243301635742187,4.8506525634765625,-0.07740735079455767,-0.29950382889185134,0.050894333913117096,-2.090138049316406,-1.3575123413085937,-10.570400329589843,0.17892955613957134,-0.07327718233563979,0.031042879062189218
1708241590.259633,9.775525378417969,2.3535002319335936,0.9050082275390624,0.03916998473941472,-0.08127105677225505,0.20224502324636584,9.409212524414063,-0.36152445068359373,4.740519287109374,-0.18865543670411988,-0.2884456359212003,-0.024914241994117528,-2.2361843505859373,-1.1851298217773436,-10.498574279785156,0.1482863707992129,-0.07061255752343472,-0.024781010753507273
1708241590.2996247,9.847351428222655,2.499546533203125,0.63206923828125,0.056090352296917,-0.10018989293891113,0.20450995433674016,9.579200842285156,-0.06464344482421874,4.797980126953124,-0.23115620245879098,-0.22609341531560131,-0.11364624824054681,-2.3487118286132813,-0.7924807495117187,-10.627861169433594,0.14868606452104366,-0.08420214406568063,0.0006661562030512709
1708241590.3396304,9.813832604980469,2.6408044311523438,0.20829554443359374,0.07900612568188072,-0.12750229726401321,0.14282388993419246,9.488221179199218,0.22505495605468748,4.661510632324219,-0.1386937214752746,-0.1859908118919148,-0.09366156214900867,-2.2553379638671873,-0.5674257934570313,-10.704475622558594,0.04716385917602997,-0.11844257290251595,0.036771822408430146
1708241590.3795762,9.82580361328125,2.422932080078125,0.35673604736328124,0.13243185316659264,-0.10991577350345969,0.07087902000465522,9.6151138671875,0.2753331909179687,4.57771357421875,0.01732006127933304,-0.08300306290018834,-0.06554977038024505,-2.114080065917969,-0.9121908325195311,-10.766724865722656,0.022516079663132953,-0.11551148560909036,0.053558958725322174
1708241590.4193597,10.084377392578125,2.971204260253906,0.42377369384765623,0.14455589606212577,-0.09925727425463936,0.05475803989081446,9.6151138671875,0.5027823486328125,5.219359619140625,-0.21796630963837582,-0.02598009191899956,-0.10898315481918791,-2.001552587890625,-1.0773907470703123,-10.915165368652342,0.04036906590490701,-0.08326952538140886,0.041301684589178794
1708241590.459382,10.096348400878906,2.674323254394531,0.6488286499023437,0.02131699849764067,-0.027978560528153375,0.07247779489197827,9.53131680908203,0.086191259765625,5.465962390136719,-0.10831699861613663,-0.10352067395416749,-0.007727411955394742,-2.0781670410156248,-1.0462661254882812,-10.98699141845703,0.06648238906451683,-0.0383705972957532,0.03397396635561481
1708241590.5001168,10.070012182617187,2.8802245971679685,0.5674257934570313,0.10098928038257265,-0.044632465604435144,0.07101225124526546,9.622296472167967,0.27293898925781246,5.195417602539062,-0.10898315481918791,-0.11271362955627502,0.008793261880276773,-2.233790148925781,-0.9241618408203125,-10.714052429199219,0.036372128686599385,-0.02145022973825092,0.02691271060327134
1708241590.5414054,10.002974536132811,2.7198130859375,0.4955997436523437,-0.014655436467127957,0.002264931090374321,0.06355130177109124,9.464279162597656,0.13407529296874998,4.967968444824218,-0.1901209803508327,-0.08620061267483445,-0.023182235866184224,-2.2026655273437497,-0.9217676391601562,-10.802637890625,0.06261868308681946,-0.0037304747370871167,0.08713323135910622
1708241590.5812693,10.014945544433592,2.760514514160156,0.4165910888671875,0.04716385917602997,-0.037837672333312186,0.04343338443894285,9.627084875488281,0.2346317626953125,4.989516259765625,-0.22622664655621155,-0.06261868308681946,-0.0369050536490404,-2.3439234252929686,-0.9528922607421875,-10.769119067382812,0.04876263406335302,-0.0021316998497640663,0.11577794809031088
1708241590.6211374,9.938331091308592,2.7365724975585937,0.40940848388671874,-0.0430336907171121,-0.027312404325102103,0.016254211354451008,9.543287817382812,0.15322890625,4.876988781738281,-0.23315467106794477,-0.06594946410207582,-0.041035222107958284,-2.1691467041015624,-1.1635820068359375,-10.64222637939453,0.028111791768763626,0.008260336917835759,0.1215068914365518
1708241590.6609843,9.928754284667969,2.4779987182617185,0.5195417602539062,-0.009059724361497283,-0.03530627876171736,0.0063950995492922,9.550470422363281,0.0526724365234375,4.786009118652344,-0.19811485478744795,-0.036771822408430146,-0.03583920372415837,-2.0757728393554684,-1.2689268798828124,-10.558429321289061,0.01532159267017923,0.002264931090374321,0.1394931089189361
1708241590.7009192,9.794678991699218,2.389413256835937,0.55545478515625,-0.020517611053979142,-0.019984686091538122,-0.003464012255866608,9.457096557617186,-0.0909796630859375,4.651933825683593,-0.19291883640364801,-0.026646248122050836,-0.022116385941302188,-2.3151930053710936,-1.3479355346679687,-10.601524951171875,0.008260336917835759,-0.03757120985209167,0.09685911192365478
1708241590.740819,9.816226806640625,2.114080065917969,0.6919242797851562,0.023182235866184224,-0.0095926493239383,0.015987748873230498,9.5384994140625,-0.229843359375,4.709394665527343,-0.13203215944476188,-0.033041347671343035,0.002797856052815337,-1.9488801513671874,-1.656787548828125,-10.484209069824217,0.026513016881440577,-0.011724349173702367,0.032375191468291764
1708241590.780716,9.888052856445311,2.1835119140624997,0.8738836059570312,0.080205206847373,0.02105053601642016,0.044765696845045395,9.509768994140625,-0.12449848632812499,4.76924970703125,-0.14322358365602322,-0.0654165391396348,0.022116385941302188,-2.0973206542968748,-1.455674609375,-10.541669909667968,0.019052067407266345,-0.023848392069235495,-0.016120980113840753
1708241590.8205063,9.859322436523437,2.176329309082031,0.7757213378906249,0.11777641669946469,0.005995405827461438,0.05649004601874777,9.598354455566406,-0.33518823242187495,4.697423657226563,-0.06634915782390657,-0.08366921910323963,-0.0033307810152563544,-2.231395947265625,-1.209071838378906,-10.615890161132812,-0.00013323124061025415,-0.03064318534035846,-0.03743797861148142
1708241590.8619816,9.9215716796875,2.4588451049804685,0.6248866333007812,0.17533231264309448,-0.026646248122050836,0.03144257278401998,9.60793126220703,-0.05985504150390625,4.563348364257812,-0.12243951012082357,-0.03757120985209167,-0.04063552838612752,-2.221819140625,-1.0797849487304687,-10.702081420898438,-0.035173047521107094,-0.03357427263378405,-0.01532159267017923
1708241590.90193,9.995791931152343,2.499546533203125,0.5003881469726562,0.12563705989546967,-0.02904441045303541,-0.006261868308681946,9.60793126220703,0.13646949462890623,4.802768530273437,-0.1220398163989928,0.014921898948348467,-0.04716385917602997,-2.061407629394531,-1.0965443603515623,-10.749965454101561,-0.0383705972957532,-0.01958499236970736,0.009459418083328047
1708241590.941936,10.105925207519531,2.6408044311523438,0.40462008056640625,0.15921133252925374,-0.017719755001163805,-0.0255803981971688,9.658209497070311,0.26336218261718747,4.958391638183594,-0.14175804000931044,0.01372281778285618,-0.029177641693645662,-2.0829554443359375,-1.2617442749023438,-10.735600244140624,-0.045032159326265905,0.002398162330984575,0.01052526800821008
1708241590.9817886,10.070012182617187,2.480392919921875,0.4836287353515625,0.07887289444127048,0.02971056665608668,-0.02105053601642016,9.543287817382812,0.25139117431640623,4.965574243164062,-0.12310566632387485,-0.005462480865020421,0.03490658503988659,-2.0350714111328125,-1.35990654296875,-10.651803186035156,-0.013323124061025418,0.020251148572758632,-0.002797856052815337
1708241591.0215836,9.95987890625,2.442085693359375,0.45968671875,0.08180398173469605,0.049428790266404295,0.009192955602107537,9.485826977539062,0.22744915771484372,4.833893151855468,-0.0848683002687319,-0.031042879062189218,0.06861408891428089,-2.2074539306640624,-1.4987702392578124,-10.529698901367187,-0.006261868308681946,0.01732006127933304,-0.02598009191899956
1708241591.0614238,9.909600671386718,2.3367408203125,0.49799394531249996,0.09219601850229589,0.06141960192132717,0.031842266505850744,9.533711010742186,-0.04548983154296875,4.778826513671874,-0.12830168470767475,-0.057822358424850305,0.07087902000465522,-2.166752502441406,-1.3311761230468748,-10.520122094726561,0.022116385941302188,0.009192955602107537,-0.022249617181912446
1708241591.1014616,9.861716638183593,2.281674182128906,0.6392518432617187,0.1267029098203517,0.05728943346240929,0.03810413481453269,9.49300958251953,-0.11013327636718749,4.620809204101562,-0.06022052075583488,-0.033307810152563545,0.07194486992953725,-2.1260510742187497,-1.2928688964843749,-10.572794531249999,-0.002264931090374321,0.0030643185340358454,-0.059287902071563106
1708241591.1413455,9.919177478027343,2.2385785522460937,0.6177040283203125,0.1414915775280899,0.055690658575086247,0.03011026037791744,9.555258825683593,-0.16759411621093748,4.740519287109374,-0.09992343045769063,-0.03037672285913795,0.049562021507014546,-2.2361843505859373,-1.2808978881835937,-10.589553942871094,-0.010791730489430587,0.0033307810152563544,-0.07141194496709623
1708241591.1836612,9.89523546142578,2.4444798950195312,0.63206923828125,0.17519908140248425,0.041301684589178794,0.03130934154340973,9.49300958251953,0.00239420166015625,4.843469958496094,-0.0863338439154447,-0.025180704475338038,0.04583154676992743,-2.221819140625,-1.1707646118164061,-10.69968721923828,-0.00479632466196915,0.01212404289553313,-0.06341807053048099
1708241591.2235956,10.01733974609375,2.597708801269531,0.40462008056640625,0.16880398185319204,0.02438131703167651,0.01185758041431262,9.567229833984374,0.201112939453125,4.841075756835937,-0.10978254226284943,-0.014122511504686942,0.03530627876171736,-2.185906115722656,-0.9457096557617187,-10.694898815917968,-0.028245023009373885,0.02371516082862524,-0.015588055151399738
1708241591.2635717,9.986215124511718,2.664746447753906,0.35673604736328124,0.10218836154806493,0.050361408950676076,-0.023315467106794475,9.550470422363281,0.258573779296875,4.88417138671875,-0.13229862192598238,0.027045941843881597,0.031575804024630234,-2.2194249389648437,-1.2018892333984375,-10.694898815917968,-0.01345635530163567,0.032375191468291764,0.014788667707738212
