1708243746.2480903,2.7940333374023436,9.421183532714844,-0.11013327636718749,0.11644410429336215,-0.003863705977697371,0.044898928085655654,5.341463903808593,6.059724401855468,7.091625317382812,-0.11351301699993654,-0.07021286380160395,0.02464777951289702,-7.42441934814453,6.074089611816406,-1.1252747802734375,-0.0009326186842717792,-0.01732006127933304,0.023182235866184224
1708243746.2760026,2.77727392578125,9.600748657226562,-0.19871873779296872,0.11018223598468019,-0.004396630940138387,0.041168453348568536,5.367800122070312,6.105214233398437,6.995857250976562,-0.1212404289553313,-0.05982082703400412,0.011990811654922875,-7.438784558105469,6.160280871582031,-1.1372457885742187,-0.0021316998497640663,-0.010924961730040842,0.026113323159609816
1708243746.3033693,2.877830395507812,9.469067565917967,-0.09576806640624999,0.12603675361730043,-0.004263399699528133,0.0369050536490404,5.453991381835937,5.97592734375,6.804321118164062,-0.10498621760088028,0.004263399699528133,-0.002797856052815337,-7.4411787597656245,6.260837341308593,-1.1013327636718748,-0.011724349173702367,-0.009326186842717792,0.029444104174866172
1708243746.330654,2.8754361938476563,9.303867651367186,-0.258573779296875,0.10525268008210079,0.004663093421358896,0.025047473234727783,5.216965417480468,6.028599780273437,6.89530078125,-0.11591117933092111,0.04316692195772235,0.0287779479718149,-7.448361364746093,6.186617089843749,-1.0989385620117187,-0.0255803981971688,-0.011324655451871604,0.020517611053979142
1708243746.3579333,2.770091320800781,9.404424121093749,-0.06703764648437499,0.09512710579572148,0.004130168458917879,0.0029310872934255917,5.307945080566406,5.882553479003906,6.931213806152344,-0.16120980113840752,0.054225114928373445,-0.002531393571594829,-7.448361364746093,6.086060620117187,-1.1635820068359375,-0.028245023009373885,-0.013323124061025418,0.011058192970651094
1708243746.3860762,2.779668127441406,9.327809667968749,-0.06943184814453125,0.09472741207389071,0.017719755001163805,-0.010392036767599824,5.276820458984375,5.781997009277344,7.048529687499999,-0.17253445659027913,0.05808882090607082,-0.024914241994117528,-7.438784558105469,6.133944653320312,-1.1947066284179686,-0.03397396635561481,-0.01945176112909711,0.0011990811654922875
1708243746.4257243,2.7820623291015623,9.380482104492186,-0.17477672119140625,0.10991577350345969,0.009059724361497283,-0.018652373685435583,5.224148022460938,6.121973645019531,7.146691955566406,-0.14069219008442838,0.023581929588014985,0.016120980113840753,-7.433996154785156,6.0884548217773435,-1.0845733520507812,-0.02971056665608668,-0.01438897398590745,-0.0035972434964768626
1708243746.469154,2.81558115234375,9.521740002441407,-0.19632453613281248,0.12190658515838257,0.0035972434964768626,-0.0005329249624410166,5.336675500488281,6.016628771972656,7.0652890991210935,-0.08580091895300368,0.008793261880276773,0.009725880564548555,-7.472303381347656,6.117185241699218,-1.2018892333984375,-0.015854517632620246,-0.010658499248820334,-0.0021316998497640663
1708243746.51122,2.9544448486328125,9.574412438964844,-0.1580173095703125,0.12510413493302866,0.0003996937218307625,0.00159877488732305,5.398924743652343,5.95677373046875,7.005434057617187,-0.12044104151166976,-0.008926493120887028,-0.016653905076281773,-7.455543969726562,6.196193896484375,-1.3000515014648437,-0.020251148572758632,-0.0037304747370871167,0.0009326186842717792
1708243746.550937,2.9281086303710935,9.548076220703125,-0.10773907470703124,0.11324655451871604,0.01505513018895872,0.010125574286379316,5.310339282226562,6.100425830078125,7.149086157226562,-0.12270597260204408,-0.0191852986478766,0.0029310872934255917,-7.503428002929687,6.1459156616210935,-1.1731588134765625,-0.014788667707738212,-0.0029310872934255917,0.0063950995492922
1708243746.590784,2.9185318237304685,9.634267480468749,-0.09337386474609374,0.12736906602340298,0.0033307810152563544,0.014788667707738212,5.386953735351562,6.023811376953125,7.146691955566406,-0.11151454839078273,-0.005595712105630674,0.024914241994117528,-7.378929516601562,6.157886669921875,-1.1611878051757811,-0.02145022973825092,-0.002531393571594829,0.016787136316892024
1708243746.6307693,2.887407202148437,9.536105212402344,-0.09337386474609374,0.095926493239383,0.009725880564548555,0.023315467106794475,5.324704492187499,5.8610056640625,7.208941198730468,-0.12164012267716205,-0.02131699849764067,0.022382848422522698,-7.486668591308593,6.189011291503906,-1.1061211669921875,-0.02011791733214838,-0.0033307810152563544,0.00866003063966652
1708243746.672686,2.858676782226562,9.583989245605467,-0.076614453125,0.11990811654922875,0.0,0.033041347671343035,5.331887097167969,6.2009822998046875,7.249642626953125,-0.15614701399521788,-0.041434915829789046,0.0334410413931738,-7.350199096679687,6.059724401855468,-1.13006318359375,-0.031575804024630234,0.00013323124061025415,-0.00866003063966652
1708243746.7127278,2.887407202148437,9.782707983398437,-0.28490999755859375,0.14961868320531543,-0.01692036755750228,0.07620826962906538,5.322310290527343,6.2009822998046875,7.395688928222656,-0.16733843820647926,-0.06355130177109124,0.05955436455278361,-7.611167077636718,6.086060620117187,-1.2234370483398436,-0.02584686067838931,0.004663093421358896,-0.007727411955394742
1708243746.7524688,2.896984008789062,9.5001921875,-0.37828386230468747,0.15508116407033584,-0.01572128639200999,0.08899846872764978,5.377376928710937,5.729324572753906,7.096413720703125,-0.08953139369009079,-0.1365620216255105,0.03823736605514295,-7.539341027832031,6.157886669921875,-1.2761094848632812,0.009192955602107537,0.0002664624812205083,0.0035972434964768626
1708243746.7922592,3.0693665283203124,9.236830004882812,-0.12210428466796874,0.19598315493768387,-0.032774885190122525,0.05968759579339387,5.53539423828125,5.698199951171874,6.756437084960937,-0.12656967857974144,-0.07620826962906538,-0.009192955602107537,-7.359775903320312,6.248866333007812,-1.158793603515625,0.0037304747370871167,0.0009326186842717792,0.020384379813368887
1708243746.832041,3.0262708984374997,9.100360510253905,-0.00718260498046875,0.1342970905351362,-0.0003996937218307625,0.009326186842717792,5.377376928710937,5.439626171875,6.957550024414062,-0.15068453313019745,-0.04756355289786074,-0.018918836166656093,-7.419630944824219,6.205770703124999,-1.1037269653320312,-0.028911179212425153,-0.0058621745868511835,0.01945176112909711
1708243746.8721213,2.9568390502929685,9.198522778320312,-0.055066638183593745,0.09432771835205994,-0.014255742745297196,-0.01732006127933304,5.442020373535156,5.7149593627929685,7.000645654296875,-0.1957166924564634,0.0019984686091538122,-0.029843797896696934,-7.390900524902343,6.105214233398437,-1.0749965454101562,-0.032241960227681506,-0.012257274136143382,0.017986217482384312
1708243746.912108,3.0430303100585934,9.337386474609374,-0.26336218261718747,0.11271362955627502,0.0039969372183076245,-0.03490658503988659,5.410895751953125,5.973533142089844,7.072471704101562,-0.15601378275460764,-0.009459418083328047,-0.0191852986478766,-7.5153990112304685,6.143521459960938,-1.216254443359375,-0.025180704475338038,-0.0074609494741742334,0.004663093421358896
1708243746.9517872,2.9975404785156248,9.418789331054686,-0.19393033447265623,0.11178101087200323,0.006261868308681946,-0.036238897445989134,5.363011718749999,5.91846650390625,7.105990527343749,-0.16520673835671518,-0.017719755001163805,-0.04396630940138387,-7.431601953125,6.1842228881835934,-1.2018892333984375,-0.01212404289553313,-0.00866003063966652,0.005595712105630674
1708243746.9929001,2.9281086303710935,9.512163195800781,-0.24181436767578124,0.11644410429336215,-0.0014655436467127959,-0.036505359927209644,5.633556506347656,5.76523759765625,7.110778930664062,-0.23848392069235497,-0.04316692195772235,-0.09712557440487528,-7.448361364746093,6.256048937988281,-1.2138602416992186,-0.01692036755750228,-0.008260336917835759,0.009992343045769061
1708243747.0329628,3.1004911499023438,9.402029919433593,-0.16280571289062498,0.13789433403161305,-0.0127901990985844,-0.04396630940138387,5.506663818359375,5.944802722167968,7.053318090820312,-0.2653966312956263,-0.05022817771006582,-0.1215068914365518,-7.369352709960937,6.224924316406249,-1.2138602416992186,-0.016120980113840753,-0.002264931090374321,0.02131699849764067
1708243747.0729008,2.990357873535156,9.361328491210937,-0.16519991455078123,0.12030781027105951,0.002398162330984575,-0.04916232778518379,5.482721801757812,5.767631799316406,7.115567333984375,-0.2721914245667493,0.02105053601642016,-0.1505513018895872,-7.438784558105469,6.227318518066406,-1.3120225097656248,-0.020517611053979142,0.010392036767599824,0.025047473234727783
1708243747.1127481,2.9281086303710935,9.504980590820312,-0.2442085693359375,0.12736906602340298,-0.008526799399056265,-0.045165390566876164,5.600037683105469,5.805939025878906,7.101202124023437,-0.3266830019763432,0.11124808590956223,-0.20677488542711447,-7.45075556640625,6.095637426757812,-1.2306196533203124,-0.023581929588014985,0.009725880564548555,0.02371516082862524
1708243747.1525135,2.863465185546875,9.425971936035156,-0.3711012573242187,0.14455589606212577,-0.005196018383799912,-0.05542419609386573,4.927267016601562,6.0525417968749995,7.323862878417969,-0.27339050573224155,0.020384379813368887,-0.12603675361730043,-7.41244833984375,6.148309863281249,-1.2569558715820313,-0.020650842294589397,0.009059724361497283,0.011191424211261349
1708243747.1922941,2.9185318237304685,9.449913952636718,-0.45968671875,0.10738437993186485,-0.008260336917835759,-0.053558958725322174,5.279214660644531,5.954379528808594,7.134720947265625,-0.25886830050572385,0.029310872934255914,-0.10711791745064435,-7.376535314941406,6.150704064941406,-1.2042834350585936,-0.04543185304809667,0.020251148572758632,0.004396630940138387
1708243747.232148,2.971204260253906,9.56962403564453,-0.32561142578124996,0.11537825436848011,0.033307810152563545,-0.05049464019128633,4.9416322265625,6.172251879882812,7.436390356445312,-0.23142266494001146,0.009059724361497283,-0.01505513018895872,-7.486668591308593,6.083666418457031,-1.2042834350585936,-0.07047932628282445,0.022782542144353463,-0.015987748873230498
1708243747.2720575,2.817975354003906,9.588777648925781,-0.3016694091796875,0.080205206847373,0.041834609551619814,-0.028911179212425153,5.1882349975585935,5.916072302246094,7.465120776367187,-0.18958805538839169,0.04836294034152226,0.026513016881440577,-7.426813549804687,6.212953308105468,-1.2832920898437499,-0.071811638688927,0.01985145485092787,-0.005196018383799912
1708243747.3133726,2.877830395507812,9.358934289550781,-0.2657563842773437,0.12084073523350053,0.0401026034236865,-0.032508422708902016,5.183446594238281,5.664681127929687,7.4411787597656245,-0.1692036755750228,0.06701531402695785,0.02744563556571236,-7.577648254394531,6.110002636718749,-1.2761094848632812,-0.0747427259823526,0.008260336917835759,-0.010924961730040842
1708243747.3531768,2.8275521606445313,9.595960253906249,-0.1149216796875,0.06768147023000912,0.036372128686599385,-0.03170903526524049,5.087678527832031,5.595249279785156,7.742848168945312,-0.22569372159377055,0.024514548272286763,0.03943644722063524,-7.5465236328125,6.069301208496094,-1.24498486328125,-0.053692189965932426,-0.0037304747370871167,-0.008526799399056265
1708243747.3929987,2.7437551025390623,9.41639512939453,-0.10295067138671875,0.10418683015721876,0.013189892820415163,-0.03130934154340973,5.252878442382812,5.482721801757812,7.68059892578125,-0.10645176124759308,0.026779479362661087,-0.01345635530163567,-7.5345526245117185,6.141127258300781,-1.2114660400390624,-0.04023583466429676,-0.011191424211261349,-0.012523736617363892
1708243747.4328308,2.8323405639648436,9.598354455566406,-0.12449848632812499,0.14402297109968476,0.010658499248820334,-0.029177641693645662,5.128379956054687,5.793968017578124,7.558494641113281,-0.11284686079688527,0.011990811654922875,-0.0014655436467127959,-7.532158422851562,6.153098266601562,-1.2497732666015624,-0.037837672333312186,-0.017986217482384312,-0.0073277182335639785
1708243747.4728687,2.779668127441406,9.586383447265625,-0.16280571289062498,0.10178866782623419,0.011457886692481857,-0.02531393571594829,5.221753820800781,5.686228942871093,7.580042456054687,-0.11671056677458265,0.004663093421358896,-0.014122511504686942,-7.503428002929687,6.119579443359375,-1.197100830078125,-0.031575804024630234,-0.021716692219471426,-0.004130168458917879
1708243747.5127718,2.829946362304687,9.557653027343749,-0.15322890625,0.11977488530861849,-0.00013323124061025415,-0.020251148572758632,5.140350964355468,5.68862314453125,7.599196069335937,-0.12550382865485943,-0.012656967857974145,-0.010125574286379316,-7.467514978027343,6.205770703124999,-1.2689268798828124,-0.028111791768763626,-0.02398162330984575,0.005196018383799912
1708243747.5524893,2.81558115234375,9.473855969238281,-0.181959326171875,0.10112251162318292,0.007993874436615249,-0.024781010753507273,5.212177014160156,5.664681127929687,7.50821640625,-0.1259035223766902,-0.0019984686091538122,-0.02691271060327134,-7.498639599609374,6.143521459960938,-1.2210428466796874,-0.03317457891195329,-0.02851148549059439,-0.002797856052815337
1708243747.5921557,2.8850130004882812,9.449913952636718,-0.19632453613281248,0.11058192970651096,0.004130168458917879,-0.031842266505850744,5.104437939453125,5.7891796142578125,7.410054138183593,-0.13629555914429,0.005462480865020421,-0.018385911204215073,-7.448361364746093,6.167463476562499,-1.1707646118164061,-0.044232771882604376,-0.021716692219471426,-0.0031975497746461
1708243747.6336002,2.829946362304687,9.483432775878907,-0.28490999755859375,0.09685911192365478,0.015188361429568975,-0.02464777951289702,5.066130712890625,5.777208605957031,7.644685900878906,-0.12403828500814663,-0.000799387443661525,0.010392036767599824,-7.48906279296875,6.042964990234375,-1.3168109130859373,-0.03983614094246599,-0.022116385941302188,-0.00159877488732305
1708243747.6741712,2.770091320800781,9.521740002441407,-0.24899697265624998,0.11671056677458265,0.0006661562030512709,-0.026379785640830326,5.204994409179688,5.705382556152343,7.5153990112304685,-0.0961929557206035,-0.002797856052815337,-0.011990811654922875,-7.544129431152343,6.121973645019531,-1.2521674682617188,-0.0302434916185277,-0.02105053601642016,-0.012656967857974145
1708243747.71392,2.8514941772460936,9.445125549316407,-0.229843359375,0.12750229726401321,0.0018652373685435584,-0.032108728987071254,5.042188696289062,5.844246252441406,7.532158422851562,-0.09859111805158809,-0.018785604926045835,0.0191852986478766,-7.5153990112304685,6.069301208496094,-1.216254443359375,-0.050361408950676076,-0.013589586542245924,-0.02118376725703041
1708243747.7537065,2.81558115234375,9.526528405761718,-0.26336218261718747,0.11484532940603909,0.008127105677225504,-0.020251148572758632,5.1882349975585935,5.741295581054687,7.599196069335937,-0.0848683002687319,-0.03170903526524049,0.0302434916185277,-7.410054138183593,6.047753393554687,-1.1851298217773436,-0.0334410413931738,-0.013856049023466432,-0.015987748873230498
1708243747.7934933,2.7844565307617186,9.406818322753905,-0.1388636962890625,0.1261699848579107,0.006528330789902454,-0.01372281778285618,5.238513232421875,5.609614489746093,7.613561279296874,-0.0863338439154447,-0.0671485452675681,0.021716692219471426,-7.453149768066406,6.0716954101562495,-1.2928688964843749,-0.027978560528153375,-0.01185758041431262,-0.012656967857974145
1708243747.8331478,2.7174188842773437,9.536105212402344,-0.13646949462890623,0.10058958666074189,-0.011457886692481857,-0.0039969372183076245,5.125985754394531,5.772420202636718,7.675810522460937,-0.09019754989314206,-0.0831362941407986,0.028911179212425153,-7.5153990112304685,5.992686755371094,-1.2569558715820313,-0.004929555902579405,-0.009326186842717792,-0.0074609494741742334
1708243747.8731885,2.7581203125,9.56962403564453,-0.25139117431640623,0.14548851474639754,-0.025447166956558548,0.0073277182335639785,5.181052392578125,5.791573815917968,7.46272657470703,-0.05502450237203497,-0.07913935692249098,-0.0013323124061025418,-7.560888842773437,6.016628771972656,-1.254561669921875,0.009326186842717792,-0.016520673835671518,-0.008260336917835759
1708243747.9132862,2.7557261108398436,9.543287817382812,-0.22744915771484372,0.12523736617363893,-0.03011026037791744,0.01532159267017923,5.307945080566406,5.643133312988281,7.321468676757812,-0.0688805513955014,-0.04916232778518379,-0.00985911180515881,-7.52737001953125,6.121973645019531,-1.0917559570312498,-0.001732006127933304,-0.02131699849764067,0.002797856052815337
1708243747.954465,2.829946362304687,9.471461767578125,-0.33758243408203126,0.1229724350832646,-0.011724349173702367,0.005329249624410167,5.1882349975585935,5.753266589355468,7.4028715332031245,-0.08979785617131131,-0.06861408891428089,0.023049004625573973,-7.465120776367187,6.177040283203125,-1.177947216796875,-0.014921898948348467,-0.018652373685435583,0.0075941807147844875
1708243747.9941502,2.844311572265625,9.564835632324218,-0.28012159423828126,0.10445329263843926,-0.009725880564548555,0.01052526800821008,5.2456958374023435,5.758054992675781,7.522581616210937,-0.09113016857741385,-0.040502297145517265,0.03290811643073278,-7.493851196289062,6.114791040039062,-1.2210428466796874,-0.026779479362661087,-0.026513016881440577,0.014255742745297196
1708243748.0340693,2.8993782104492185,9.605537060546874,-0.2059013427734375,0.10005666169830088,-0.0063950995492922,0.023315467106794475,5.2816088623046875,5.856217260742187,7.606378674316406,-0.09046401237436258,-0.07301071985441929,0.06355130177109124,-7.520187414550781,6.095637426757812,-1.1875240234375,-0.017719755001163805,-0.025180704475338038,0.024781010753507273
1708243748.0740733,2.89219560546875,9.581595043945311,-0.1867477294921875,0.09059724361497283,-0.0018652373685435584,0.04689739669480947,5.386953735351562,5.758054992675781,7.5537062377929685,-0.06435068921475276,-0.09792496184853682,0.058488514627901576,-7.529764221191406,6.035782385253906,-1.254561669921875,-0.012390505376753637,-0.028111791768763626,0.032241960227681506
1708243748.1138515,2.8945898071289062,9.840168823242188,-0.181959326171875,0.09979019921708036,-0.013056661579804908,0.08513476274995241,5.422866760253906,6.074089611816406,7.620743884277343,-0.0654165391396348,-0.09552679951755223,0.10325421147294697,-7.587225061035156,6.136338854980468,-1.13006318359375,-0.02371516082862524,-0.03943644722063524,0.04449923436382489
1708243748.1535587,2.959233251953125,9.97184991455078,-0.3854664672851562,0.10245482402928546,0.000799387443661525,0.1494854519647052,5.499481213378906,5.97592734375,7.716511950683593,-0.033041347671343035,-0.14535528350578727,0.12017457903044926,-7.501033801269531,6.210559106445312,-1.218648645019531,-0.0030643185340358454,-0.02717917308449185,0.06634915782390657
1708243748.193317,3.0885201416015624,9.437942944335937,-0.21787235107421873,0.13336447185086442,0.020517611053979142,0.16760490068769973,5.501875415039062,5.786785412597656,7.275978845214843,-0.0006661562030512709,-0.17972894358323288,0.15814548260437167,-7.4603323730468745,6.241683728027343,-1.3120225097656248,0.0005329249624410166,-0.023581929588014985,0.08233690669713707
1708243748.2331586,3.1675287963867187,9.402029919433593,-0.19632453613281248,0.10112251162318292,0.009326186842717792,0.1590781012886435,5.57370146484375,5.444414575195312,7.149086157226562,0.02717917308449185,-0.13030015331682857,0.12523736617363893,-7.3286512817382805,6.136338854980468,-1.2401964599609374,0.005062787143189658,-0.01985145485092787,0.08366921910323963
1708243748.274434,3.124433166503906,9.327809667968749,-0.19153613281249998,0.11311332327810578,0.013856049023466432,0.14269065869358222,5.600037683105469,5.849034655761718,7.117961535644531,-0.02078407353519965,-0.09712557440487528,0.1215068914365518,-7.426813549804687,6.066907006835937,-1.3742717529296875,0.008926493120887028,-0.02997702913730719,0.07873966320066021
1708243748.3142173,3.1483751831054687,9.516951599121093,-0.2154781494140625,0.05955436455278361,-0.013189892820415163,0.1636079634693921,5.647921716308593,5.755660791015624,7.201758593749999,-0.02424808579106626,-0.0558238898156965,0.08819908128398825,-7.407659936523437,6.062118603515625,-1.2114660400390624,0.03264165394951227,-0.028911179212425153,0.07394333853869106
1708243748.3539464,3.1962592163085937,9.275137231445312,-0.21787235107421873,0.11084839218773146,-0.00479632466196915,0.15854517632620244,5.521029028320312,5.667075329589843,7.070077502441406,0.04356661567955311,-0.08380245034384987,0.08207044421591657,-7.433996154785156,6.244077929687499,-1.2210428466796874,0.0433001531983326,-0.013989280264076687,0.06674885154573734
1708243748.393754,3.2441432495117186,9.17458076171875,-0.16280571289062498,0.14069219008442838,-0.01732006127933304,0.12816845346706449,5.698199951171874,5.4899044067382805,6.794744311523437,0.04276722823589159,-0.12537059741424916,0.037171516130260915,-7.395688928222656,6.335057592773437,-1.2880804931640624,0.025047473234727783,-0.020384379813368887,0.05915467083095285
1708243748.4335756,3.3973721557617185,9.193734375,-0.12449848632812499,0.10471975511965978,-0.0005329249624410166,0.09779173060792655,5.643133312988281,5.679046337890624,6.756437084960937,-0.027045941843881597,-0.09206278726168562,0.06954670759855268,-7.390900524902343,6.251260534667968,-1.2521674682617188,0.011990811654922875,-0.025047473234727783,0.058754977109122086
1708243748.4734275,3.383006945800781,9.258377819824219,-0.12210428466796874,0.06794793271122962,-0.02145022973825092,0.07354364481686029,5.6383449096679685,5.793968017578124,7.003039855957031,-0.05329249624410167,-0.10805053613491612,0.10765084241308535,-7.285555651855469,6.1650692749023435,-1.1827356201171875,-0.0002664624812205083,-0.03970290970185574,0.05675650849996827
1708243748.5132651,3.3542765258789062,9.241618408203124,-0.22026655273437498,0.0511607963943376,-0.015987748873230498,0.06861408891428089,5.834669445800781,5.664681127929687,6.8402341430664055,-0.041967840792230066,-0.12217304763960307,0.07061255752343472,-7.42441934814453,6.1842228881835934,-1.2306196533203124,0.002797856052815337,-0.03770444109270193,0.04170137831100955
1708243748.5529976,3.380612744140625,9.260772021484375,-0.22505495605468748,0.09539356827694198,-0.03370750387439431,0.055690658575086247,5.9783215454101555,5.6574985229492185,6.5601125488281244,-0.06488361417719378,-0.050894333913117096,0.0003996937218307625,-7.280767248535156,6.189011291503906,-1.3048399047851562,0.004130168458917879,-0.03450689131805583,0.050361408950676076
1708243748.5943408,3.423708374023437,9.14824454345703,-0.12449848632812499,0.07301071985441929,-0.03144257278401998,0.044765696845045395,5.609614489746093,5.837063647460937,6.775590698242187,-0.12790199098584398,-0.05675650849996827,0.062085758124378436,-7.472303381347656,6.208164904785156,-1.3120225097656248,-0.002264931090374321,-0.03983614094246599,0.031176110302799476
1708243748.6341276,3.411737365722656,9.203311181640624,-0.19871873779296872,0.08593415019361393,-0.01692036755750228,0.025047473234727783,5.868188269042968,5.578489868164062,6.710947253417968,-0.08220367545652682,-0.0604869832370554,-0.008260336917835759,-7.323862878417969,6.313509777832031,-1.216254443359375,0.0030643185340358454,-0.03317457891195329,0.013323124061025418
1708243748.6747265,3.497928625488281,9.387664709472656,-0.12449848632812499,0.11098162342834172,-0.024914241994117528,0.017453292519943295,5.88015927734375,5.95677373046875,6.76122548828125,-0.09685911192365478,-0.026113323159609816,0.014655436467127957,-7.211335400390625,6.306327172851562,-1.2593500732421874,0.0014655436467127959,-0.0305099540997482,0.01705359879811253
1708243748.7144513,3.5314474487304683,9.145850341796875,-0.16998831787109375,0.10938284854101867,-0.002264931090374321,0.0191852986478766,5.851428857421874,5.57370146484375,6.660669018554687,-0.0767411945915064,-0.044099540641994124,0.0,-7.223306408691406,6.323086584472656,-1.3646949462890625,-0.006661562030512709,-0.01851914244482533,0.011191424211261349
1708243748.7541873,3.5529952636718747,9.260772021484375,-0.02633621826171875,0.11258039831566477,-0.01732006127933304,0.0127901990985844,5.906495495605468,5.738901379394531,6.787561706542968,-0.14895252700226413,-0.016787136316892024,0.014255742745297196,-7.280767248535156,6.303932971191406,-1.3287819213867187,-0.006528330789902454,-0.018252679963604822,0.013589586542245924
1708243748.7940123,3.574543078613281,9.145850341796875,-0.19153613281249998,0.10485298636027003,0.0003996937218307625,0.0073277182335639785,5.930437512207031,5.540182641601562,6.816292126464844,-0.11298009203749554,-0.036638591167819895,-0.03557274124293786,-7.326257080078125,6.311115576171875,-1.3072341064453123,0.007993874436615249,-0.00479632466196915,0.00985911180515881
1708243748.8337262,3.5913024902343746,9.028534460449219,-0.2154781494140625,0.14775344583677189,-0.01532159267017923,-0.026779479362661087,5.947196923828125,5.444414575195312,6.445190869140625,-0.12856814718889525,-0.022249617181912446,-0.10845022985674689,-7.206546997070312,6.5026517089843745,-1.3120225097656248,-0.02145022973825092,0.004929555902579405,0.001732006127933304
1708243748.8739815,3.6056677001953124,8.990227233886719,-0.229843359375,0.14841960203982313,0.016254211354451008,-0.06328483928987072,5.990292553710937,5.786785412597656,6.438008264160156,-0.10898315481918791,0.03530627876171736,-0.049029096544573526,-7.302315063476562,6.315903979492187,-1.3335703247070312,-0.05062787143189658,0.02011791733214838,0.001732006127933304
1708243748.9154887,3.555389465332031,9.478644372558593,-0.38786066894531246,0.09832465557036758,0.013189892820415163,-0.03956967846124549,5.963956335449218,6.124367846679687,6.842628344726562,-0.14122511504686944,0.031975497746460996,0.006928024511733216,-7.323862878417969,6.253654736328125,-1.350329736328125,-0.04436600312321464,0.03450689131805583,0.0005329249624410166
1708243748.9553466,3.4955344238281247,9.555258825683593,-0.3447650390625,0.14002603388137713,0.01692036755750228,0.004263399699528133,5.942408520507812,6.153098266601562,6.986280444335937,-0.07460949474174233,-0.011191424211261349,0.037837672333312186,-7.453149768066406,6.1842228881835934,-1.3431471313476562,-0.028245023009373885,0.0383705972957532,0.001732006127933304
1708243748.9950807,3.5098996337890624,9.287108239746093,-0.229843359375,0.14655436467127958,0.016120980113840753,0.027045941843881597,5.853823059082031,5.698199951171874,6.9144543945312495,-0.0738101072980808,-0.03450689131805583,0.03464012255866608,-7.429207751464843,6.311115576171875,-1.2042834350585936,-0.01732006127933304,0.021849923460081685,0.0095926493239383
1708243749.0356674,3.418919970703125,9.296685046386719,-0.02154781494140625,0.13363093433208492,-0.0029310872934255917,0.009192955602107537,5.877765075683594,5.66946953125,6.852205151367187,-0.1291010721513363,-0.027045941843881597,0.024514548272286763,-7.314286071777343,6.418854650878906,-1.2282254516601563,-0.036771822408430146,-0.0003996937218307625,0.01692036755750228
1708243749.075631,3.4428619873046875,9.437942944335937,-0.13168109130859373,0.11031546722529045,-0.009192955602107537,0.008393568158446012,5.985504150390625,5.777208605957031,6.938396411132812,-0.09739203688609578,-0.008260336917835759,0.008393568158446012,-7.4220251464843745,6.4356140625,-1.3000515014648437,-0.02105053601642016,-0.020517611053979142,0.028378254249984136
1708243749.1170068,3.584119885253906,9.392453112792968,-0.0430956298828125,0.08939816244948055,-0.0021316998497640663,0.008793261880276773,6.040570788574218,5.738901379394531,6.969521032714844,-0.11258039831566477,-0.022249617181912446,0.024914241994117528,-7.319074475097656,6.375759020996093,-1.484405029296875,-0.0255803981971688,-0.017453292519943295,0.04809647786030175
1708243749.1569276,3.6439749267578123,9.34696328125,-0.11252747802734374,0.06768147023000912,-0.0013323124061025418,0.020384379813368887,6.021417175292968,5.820304235839844,6.816292126464844,-0.14668759591188982,-0.04729709041664023,0.04436600312321464,-7.218518005371093,6.260837341308593,-1.4413093994140624,-0.018918836166656093,-0.02105053601642016,0.05702297098118878
1708243749.1968699,3.5769372802734374,9.404424121093749,-0.1149216796875,0.06928024511733216,-0.008793261880276773,0.04276722823589159,6.042964990234375,5.865794067382812,6.813897924804687,-0.10671822372881358,-0.06461715169597326,0.02584686067838931,-7.295132458496093,6.270414147949219,-1.3646949462890625,0.006528330789902454,-0.012656967857974145,0.05595712105630675
1708243749.2401145,3.6104561035156246,9.131485131835937,-0.24899697265624998,0.10245482402928546,-0.009725880564548555,0.0604869832370554,5.906495495605468,5.846640454101562,6.6319385986328125,-0.10272128651050597,-0.10245482402928546,0.05702297098118878,-7.213729602050781,6.354211206054687,-1.3575123413085937,-0.008260336917835759,-0.006261868308681946,0.04396630940138387
1708243749.2801378,3.5889082885742187,9.181763366699219,-0.26815058593749996,0.10005666169830088,0.0011990811654922875,0.05235987755982989,5.951985327148437,5.662286926269531,6.4739212890625,-0.111647779631393,-0.07101225124526546,0.03264165394951227,-7.299920861816406,6.296750366210937,-1.3359645263671873,0.0014655436467127959,0.005062787143189658,0.029843797896696934
1708243749.3199396,3.5242648437499997,8.932766394042968,-0.11013327636718749,0.11844257290251595,0.00159877488732305,0.015987748873230498,5.76523759765625,5.473144995117187,6.421248852539062,-0.10698468621003408,-0.030909647821578966,-0.008793261880276773,-7.343016491699219,6.301538769531249,-1.2713210815429687,-0.016787136316892024,0.0057289433462409285,-0.0030643185340358454
1708243749.360521,3.4715924072265625,9.126696728515624,-0.16280571289062498,0.1291010721513363,0.0019984686091538122,-0.0191852986478766,5.84185205078125,5.760449194335937,6.58884296875,-0.1212404289553313,-0.0026646248122050836,-0.02118376725703041,-7.299920861816406,6.287173559570312,-1.369483349609375,-0.025447166956558548,-0.0058621745868511835,-0.01851914244482533
1708243749.400304,3.5122938354492184,9.181763366699219,-0.16041151123046873,0.1360290966630695,0.0006661562030512709,-0.02904441045303541,5.894524487304687,5.863399865722656,6.818686328125,-0.09166309353985486,0.007194486992953725,-0.007194486992953725,-7.326257080078125,6.342240197753906,-1.3239935180664062,-0.03464012255866608,-0.008260336917835759,-0.021983154700691936
1708243749.4402707,3.5697546752929687,9.392453112792968,-0.1149216796875,0.1299004595949978,-0.0074609494741742334,-0.021716692219471426,6.040570788574218,5.671863732910156,6.885723974609375,-0.09819142432975732,-0.0031975497746461,-0.018385911204215073,-7.371746911621093,6.363788012695312,-1.35990654296875,-0.02131699849764067,-0.01532159267017923,-0.025447166956558548
1708243749.480157,3.6296097167968746,9.277531433105468,-0.1867477294921875,0.13229862192598238,-0.005329249624410167,-0.02851148549059439,6.105214233398437,5.68862314453125,6.816292126464844,-0.1151117918872596,-0.008393568158446012,-0.032108728987071254,-7.213729602050781,6.358999609374999,-1.2808978881835937,-0.023182235866184224,-0.026779479362661087,-0.010658499248820334
1708243749.520304,3.687070556640625,9.387664709472656,-0.0383072265625,0.10671822372881358,-0.014788667707738212,-0.019984686091538122,6.076483813476562,5.671863732910156,6.890512377929687,-0.13056661579804907,-0.012523736617363892,-0.020917304775809907,-7.266402038574219,6.433219860839843,-1.3623007446289062,-0.023581929588014985,-0.026113323159609816,0.005329249624410167
1708243749.561491,3.6367923217773437,9.275137231445312,-0.11252747802734374,0.10352067395416749,-0.012390505376753637,-0.02584686067838931,6.069301208496094,5.659892724609374,6.787561706542968,-0.13935987767832586,-0.023049004625573973,-0.033307810152563545,-7.362170104980469,6.347028601074219,-1.407790576171875,-0.014655436467127957,-0.033041347671343035,0.004663093421358896
1708243749.6011858,3.641580725097656,9.334992272949219,-0.15083470458984374,0.10778407365369562,-0.022382848422522698,-0.022516079663132953,6.078878015136718,5.837063647460937,6.732495068359374,-0.1313660032417106,-0.022249617181912446,-0.020517611053979142,-7.244854223632812,6.423643054199219,-1.3551181396484375,-0.026646248122050836,-0.02371516082862524,0.008393568158446012
1708243749.6417856,3.706224169921875,9.303867651367186,-0.316034619140625,0.10711791745064435,0.006661562030512709,0.0018652373685435584,6.138733056640625,5.796362219238281,6.6702458251953125,-0.10272128651050597,-0.03490658503988659,0.007727411955394742,-7.256825231933593,6.399701037597656,-1.4006079711914061,-0.027712098046932865,-0.01052526800821008,0.010924961730040842
1708243749.6819768,3.6918589599609373,9.215282189941405,-0.15322890625,0.1217733539177723,-0.0029310872934255917,0.0021316998497640663,6.136338854980468,5.659892724609374,6.598419775390624,-0.14015926512198737,-0.018918836166656093,-0.012390505376753637,-7.273584643554687,6.354211206054687,-1.3958195678710936,-0.017986217482384312,-0.00159877488732305,0.0191852986478766
1708243749.721775,3.6439749267578123,9.131485131835937,-0.15322890625,0.10991577350345969,0.0010658499248820332,-0.0058621745868511835,5.875370874023437,5.691017346191406,6.675034228515624,-0.12856814718889525,-0.01971822361031762,-0.0031975497746461,-7.314286071777343,6.315903979492187,-1.4101847778320311,-0.029177641693645662,0.007061255752343471,0.006128637068071691
1708243749.7614818,3.5721488769531247,9.222464794921875,-0.2561795776367187,0.13203215944476188,-0.0002664624812205083,-0.0037304747370871167,5.966350537109375,5.820304235839844,6.677428430175781,-0.11711026049641342,-0.016120980113840753,0.00159877488732305,-7.319074475097656,6.320692382812499,-1.3024457031249999,-0.032774885190122525,0.0014655436467127959,0.0019984686091538122
1708243749.801221,3.603273498535156,9.244012609863281,-0.11252747802734374,0.11284686079688527,0.013989280264076687,-0.0011990811654922875,5.983109948730468,5.664681127929687,6.672640026855468,-0.10591883628515206,-0.02424808579106626,0.018119448722994567,-7.316680273437499,6.2584431396484375,-1.3814543579101561,-0.031575804024630234,-0.008260336917835759,0.006528330789902454
1708243749.8421984,3.5697546752929687,9.210493786621093,-0.031124621582031248,0.11497856064664934,-0.002398162330984575,-0.009326186842717792,6.057330200195312,5.595249279785156,6.754042883300781,-0.14642113343066934,-0.0029310872934255917,-0.008926493120887028,-7.3478048950195305,6.251260534667968,-1.3742717529296875,-0.01851914244482533,-0.01572128639200999,0.006261868308681946
1708243749.884106,3.593696691894531,9.289502441406249,-0.01915361328125,0.11617764181214164,-0.017986217482384312,-0.011191424211261349,5.973533142089844,5.748478186035156,6.852205151367187,-0.1055191425633213,-0.03170903526524049,-0.01732006127933304,-7.3094976684570305,6.311115576171875,-1.446097802734375,-0.0030643185340358454,-0.024514548272286763,0.0063950995492922
1708243749.9241226,3.5673604736328124,9.303867651367186,-0.17956512451171874,0.11564471684970061,-0.023315467106794475,0.003863705977697371,6.054935998535156,5.7317187744140625,6.701370446777343,-0.11697702925580315,-0.035173047521107094,-0.02971056665608668,-7.3669585083007805,6.323086584472656,-1.369483349609375,0.0009326186842717792,-0.02624655440022007,0.01185758041431262
1708243749.9638252,3.679887951660156,9.200916979980468,-0.17956512451171874,0.10312098023233673,-0.022516079663132953,-0.0039969372183076245,6.030993981933594,5.664681127929687,6.679822631835937,-0.12883460967011579,-0.03037672285913795,-0.02398162330984575,-7.292738256835937,6.373364819335937,-1.4532804077148436,-0.010791730489430587,-0.025047473234727783,0.0095926493239383
1708243750.0035071,3.6535517333984373,9.241618408203124,-0.277727392578125,0.10591883628515206,-0.017586523760553547,-0.008926493120887028,6.054935998535156,5.815515832519531,6.643909606933593,-0.13336447185086442,-0.028245023009373885,-0.010924961730040842,-7.335833886718749,6.337451794433593,-1.4915876342773438,-0.01958499236970736,-0.02691271060327134,0.011324655451871604
1708243750.0434177,3.689464758300781,9.291896643066405,-0.29927520751953124,0.11018223598468019,-0.0029310872934255917,0.0019984686091538122,6.119579443359375,5.779602807617187,6.636727001953124,-0.10072281790135215,-0.036771822408430146,0.0013323124061025418,-7.249642626953125,6.387730029296875,-1.4772224243164063,-0.013189892820415163,-0.0074609494741742334,0.012257274136143382
1708243750.0836217,3.708618371582031,9.181763366699219,-0.21308394775390624,0.11977488530861849,-0.0011990811654922875,0.002797856052815337,6.062118603515625,5.679046337890624,6.653486413574218,-0.11377947948115706,-0.023182235866184224,0.0075941807147844875,-7.264007836914062,6.392518432617187,-1.4724340209960938,-0.022915773384963714,-0.004130168458917879,0.008926493120887028
1708243750.1234407,3.6296097167968746,9.169792358398437,-0.19153613281249998,0.11471209816542884,0.0002664624812205083,-0.006261868308681946,6.110002636718749,5.710170959472656,6.6319385986328125,-0.11777641669946469,-0.016387442595061263,-0.008793261880276773,-7.254431030273437,6.387730029296875,-1.3623007446289062,-0.02105053601642016,0.0006661562030512709,0.006661562030512709
1708243750.1632903,3.6559459350585937,9.373299499511718,-0.23702596435546874,0.12084073523350053,0.002531393571594829,0.0018652373685435584,6.066907006835937,5.772420202636718,6.701370446777343,-0.10858346109735714,-0.025047473234727783,0.002531393571594829,-7.240065820312499,6.399701037597656,-1.429338391113281,-0.02398162330984575,0.004929555902579405,0.006794793271122962
1708243750.204497,3.6056677001953124,9.220070593261719,-0.21068974609375,0.12630321609852094,0.0031975497746461,0.0002664624812205083,6.069301208496094,5.667075329589843,6.581660363769531,-0.1028545177511162,-0.013323124061025418,-0.00159877488732305,-7.316680273437499,6.301538769531249,-1.5203180541992187,-0.027712098046932865,0.009192955602107537,0.006528330789902454
1708243750.2442465,3.6152445068359373,9.14824454345703,-0.2705447875976562,0.12377182252692612,0.008393568158446012,-0.01705359879811253,5.983109948730468,5.7125651611328125,6.5960255737304685,-0.11644410429336215,-0.005196018383799912,-0.014655436467127957,-7.3837179199218745,6.287173559570312,-1.3910311645507811,-0.032508422708902016,-0.004263399699528133,-0.006928024511733216
1708243750.2842927,3.574543078613281,9.267954626464844,-0.3064578125,0.12497090369241841,0.012390505376753637,-0.02105053601642016,5.954379528808594,5.717353564453124,6.687005236816406,-0.11884226662434672,0.004396630940138387,-0.009992343045769061,-7.287949853515625,6.323086584472656,-1.43652099609375,-0.032774885190122525,-0.002398162330984575,-0.00866003063966652
1708243750.3241124,3.5769372802734374,9.222464794921875,-0.13646949462890623,0.1293675346325568,0.012923430339194655,-0.02371516082862524,6.066907006835937,5.667075329589843,6.641515405273437,-0.11897549786495697,0.009725880564548555,-0.020517611053979142,-7.3094976684570305,6.394912634277343,-1.467645617675781,-0.044232771882604376,-0.0009326186842717792,-0.007194486992953725
1708243750.363892,3.670311145019531,9.222464794921875,-0.23702596435546874,0.11937519158678774,0.005595712105630674,-0.022782542144353463,5.968744738769531,5.832275244140624,6.852205151367187,-0.1308330782792696,0.02011791733214838,-0.0013323124061025418,-7.278373046874999,6.303932971191406,-1.465251416015625,-0.040768759626737774,-0.012257274136143382,-0.0033307810152563544
1708243750.4037964,3.6679169433593746,9.342174877929686,-0.22744915771484372,0.11684379801519292,0.018385911204215073,-0.01572128639200999,6.038176586914062,5.817910034179687,6.79953271484375,-0.10418683015721876,-0.012390505376753637,-0.002264931090374321,-7.333439685058593,6.320692382812499,-1.5059528442382812,-0.026513016881440577,-0.010125574286379316,0.004663093421358896
1708243750.4440694,3.5889082885742187,9.363722692871093,-0.15562310791015624,0.11431240444359807,0.0019984686091538122,-0.0014655436467127959,6.0908490234374995,5.6766521362304685,6.698976245117187,-0.10458652387904951,-0.017719755001163805,0.003863705977697371,-7.295132458496093,6.347028601074219,-1.467645617675781,-0.025180704475338038,-0.017453292519943295,0.008793261880276773
1708243750.4845483,3.622427111816406,9.208099584960937,-0.105344873046875,0.11044869846590069,0.0018652373685435584,-0.006128637068071691,6.093243225097656,5.6383449096679685,6.636727001953124,-0.11004900474406994,-0.01505513018895872,-0.0127901990985844,-7.307103466796875,6.3709706176757805,-1.429338391113281,-0.03130934154340973,-0.017986217482384312,0.008260336917835759
1708243750.5259347,3.718195178222656,9.227253198242186,-0.20350714111328125,0.10338744271355724,0.018385911204215073,-0.006794793271122962,6.081272216796875,5.743689782714843,6.713341455078124,-0.12390505376753637,-0.0019984686091538122,0.019052067407266345,-7.228094812011718,6.299144567871093,-1.4604630126953124,-0.0415681470703993,-0.009326186842717792,0.026513016881440577
1708243750.5657518,3.632003918457031,9.284714038085937,-0.24899697265624998,0.10058958666074189,0.011990811654922875,-0.0019984686091538122,5.999869360351562,5.753266589355468,6.7037646484375,-0.13149923448232087,-0.010791730489430587,0.00159877488732305,-7.364564306640625,6.270414147949219,-1.5107412475585937,-0.023848392069235495,-0.006661562030512709,0.016787136316892024
1708243750.605571,3.6176387084960937,9.2320416015625,-0.26336218261718747,0.11844257290251595,-0.007860643196004996,-0.0095926493239383,6.026205578613281,5.767631799316406,6.710947253417968,-0.10951607978162892,-0.023448698347404734,-0.013989280264076687,-7.3094976684570305,6.232106921386718,-1.448492004394531,-0.022116385941302188,-0.0037304747370871167,0.008926493120887028
1708243750.646065,3.6056677001953124,9.212887988281249,-0.2537853759765625,0.12630321609852094,0.002797856052815337,-0.00479632466196915,5.951985327148437,5.7843912109375,6.648698010253906,-0.11351301699993654,-0.010125574286379316,-0.009192955602107537,-7.235277416992187,6.347028601074219,-1.4173673828125,-0.022915773384963714,-0.0058621745868511835,0.005196018383799912
1708243750.686403,3.5865140869140624,9.169792358398437,-0.16519991455078123,0.11111485466895196,0.002264931090374321,-0.011324655451871604,5.963956335449218,5.68862314453125,6.648698010253906,-0.11071516094712121,0.0005329249624410166,-0.007993874436615249,-7.3478048950195305,6.299144567871093,-1.3934253662109375,-0.028245023009373885,-0.011990811654922875,0.002398162330984575
1708243750.7263217,3.6152445068359373,9.291896643066405,-0.33758243408203126,0.11151454839078273,0.0002664624812205083,-0.013189892820415163,6.114791040039062,5.743689782714843,6.665457421875,-0.0909969373368036,-0.0003996937218307625,-0.005196018383799912,-7.340622290039062,6.354211206054687,-1.465251416015625,-0.028911179212425153,-0.012523736617363892,0.0035972434964768626
1708243750.7664201,3.706224169921875,9.349357482910156,-0.21308394775390624,0.1008560491419624,0.011591117933092112,-0.011457886692481857,6.1626750732421876,5.856217260742187,6.763619689941406,-0.10858346109735714,-0.0013323124061025418,0.01372281778285618,-7.285555651855469,6.4092778442382805,-1.419761584472656,-0.027578866806322613,-0.014122511504686942,0.01052526800821008
1708243750.8062518,3.7229835815429686,9.411606726074218,-0.19393033447265623,0.0927289434647369,0.009992343045769061,0.0014655436467127959,6.157886669921875,5.702988354492187,6.8210805297851556,-0.05635681477813751,-0.0074609494741742334,0.02624655440022007,-7.287949853515625,6.375759020996093,-1.3958195678710936,-0.027312404325102103,-0.013323124061025418,0.021983154700691936
1708243750.8476114,3.6727053466796873,9.342174877929686,-0.15562310791015624,0.0764747321102859,0.0035972434964768626,0.013189892820415163,6.1842228881835934,5.777208605957031,6.919242797851562,-0.08553445647178318,-0.021583460978861175,0.049428790266404295,-7.247248425292969,6.339845996093749,-1.5610194824218748,-0.017719755001163805,-0.022516079663132953,0.036638591167819895
1708243750.8878553,3.7397429931640622,9.375693701171874,-0.17956512451171874,0.06368453301170149,-0.009192955602107537,0.021983154700691936,6.148309863281249,5.884947680664062,6.943184814453125,-0.09699234316426504,-0.09392802463022919,0.08913169996826004,-7.211335400390625,6.380547424316406,-1.5346832641601562,-0.011990811654922875,-0.022382848422522698,0.049029096544573526
1708243750.9276433,3.821145849609375,9.509768994140625,-0.16759411621093748,0.016254211354451008,0.020650842294589397,0.05275957128166065,6.253654736328125,5.875370874023437,7.0269818725585935,-0.057156202221799034,-0.21277029125457592,0.11750995421824417,-7.357381701660156,6.591237170410156,-1.4915876342773438,-0.023848392069235495,-0.03410719759622506,0.07660796335089615
1708243750.9675553,4.211400720214844,9.744400756835937,0.2154781494140625,-0.007194486992953725,-0.03757120985209167,0.10631853000698281,6.823474731445312,6.160280871582031,7.4770917846679685,-0.02717917308449185,-0.4553843804058487,0.2717917308449185,-7.1035963256835934,6.962338427734375,-1.668758557128906,-0.004263399699528133,-0.03890352225819422,0.18625727437313533
1708243751.0073626,4.829104748535156,10.793061083984375,0.1292868896484375,-0.10098928038257265,-0.015188361429568975,0.24434609527920614,8.29351455078125,6.5577183471679685,7.433996154785156,-0.026379785640830326,-0.43819755036712593,0.25100765730971886,-6.950367419433594,8.164227661132813,-1.848323681640625,0.04636447173236845,-0.036771822408430146,0.42793874484013633
1708243751.047294,5.91846650390625,11.417947717285156,0.5195417602539062,-0.17066921922173559,0.05382542120654268,0.4798989286781355,9.212887988281249,7.738059765625,7.256825231933593,-0.10485298636027003,-0.40981929611714185,0.5859509962038979,-6.5505357421875,9.53131680908203,-1.7286135986328124,-0.007727411955394742,0.011591117933092112,0.8092465554666838
1708243751.0876448,6.993463049316406,11.726799731445311,0.7733271362304687,-0.44072894393872075,0.25367228212192394,0.8001868311051864,10.498574279785156,7.580042456054687,7.410054138183593,-0.16613935704098695,-0.4411286376605515,0.9375482401743586,-5.645527514648437,10.266336718749999,-2.01112939453125,-0.14522205226517704,0.14402297109968476,1.2674287919253477
1708243751.1273808,7.644685900878906,11.786654772949218,1.3096283081054687,-0.6421745797414251,0.46764165454199214,1.1994808592141184,10.572794531249999,7.038952880859375,7.4411787597656245,-0.36012404336951703,-0.5213338445079245,1.320454825688229,-5.204994409179688,10.433930834960936,-2.4157494750976563,-0.2496753449036163,0.2985712102075796,1.7562542137243704
1708243751.168599,7.501033801269531,10.70686982421875,1.5514426757812498,-0.8718652385535033,0.5660995413529699,1.516571211866523,9.907206469726562,5.691017346191406,7.407659936523437,-0.41461562077911096,-0.8069816243763094,1.526963248634123,-5.250484240722656,10.177751257324218,-2.7916391357421872,-0.16733843820647926,0.40848698371103925,2.072678410173724
1708243751.2082982,7.381323718261719,9.667786303710937,1.4053963745117186,-0.8448192967096216,0.5864839211663389,1.6865742748852075,9.732429748535155,4.953603234863281,6.208164904785156,-0.1386937214752746,-1.0062955603292498,1.5453491598383382,-5.063736511230468,10.261548315429687,-3.0645781249999997,-0.015854517632620246,0.49961715228845316,2.304367537594956
1708243751.248158,7.204152795410156,9.775525378417969,1.8339584716796873,-1.0790398177024485,0.47430321657250485,1.8224701403076666,9.334992272949219,5.097255334472656,5.487510205078125,-0.6718851463975117,-1.099157735034597,1.781301686959098,-5.073313317871094,10.328585961914062,-3.1364041748046874,0.13935987767832586,0.558771823119406,2.3819081196301237
1708243751.2884932,7.414842541503906,7.436390356445312,0.9959878906249999,-0.9272894346473689,0.48376263465583286,1.7558545200025397,9.536105212402344,3.229778039550781,4.012681982421875,-0.07580857590723461,-1.145388975526355,1.461946403216319,-4.070142822265625,10.838550915527343,-3.787627026367187,0.21237059753274515,0.7309065859878544,2.347267997071458
1708243751.329531,8.080430603027343,7.003039855957031,2.4971523315429685,-0.9783169998010964,0.33520980137539946,1.6081010741657678,9.552864624023437,2.920926025390625,3.2513258544921873,-0.7003966318881061,-1.0438667701813413,1.668055132440382,-3.892971899414062,10.838550915527343,-3.7708676147460936,0.08620061267483445,0.9458085770921943,2.2456125604858337
1708243751.372979,7.771578588867187,4.493916516113281,1.8626888916015625,-0.9343506903997124,0.295107197951713,1.2195987765462666,9.205705383300781,1.1444283935546875,3.086125939941406,-0.18319295583909948,-0.9075712110370514,1.152716693759919,-3.239354846191406,9.991003527832031,-3.375824340820312,-0.0255803981971688,1.0345405833386236,1.9739540608815256
1708243751.4165578,7.237671618652343,5.734112976074218,2.427720483398437,-0.7246447176791724,0.0912633998180241,0.9374150089337483,9.196128576660156,1.2401964599609374,2.6216508178710938,-0.4540520679997462,-0.7350367544467722,0.9346171528809329,-2.427720483398437,10.55364091796875,-3.0789433349609374,-0.10658499248820334,0.951937214160266,1.8846891296726553
1708243751.4579806,7.735665563964844,4.527435339355469,2.6431986328124997,-0.817240429903299,0.1628085760257306,0.6031378262426207,9.49300958251953,-0.1149216796875,2.2385785522460937,-0.5747595719926364,-0.35572741242937866,0.6834762643306039,-1.7429788085937499,10.168174450683592,-3.0597897216796874,-0.2590015317463341,1.065583462400813,1.637012253378193
1708243751.4979682,7.156268762207031,4.256890551757812,3.294421484375,-0.6104655444761846,0.03384073511500456,0.22422817794705777,8.99501563720703,0.32561142578124996,3.287238879394531,-0.5668989287966315,-0.2548713632874162,0.6004732014304155,-1.0271125122070313,10.034099157714843,-2.5905261962890624,-0.472304747963351,0.9476738144607378,1.4580826972386216
1708243751.5377605,7.242460021972656,5.051765502929687,3.8474820678710935,-0.6008728951522463,-0.08953139369009079,0.05942113331217336,9.526528405761718,0.8714894042968749,3.967192150878906,-0.7827335385852432,-0.15254977049874102,0.41581470194460324,-0.37828386230468747,9.60793126220703,-2.4205378784179685,-0.46977335439175616,0.8905176122389388,1.3121944887703934
1708243751.5774086,7.163451367187499,5.331887097167969,4.201823913574218,-0.6854747329397577,-0.160410413694746,-0.040901990867348026,9.938331091308592,-0.0047884033203125,3.907337109375,-0.984978561831609,-0.2069081166677247,0.2587350692651136,0.6679822631835937,9.995791931152343,-1.8267758666992187,-0.21849923460081683,0.9415451773926661,1.2842159282422398
1708243751.6172392,7.501033801269531,4.936843823242187,4.489128112792969,-0.6123307818447281,-0.19718223610317617,-0.22342879050339623,9.859322436523437,-0.40222587890625,3.878606689453125,-0.9119678419771898,0.07460949474174233,0.013989280264076687,1.1468225952148436,10.280701928710936,-2.094926452636719,-0.22889127136841667,0.6633583469984555,1.2247947949300666
1708243751.6580245,7.829039428710937,5.310339282226562,4.6998178588867185,-0.6440398171099686,-0.1819938746736072,-0.3534624813390043,10.340556970214843,0.39264907226562495,3.9408559326171875,-1.3419050554264798,-0.08233690669713707,0.012390505376753637,1.5275006591796874,10.632649572753905,-3.0166940917968748,-0.34720061303032235,0.9350168466027637,1.2410490062845176
1708243751.697766,7.716511950683593,5.7077767578125,5.090072729492187,-0.8394900470852115,-0.4192787142004698,-0.5406523743964115,11.200075366210937,-1.180341418457031,3.9839515624999997,-1.764514550642206,0.24008269557967798,-0.3497320066019172,2.5570073730468748,11.451466540527344,-2.4349030883789062,0.018119448722994567,0.9911071988996808,1.217733539177723
1708243751.7384386,8.451531860351562,5.410895751953125,4.819527941894531,-0.8735972446814366,-0.45471822420279745,-0.8413552844537551,10.24718310546875,-0.5482721801757812,4.932055419921875,-1.5997075060073216,0.20157886704331454,-0.5198683008612117,2.4660277099609376,8.947131604003905,-1.7262193969726563,-0.38677029149156783,0.9176967853234307,1.1215405834571195
1708243751.7796836,5.825092639160156,5.1882349975585935,4.800374328613281,-0.5214670757485348,-0.6011393576334667,-0.7624823900124846,8.793902697753905,0.1197100830078125,5.61200869140625,-1.313127107454665,0.02997702913730719,-0.6624257283141838,2.2864625854492187,8.884882360839843,-0.8092401611328125,-0.26632924997989804,0.9030413488563027,1.1980153155674054
1708243751.8198137,5.137956762695312,5.4515971801757805,3.749319799804687,-0.44179479386360276,-0.6790796333904655,-0.8180398173469606,7.388506323242187,1.1731588134765625,5.159504577636718,-1.1748330797012214,0.14082542132503867,-0.6333813178611483,2.3511060302734372,7.108384729003906,-0.22505495605468748,-0.20104594208087354,0.5586385918787957,1.0372052081508287
1708243751.8596845,5.851428857421874,5.305550878906249,3.986345764160156,-0.3972955594997779,-0.6036707512050616,-0.7093231250089931,7.955932116699218,1.235408056640625,5.777208605957031,-0.9965696797647011,0.11497856064664934,-0.4705727418354177,3.265691064453125,6.926425402832031,1.2976572998046874,-0.5471807051863139,0.5863506899257286,1.0765084241308536
1708243751.899496,5.1690813842773435,5.023035083007812,3.574543078613281,-0.517869832252058,-0.45058805574387956,-0.4627120986394127,7.208941198730468,1.3551181396484375,4.302380383300781,-1.0511944884149054,0.041168453348568536,-0.2633981626864725,3.303998291015625,7.582436657714843,1.2138602416992186,-1.1424578882329295,0.3914333849129268,0.8961133243445695
1708243751.9393501,4.979939453125,4.505887524414062,3.912125512695312,-1.1126140903362325,-0.44272741254787457,-0.3558606436699889,7.0078282592773435,-0.5099649536132812,3.976768957519531,-1.548413478372374,0.06141960192132717,-0.21170444132969385,3.995922570800781,5.626373901367187,1.120486376953125,-1.065716693641423,0.2747228181383441,0.7740735079455767
1708243751.9791162,5.944802722167968,2.2840683837890623,3.2800562744140622,-0.6941347635794243,-0.36385451810660413,-0.28937825460547206,7.137115148925781,-1.199495031738281,3.423708374023437,-1.0182863719841726,-0.0030643185340358454,-0.473370597888233,4.4196962646484375,5.293579870605469,1.1827356201171875,-0.8797258817495083,-0.022915773384963714,0.6754823898939886
1708243752.0189936,6.387730029296875,2.327164013671875,3.7924154296875,-0.5486462488330267,-0.42367534514060823,-0.2919096481770669,7.857769848632812,-2.0781670410156248,3.162740393066406,-1.0563905067987052,-0.26206585028036994,-0.5150719761992426,5.722141967773437,5.88015927734375,1.7118541870117185,-0.5502450237203498,-0.15388208290484356,0.5431837679680062
1708243752.0590343,6.411672045898437,1.924938134765625,4.163516687011718,-0.22143032189424242,-0.45991424258659735,-0.3510643190080197,8.339004382324218,-2.6144682128906247,3.1316157714843746,-0.7971225125711507,-0.39822817818404965,-0.9889754990499167,5.72693037109375,5.97592734375,1.5203180541992187,-0.2496753449036163,-0.3911669224317062,0.4862940282274277
1708243752.1004303,6.830657336425781,3.0119056884765625,4.134786267089844,0.2639310876489135,-0.5005497709727249,-0.4383307816077362,8.674192614746094,0.8499415893554687,2.482787121582031,-0.8765283319748621,-0.1961163861782941,-0.7362358356122646,6.028599780273437,6.440402465820312,2.3439234252929686,-0.20757427287077598,-0.36265543694111185,0.438730475329567
1708243752.1402798,7.742848168945312,4.165910888671875,3.2034418212890623,-0.1217733539177723,-0.37451301735542447,-0.2948407354704925,9.277531433105468,1.1061211669921875,2.597708801269531,-0.8472174590406062,0.08819908128398825,-0.25940122546816485,6.528987927246093,6.366182214355469,1.9105729248046874,-0.34027258851858916,-0.13469678425696696,0.2717917308449185
1708243752.1801393,7.721300354003906,4.340687609863281,3.5098996337890624,-0.36638591167819895,-0.224361409187668,-0.21183767257030411,9.267954626464844,0.8643067993164062,2.829946362304687,-1.0406692204066952,0.08393568158446013,0.012390505376753637,6.584054565429687,6.363788012695312,1.6160861206054686,-0.5554410421041496,-0.1476202145961616,0.15747932640132042
1708243752.2198365,7.848193041992187,3.469198205566406,3.7421371948242186,-0.28284992381556956,-0.07234456365136802,-0.1552143953109461,9.337386474609374,-0.49320554199218747,3.2609026611328122,-0.6589617160583171,0.012257274136143382,0.004663093421358896,6.49307490234375,6.232106921386718,1.3862427612304686,-0.2675283311453904,-0.15228330801752052,0.10138897410440342
1708243752.2596624,7.264007836914062,3.9552211425781247,3.5601778686523438,-0.006794793271122962,-0.14748698335555135,-0.1534823891830128,8.664615808105468,0.30406361083984373,2.8945898071289062,-0.6155283316193743,0.025447166956558548,-0.1020551303074547,6.205770703124999,6.153098266601562,1.8219874633789062,-0.08846554376520875,-0.06648238906451683,-0.0255803981971688
1708243752.2995398,6.995857250976562,3.0621839233398433,3.172317199707031,-0.032241960227681506,-0.023182235866184224,-0.215434916066781,8.480262280273436,-0.0047884033203125,2.1906945190429687,-0.49402144018282246,0.15707963267948966,-0.10605206752576231,6.050147595214844,5.5449710449218745,1.9488801513671874,0.1807947935081149,-0.04276722823589159,-0.14908575824287443
1708243752.3395164,7.060500695800781,2.760514514160156,3.3255461059570313,0.46777488578260235,0.15388208290484356,-0.17959571234262262,8.59278975830078,-0.8068459594726562,3.181894006347656,0.17972894358323288,0.30243491618527696,-0.32495099584840986,6.0333881835937495,5.482721801757812,2.8227637573242186,0.6549647788400095,0.17200153162783813,-0.39436447220635235
1708243752.3793077,7.340622290039062,3.356670727539062,4.031835595703125,0.6792128646310757,0.2383506894517447,-0.002797856052815337,8.585607153320312,0.047884033203124995,3.299209887695312,0.3579923435197529,0.2587350692651136,0.1310995407604901,5.4899044067382805,5.209782812499999,3.0071172851562498,0.32495099584840986,0.22462787166888853,-0.5630352228189341
1708243752.420795,6.421248852539062,2.952050646972656,3.878606689453125,0.8540122523117292,0.5531761110137753,0.34440275697750705,8.564059338378906,0.3232172241210937,5.049371301269531,1.1890888224465186,0.46604287965466906,0.021716692219471426,5.173869787597656,2.4851813232421875,5.157110375976562,0.9739203688609579,0.4425941813072643,-0.7371684542965362
1708243752.46077,6.0525417968749995,5.341463903808593,3.507505432128906,1.392133233136546,0.7936585003152841,1.2683614106096195,6.794744311523437,3.8187516479492185,6.756437084960937,1.4146493127996786,0.06901378263611166,0.8825237378023236,3.9528269409179684,5.865794067382812,4.225765930175781,0.40715467130493677,0.16547320083793565,-0.6412419610571533
1708243752.500496,4.8314989501953125,5.7149593627929685,3.1316157714843746,0.3822404293108192,1.364421135089613,1.8397902015869998,4.99909306640625,1.7357962036132812,5.7700260009765625,1.2954073524535012,-0.5057457893565248,1.6079678429251576,3.0310593017578125,5.849034655761718,1.4149731811523436,-0.48989127172390456,-0.36358805562538365,-0.775272589111069
1708243752.540256,2.683900061035156,3.900154504394531,2.370259643554687,0.09845788681097782,1.5533430342749532,1.9648943365200284,6.495469104003906,-1.3646949462890625,3.8762124877929685,2.2552052098097723,-0.041434915829789046,0.8585421144924779,3.5386300537109374,8.48505068359375,-0.10295067138671875,-0.18159418095177643,-1.3588254229839822,-0.7017289442942086
1708243752.5799499,5.547365246582031,4.659116430664063,4.2137949218749995,0.8871868312236825,1.37348085945111,1.811145484855795,6.545747338867187,3.555389465332031,5.834669445800781,1.3877366021964075,0.2685941810702724,1.5817212885249374,4.027047192382812,6.040570788574218,-0.6248866333007812,0.09059724361497283,-0.8087136305042427,-0.882257275321103
1708243752.6196442,4.3071687866210935,4.141968872070312,4.513070129394531,0.5960765704902772,1.2287917321483741,2.012457889417889,6.512228515625,-2.4516625,6.098031628417968,1.1508514563913756,-0.506411945559576,1.4779341520895493,3.5410242553710933,10.694898815917968,-0.22505495605468748,-0.19811485478744795,-0.9073047485558309,-0.6425742734632558
1708243752.6601212,6.612784985351562,3.497928625488281,5.45877978515625,0.5359892809750525,1.1078177656742634,1.6471378276645723,8.992621435546875,0.1005564697265625,4.2521021484374995,1.251307811811507,0.19638284865951464,1.4716722837808676,3.7924154296875,7.062894897460937,-1.369483349609375,-0.3101623281406717,-0.8005865248270173,-0.9964364485240909
1708243752.6999547,5.049371301269531,2.4396914916992185,6.418854650878906,0.5643675352250366,1.034140889616793,1.7032281799614892,7.352593298339843,-4.8889597900390624,5.585672473144531,0.805649311970207,0.08540122523117291,0.964061257055799,2.961627453613281,10.445901843261717,0.6488286499023437,0.7215803991451365,-0.9256906597600458,-0.9160980104361076
1708243752.741205,7.070077502441406,1.0773907470703123,5.102043737792968,1.339240430614275,0.8069816243763094,1.1215405834571195,8.552088330078124,-2.3726538452148436,2.6815058593749996,1.8777611051609222,0.1494854519647052,0.4491225120971668,1.3910311645507811,7.8362220336914055,-2.8850130004882812,0.19651607990012487,-0.9579326199877275,-1.1633751930087393
1708243752.7809815,4.996698864746094,2.8419173706054686,6.725312463378906,0.9203614101356358,0.39649617205611637,0.9232924974290614,8.365340600585936,-1.905784521484375,4.149151477050781,0.018652373685435583,0.5377212871029858,0.5105421140184939,0.8475473876953125,9.943119494628906,-1.216254443359375,0.7712756518927614,-0.9905742739372397,-1.722013784887535
1708243752.8208535,7.556100439453124,-0.32082302246093747,4.874594580078124,1.1769647795509852,0.37930934201739364,0.20157886704331454,8.942343200683593,-5.166687182617188,2.8323405639648436,0.685075039217927,0.057822358424850305,-0.21197090381091438,0.6368576416015624,8.825027319335938,-3.430890979003906,0.049428790266404295,-0.9747197563046194,-2.04949617430754
1708243752.8608665,6.828263134765624,1.5849614990234373,6.675034228515624,1.716684535263125,-0.3693169989716245,-0.13696171534734128,10.242394702148436,-2.1883003173828124,3.8235400512695312,0.6489693730125481,0.7153185308364546,-0.34333690705262493,0.5506663818359374,10.939107385253905,-1.5801730957031248,0.906372129871559,-1.3223200630567726,-2.057889742465986
1708243752.9007351,8.769960681152343,1.89620771484375,5.391742138671875,1.5593384401024148,-0.2412817767451703,-0.6728177650817835,10.172962854003906,-3.4261025756835934,3.303998291015625,0.2848483924247234,0.4990842273260121,-0.8990444116379951,-0.5099649536132812,10.81460889892578,-3.318363500976562,0.21117151636725284,-1.064650843716541,-2.2139035252205934
1708243752.9405587,7.790732202148437,2.4133552734375,5.9783215454101555,1.7967565108698877,-0.8726646259971648,-1.033208270932521,10.71884083251953,-1.6328455322265625,4.055777612304687,0.593944870640513,0.9751194500264503,-1.0952940290568995,-0.7829039428710937,12.464213842773436,-2.7581203125,0.2130367537357964,-1.1058192970651095,-2.242015316989357
1708243752.9802806,8.571241943359375,4.414907861328125,5.025429284667968,1.1251378269535963,-0.6670888217355426,-1.4282388993419246,9.78031378173828,-1.3335703247070312,4.896142395019531,-0.2823169988531286,0.7638147024185872,-1.4839295579170109,-1.714248388671875,12.050016955566406,-2.5067291381835934,-0.15454823910789484,-1.1529831562411395,-2.443594184032672
1708243753.0201602,8.32463917236328,4.589684582519531,4.256890551757812,1.7156186853382427,-1.0979586538691046,-1.7266768783088942,11.0707884765625,0.34237083740234375,4.994304663085937,0.6854747329397577,1.3312465561776594,-1.858309344031825,-1.848323681640625,11.939883679199218,-3.6679169433593746,-0.1903874428320532,-0.8640045953574983,-2.2862480888719614
1708243753.064662,9.026140258789061,7.0844427124023435,3.1962592163085937,1.255970905232866,-0.7121209810618085,-1.811545178577626,8.549694128417968,2.0661960327148434,6.598419775390624,-0.018785604926045835,0.9555344576567428,-2.158212866645507,-2.7269956909179687,11.427524523925781,-2.8107927490234372,-0.1921194489599865,-0.8193721297530631,-2.3196891302651355
1708243753.1054459,8.224082702636718,6.433219860839843,2.0542250244140625,1.6992312427431817,-0.9609969385217634,-1.9145329275693521,9.052476477050782,3.825934252929687,5.832275244140624,0.7607503838845513,0.992839205027614,-1.935849926066993,-3.284844677734375,11.786654772949218,-2.8850130004882812,-0.32135375235193303,-0.5952771830466156,-2.1730015343532454
1708243753.1443937,8.643067993164061,9.052476477050782,2.4756045166015626,1.2327886693666816,-0.6912036762859985,-1.801153141810026,9.749189160156249,5.0206408813476555,6.833051538085937,-0.012523736617363892,1.3578928042997105,-1.597176112435727,-3.5817256835937497,10.333374365234375,-3.2034418212890623,-0.33281163904441485,-0.35506125622632734,-2.090131702693667
1708243753.181739,7.637503295898437,8.346186987304687,1.5155296508789062,1.0723782556719357,-0.728108729935039,-1.634480859806598,7.618349682617187,4.225765930175781,8.180987072753906,-0.021849923460081685,0.975519143748281,-1.6384777970249056,-4.520252734375,9.727641345214844,-2.849099975585937,-0.11377947948115706,-0.3011026037791744,-1.9494395126092388
1708243753.219011,7.455543969726562,9.488221179199218,1.7310078002929687,0.9735206751391272,-0.8536125585898984,-1.4354333863348783,8.44674345703125,5.212177014160156,8.712499841308594,-0.3605237370913478,0.6480367543282762,-1.402791732385366,-4.477157104492187,9.593566052246093,-2.3870190551757813,0.06834762643306039,-0.25247320095643166,-1.702029098795997
1708243753.259163,7.082048510742187,9.145850341796875,0.6392518432617187,0.9720551314924144,-0.7508912720793924,-1.1949509970333696,7.711723547363281,4.860229370117187,8.221688500976562,0.215967841029222,0.384238897919973,-1.5220336927315437,-5.693411547851563,9.696516723632811,-2.375048046875,0.18878866794473015,-0.11311332327810578,-1.5053797876552617
1708243753.299593,7.091625317382812,10.429142431640624,0.9600748657226562,1.0053629416449779,-0.8025849934361711,-1.0346738145792338,8.497021691894531,6.6893994384765625,8.640673791503906,-0.20970597272054006,0.44072894393872075,-1.1340643200744835,-5.377376928710937,9.636661682128906,-2.123656872558594,0.20077947959965303,-0.06928024511733216,-1.1940183783490979
1708243753.340075,7.2903440551757805,10.333374365234375,0.8475473876953125,0.6099326195137436,-0.6100658507543538,-0.757952527831736,8.37012900390625,5.5258174316406246,9.141061938476563,-0.22596018407499108,0.18798928050106864,-0.9745865250640091,-5.228936425781249,9.708487731933593,-1.5514426757812498,0.15041807064897697,0.08513476274995241,-0.8159081174971965
1708243753.3818367,7.0461354858398435,10.254365710449218,0.507570751953125,0.7127871372648598,-0.3514640127298505,-0.5414517618400729,8.106766821289062,6.279990954589843,8.911218579101561,0.32628330825451246,0.1360290966630695,-0.8097794804291248,-5.729324572753906,9.509768994140625,-1.446097802734375,0.023315467106794475,0.19984686091538126,-0.4745696790537253
1708243753.4221838,6.505045910644531,10.694898815917968,0.11252747802734374,0.49069065916756605,-0.1648070446348844,-0.3340107202099072,6.957550024414062,6.828263134765624,8.379705810546875,-0.1636079634693921,-0.2226294030597347,-0.3787764170549526,-6.1650692749023435,8.506598498535157,-1.7238251953125,-0.13389739681330545,0.29270903562072836,-0.22196324685668345
1708243753.4625928,5.729324572753906,10.072406384277343,0.47644613037109373,0.10618529876637257,-0.010125574286379316,-0.17519908140248425,7.271190441894531,5.216965417480468,8.17859287109375,-0.5254640129668424,-0.13443032177574646,-0.09605972447999325,-6.478709692382812,7.790732202148437,-1.9201497314453124,-0.15108422685202821,0.3062986221629743,-0.06421745797414251
1708243753.5028875,5.216965417480468,8.9255837890625,-0.143652099609375,0.15228330801752052,0.05702297098118878,-0.14868606452104366,6.392518432617187,4.376600634765625,7.587225061035156,-0.11671056677458265,-0.032508422708902016,-0.41368300209483916,-6.426037255859375,7.141903552246093,-1.618480322265625,-0.1737335377557714,0.3234854522016971,-0.002531393571594829
1708243753.5432944,4.565742565917969,9.100360510253905,-0.3902548706054687,0.3052327722380923,0.05262634004105039,-0.10685145496942385,5.817910034179687,5.53539423828125,7.685387329101562,-0.160410413694746,-0.1264364473391312,-0.40941960239531106,-6.732495068359374,6.7277066650390625,-1.7262193969726563,-0.2142358349012887,0.3542618687826658,0.0018652373685435584
1708243753.5835454,4.254496350097656,9.639055883789062,-0.3016694091796875,0.21503522234495023,0.09552679951755223,-0.014122511504686942,5.494692810058593,5.832275244140624,8.020575561523437,-0.13589586542245924,0.17333384403394067,-0.06608269534268607,-7.168239770507812,6.706158850097656,-1.4963760375976562,-0.17280091907149964,0.26259877524281094,0.002531393571594829
1708243753.6238658,3.9240965209960934,8.971073620605468,-0.7613561279296874,0.27911944907848246,0.1310995407604901,-0.009725880564548555,4.967968444824218,5.485116003417969,7.972691528320312,0.12257274136143384,0.07780704451638844,-0.023182235866184224,-7.127538342285156,6.696582043457031,-1.4772224243164063,-0.17026952549990482,0.2435467078355446,-0.00479632466196915
1708243753.6660895,3.892971899414062,9.356540087890625,-0.5410895751953124,0.3040336910726,0.14082542132503867,-0.014255742745297196,5.039794494628906,5.6407391113281244,7.948749511718749,0.10005666169830088,0.08566768771239343,0.09845788681097782,-7.364564306640625,6.720524060058593,-1.5275006591796874,-0.19145329275693523,0.1957166924564634,-0.01345635530163567
1708243753.7073777,3.9240965209960934,9.452308154296874,-0.5003881469726562,0.1775972437334688,0.14735375211494112,-0.013189892820415163,5.348646508789062,5.66946953125,8.068459594726562,-0.02571362943777905,0.11537825436848011,0.11391271072176731,-7.204152795410156,6.528987927246093,-1.6424223388671875,-0.17719755001163803,0.16760490068769973,0.0026646248122050836
1708243753.7472928,3.967192150878906,9.373299499511718,-0.55545478515625,0.20184532952453507,0.14735375211494112,0.0010658499248820332,5.1714755859374995,5.422866760253906,7.931990100097655,0.07607503838845513,0.08739969384032674,0.1421577337311412,-7.1778165771484375,6.581660363769531,-1.7932570434570312,-0.11897549786495697,0.15441500786728457,0.02744563556571236
1708243753.7870858,4.027047192382812,9.323021264648437,-0.5195417602539062,0.15494793282972558,0.11671056677458265,0.013856049023466432,5.408501550292969,5.204994409179688,7.790732202148437,-0.05076110267250683,0.03916998473941472,0.06381776425231174,-7.055712292480468,6.667851623535156,-1.8770541015625,-0.08047166932859352,0.14788667707738212,0.03823736605514295
1708243753.8269823,4.242525341796875,8.935160595703124,-0.411802685546875,0.20704134790833498,0.10045635542013163,0.002264931090374321,5.355829113769531,5.480327600097656,7.481880187988281,-0.10831699861613663,0.03410719759622506,-0.013856049023466432,-6.852205151367187,6.962338427734375,-1.7932570434570312,-0.06941347635794241,0.13589586542245924,0.061952526883768184
1708243753.8673632,4.402936853027343,8.9255837890625,-0.6344634399414062,0.09486064331450096,0.09752526812670605,-0.024114854550456002,5.475539196777343,5.1714755859374995,7.086836914062499,-0.2764548242662774,-0.08806585004337801,-0.040768759626737774,-6.677428430175781,7.285555651855469,-1.7956512451171873,-0.12004134778983899,0.1729341503121099,0.07061255752343472
1708243753.9071903,4.465186096191406,8.674192614746094,-0.6177040283203125,0.14402297109968476,0.15654670771704865,-0.08300306290018834,5.760449194335937,5.293579870605469,7.043741284179687,-0.25940122546816485,0.20704134790833498,-0.22529402787193978,-6.629544396972656,7.0078282592773435,-1.936909143066406,-0.21690045971349378,0.18892189918534041,0.06967993883916293
1708243753.9471602,4.340687609863281,9.04050546875,-0.5291185668945312,0.11577794809031088,0.16720520696586896,-0.07820673823821919,5.279214660644531,5.372588525390625,7.388506323242187,-0.4755022977379971,0.3950306284094036,-0.24394640155737538,-6.804321118164062,6.766013891601562,-1.908178723144531,-0.2723246558073595,0.18785604926045837,0.04703062793541972
1708243753.9868813,4.07971962890625,8.74601866455078,-0.3399766357421875,0.10898315481918791,0.19718223610317617,-0.1055191425633213,4.723759875488281,5.224148022460938,8.080430603027343,-0.25527105700924696,0.368517611527963,0.0063950995492922,-6.777984899902344,6.751648681640624,-1.7453730102539062,-0.24314701411371384,0.18705666181679687,0.020517611053979142
1708243754.031658,3.967192150878906,9.203311181640624,-0.718260498046875,0.15068453313019745,0.21090505388603234,-0.09725880564548554,4.75009609375,5.607220288085937,8.190563879394531,-0.21436906614189893,0.28644716731204645,-0.018652373685435583,-6.940790612792968,6.789955908203124,-1.707065783691406,-0.26619601873928783,0.20317764193063761,0.019318529888486854
1708243754.0721536,3.912125512695312,9.562441430664062,-0.42377369384765623,0.1308330782792696,0.22742572772170386,-0.058488514627901576,4.704606262207031,5.303156677246093,8.441955053710936,-0.2913767232146259,0.3377411949469943,0.02571362943777905,-6.959944226074218,6.828263134765624,-1.8004396484374998,-0.2258269528343808,0.20291117944941708,0.0058621745868511835
1708243754.112073,4.029441394042968,9.275137231445312,-0.373495458984375,0.20277794820880685,0.21756661591654505,-0.03703828488965066,4.69263525390625,5.090072729492187,8.415618835449218,-0.1340306280539157,0.4039571215302906,-0.006128637068071691,-6.866570361328125,6.823474731445312,-1.8698714965820311,-0.1994471671935505,0.19824808602805818,0.008926493120887028
1708243754.1520245,3.948038537597656,9.241618408203124,-0.5027823486328125,0.1833261870797097,0.20117917332148377,-0.02971056665608668,4.517858532714843,5.216965417480468,8.262389929199218,-0.22982389005268844,0.4144823895385007,-0.03130934154340973,-6.754042883300781,6.969521032714844,-1.8722656982421875,-0.2014456358027043,0.2078407353519965,0.020650842294589397
1708243754.19204,4.261678955078125,8.810662109374999,-0.8571241943359375,0.24088208302333952,0.28951148584608233,-0.07354364481686029,4.429273071289062,5.461173986816406,7.704540942382812,-0.07194486992953725,0.3639877493472144,-0.09552679951755223,-6.572083557128906,7.323862878417969,-1.9871873779296874,-0.2772542117099389,0.27658805550688764,-0.0009326186842717792
1708243754.2320406,4.479551306152343,8.84178673095703,-1.3024457031249999,0.27339050573224155,0.40275804036479834,-0.1342970905351362,4.173093493652344,6.246472131347656,7.252036828613281,-0.16613935704098695,0.3894349163037729,-0.016387442595061263,-6.291961962890625,7.6087728759765625,-1.7166425903320313,-0.4736370603694536,0.39276569731902927,-0.013989280264076687
1708243754.2736442,4.321533996582031,8.621520178222656,-1.3718775512695311,0.31109494682494343,0.6538989289151275,-0.23435375223343707,4.0222587890625,6.1076084350585935,6.959944226074218,-0.09645941820182401,0.7715421143739819,0.18305972459848924,-6.394912634277343,7.252036828613281,-1.9033903198242186,-0.652033691546584,0.49482082762648394,-0.036105666205378875
1708243754.314019,3.9983167724609374,8.700528833007812,-0.8068459594726562,0.2351531396770986,0.758485452794177,-0.28751301723692846,3.859453076171875,5.511452221679687,7.493851196289062,-0.24381317031676514,1.632215928716224,0.495886677551366,-6.308721374511719,6.9527616210937495,-2.2002713256835937,-0.698797857000783,0.5361225122156628,-0.06728177650817835
1708243754.356049,3.708618371582031,9.34696328125,-0.09816226806640624,0.14175804000931044,0.7542220530946488,-0.25060796358788806,6.208164904785156,5.343858105468749,7.501033801269531,-0.6372450238388456,2.1887228207452556,0.5114747327027658,-6.476315490722656,6.885723974609375,-2.0254946044921875,-0.6717519151569015,0.5104088827778837,-0.05822205214668107
1708243754.3962963,3.4763808105468748,7.831433630371094,-0.55545478515625,0.05196018383799912,0.753822359372818,-0.36905053649040404,2.3391350219726563,3.375824340820312,9.519345800781249,-0.6492358354937685,1.1806952542880724,0.43646554423919265,-6.756437084960937,6.83783994140625,-1.8698714965820311,-0.6818774894432809,0.5287947939820988,-0.13323124061025418
1708243754.4366958,3.162740393066406,9.054870678710937,0.040701428222656245,0.287779479718149,0.6640245032015067,-0.4445926499164181,3.038241906738281,3.689464758300781,10.101136804199218,-0.4934885152203814,1.1663062803021649,0.031975497746460996,-6.6343328002929685,6.581660363769531,-2.042254016113281,-0.6233889748153792,0.5022817771006582,-0.13669525286612078
1708243754.4771872,3.1004911499023438,9.715670336914062,0.488417138671875,0.2700597247169852,0.544649311614719,-0.3613231245350093,2.4349030883789062,3.806780639648437,10.769119067382812,-0.47590199145982787,0.9542021452506404,-0.16653905076281772,-6.749254479980468,6.5601125488281244,-1.8291700683593748,-0.488558959317802,0.4383307816077362,-0.11471209816542884
1708243754.5180607,2.990357873535156,10.172962854003906,0.11731588134765625,0.21983154700691937,0.4764349164222689,-0.2617993877991494,1.2761094848632812,4.201823913574218,11.077971081542968,-0.5463813177426523,0.6624257283141838,-0.23994946433906775,-7.005434057617187,6.6343328002929685,-1.7932570434570312,-0.37930934201739364,0.3972955594997779,-0.017453292519943295
1708243754.5585804,2.829946362304687,9.866505041503906,0.3064578125,0.20943951023931956,0.367984686565522,-0.1825267996360482,1.7094599853515624,3.6296097167968746,11.10191309814453,-0.43500000059247984,0.398894334387101,-0.1973154673437864,-7.108384729003906,6.806715319824218,-1.62805712890625,-0.31695712141179466,0.3348101076535687,-0.016653905076281773
1708243754.5987978,2.6216508178710938,9.890447058105469,0.21308394775390624,0.16587289455976642,0.32654977073573294,-0.1552143953109461,-0.7206546997070312,3.9264907226562498,11.080365283203124,-0.34333690705262493,0.12430474748936714,-0.05076110267250683,-7.086836914062499,6.782773303222656,-1.5059528442382812,-0.30616539092236406,0.2680612561078314,-0.019984686091538122
1708243754.6390965,2.5378537597656248,10.072406384277343,0.13168109130859373,0.10365390519477774,0.27765390543176965,-0.10245482402928546,1.350329736328125,3.8283284545898435,10.577582934570312,-0.30190199122283595,0.22089739693180138,0.09086370609619333,-7.055712292480468,6.718129858398437,-1.4700398193359374,-0.24860949497873427,0.17479938768065348,0.00985911180515881
1708243754.6837358,2.4301146850585935,9.425971936035156,0.2705447875976562,0.11178101087200323,0.247943338775683,-0.09779173060792655,1.2976572998046874,3.3159692993164063,10.532093103027343,-0.23155589618062175,0.057955589665460557,0.03743797861148142,-6.998251452636718,6.658274816894531,-1.5897499023437498,-0.2137029099388477,0.12350536004570561,-0.018119448722994567
1708243754.7240422,2.389413256835937,9.576806640625,0.4261678955078125,0.1360290966630695,0.16640581952220743,-0.09339509966778817,1.467645617675781,3.2225954345703123,10.50815108642578,-0.19478407377219156,-0.014655436467127957,-0.05662327725935802,-6.888118176269531,6.586448767089843,-1.7453730102539062,-0.16427411967244337,0.071811638688927,-0.019984686091538122
1708243754.7626405,2.4947581298828125,9.567229833984374,0.3064578125,0.13349770309147468,0.0814042880128653,-0.07434303226052183,1.5729904907226562,3.208230224609375,10.371681591796875,-0.15921133252925374,0.011191424211261349,-0.16587289455976642,-6.979097839355468,6.574477758789062,-1.695094775390625,-0.08473506902812164,0.041434915829789046,-0.02371516082862524
1708243754.8000388,2.4779987182617185,9.595960253906249,0.0909796630859375,0.1532159267017923,0.036505359927209644,-0.0607534457182759,1.3120225097656248,3.4644098022460934,10.424354028320312,-0.11551148560909036,-0.07913935692249098,-0.22516079663132954,-6.890512377929687,6.663063220214843,-1.7334020019531249,-0.026379785640830326,0.006528330789902454,-0.031842266505850744
1708243754.8391721,2.568978381347656,9.550470422363281,0.0526724365234375,0.14895252700226413,0.0011990811654922875,-0.049562021507014546,1.5346832641601562,3.7038299682617186,10.27830772705078,-0.11071516094712121,-0.191852986478766,-0.23701837704564216,-6.79953271484375,6.873752966308594,-1.8459294799804686,-0.0029310872934255917,-0.001732006127933304,-0.033041347671343035
1708243754.879731,2.868253588867187,9.524134204101562,-0.06464344482421874,0.1424241962123617,0.022915773384963714,-0.06368453301170149,1.5586252807617187,4.015076184082031,9.967061511230469,-0.08286983165957809,-0.07221133241075775,-0.1955834612158531,-6.667851623535156,7.058106494140625,-1.8291700683593748,-0.04916232778518379,0.007727411955394742,-0.028644716731204646
1708243754.9205043,2.8514941772460936,9.509768994140625,-0.1484405029296875,0.16733843820647926,0.039969372183076245,-0.06794793271122962,1.6448165405273436,4.027047192382812,9.976638317871092,-0.12430474748936714,0.04916232778518379,-0.09526033703633173,-6.732495068359374,7.089231115722656,-1.7094599853515624,-0.08087136305042428,0.024114854550456002,-0.02011791733214838
1708243754.9608164,2.868253588867187,9.634267480468749,-0.1484405029296875,0.11098162342834172,0.05595712105630675,-0.07114548248587572,1.6448165405273436,3.9528269409179684,10.242394702148436,-0.19265237392242754,0.08207044421591657,-0.06914701387672191,-6.713341455078124,6.9144543945312495,-1.8219874633789062,-0.11377947948115706,0.03903675349880447,-0.012257274136143382
1708243755.0026968,2.729389892578125,9.6151138671875,-0.08858546142578125,0.09632618696121377,0.0764747321102859,-0.058355283387291325,1.446097802734375,3.766079211425781,10.426748229980468,-0.15254977049874102,0.058355283387291325,-0.040768759626737774,-6.842628344726562,6.87614716796875,-1.68551796875,-0.09885758053280859,0.03703828488965066,-0.0029310872934255917
1708243755.0432732,2.602497204589844,9.6151138671875,-0.15083470458984374,0.07873966320066021,0.08286983165957809,-0.05822205214668107,1.3048399047851562,3.806780639648437,10.68053360595703,-0.143623277377854,-0.1680045944095305,-0.1264364473391312,-6.823474731445312,6.818686328125,-1.714248388671875,-0.10751761117247512,0.041168453348568536,-0.003464012255866608
1708243755.0839007,2.583343591308594,9.859322436523437,0.09816226806640624,0.10245482402928546,0.05275957128166065,-0.027712098046932865,1.6304513305664061,3.6391865234374996,10.376469995117187,-0.19278560516303778,-0.1962496174189044,-0.1633415009881716,-6.931213806152344,6.880935571289062,-1.7262193969726563,-0.07833996947882944,0.023848392069235495,0.011191424211261349
1708243755.1242158,2.6767174560546874,9.437942944335937,-0.13646949462890623,0.05475803989081446,0.058888208349732345,-0.04703062793541972,1.6017209106445311,3.5960908935546874,10.335768566894531,-0.16320826974756136,-0.3476003067521531,-0.3078973970502974,-6.744466076660156,6.974309436035155,-1.6472107421875,-0.10352067395416749,0.032774885190122525,0.013856049023466432
1708243755.1645505,2.6312276245117188,9.639055883789062,0.06943184814453125,0.057156202221799034,0.05702297098118878,-0.050361408950676076,1.9656395629882812,3.5984850952148437,9.97184991455078,-0.1770643187710278,-0.32002143994583054,-0.3797090357392244,-6.830657336425781,6.665457421875,-1.6543933471679686,-0.10471975511965978,0.022249617181912446,0.008793261880276773
1708243755.2047603,2.501940734863281,9.526528405761718,0.34715924072265625,0.10338744271355724,0.04383307816077362,-0.017719755001163805,1.7908628417968748,3.775656018066406,10.182539660644531,-0.11298009203749554,-0.25833537554328284,-0.20717457914894524,-6.806715319824218,6.847416748046874,-1.6615759521484375,-0.05262634004105039,-0.0003996937218307625,0.029577335415476424
1708243755.2451892,2.578555187988281,9.536105212402344,0.16519991455078123,0.09832465557036758,0.04756355289786074,-0.013056661579804908,1.8722656982421875,3.9049429077148434,9.861716638183593,-0.20131240456209404,-0.07367687605747056,-0.12030781027105951,-6.792350109863281,6.912060192871094,-1.707065783691406,-0.04729709041664023,0.0037304747370871167,0.031176110302799476
1708243755.2856872,2.5857377929687497,9.512163195800781,-0.0383072265625,0.10192189906684443,0.041434915829789046,-0.01572128639200999,1.7310078002929687,3.902548706054687,9.909600671386718,-0.19291883640364801,0.1296339971137773,-0.11151454839078273,-6.701370446777343,6.883329772949218,-1.6328455322265625,-0.07927258816310122,0.01185758041431262,0.017453292519943295
1708243755.3276362,2.5713725830078125,9.179369165039063,-0.17956512451171874,0.12403828500814663,0.06235222060559895,-0.0514272588755581,1.3215993164062498,4.005499377441406,10.340556970214843,-0.1566799389576589,-0.049961715228845315,-0.05169372135677862,-6.7277066650390625,6.742071875,-1.8028338500976562,-0.10018989293891113,0.02424808579106626,-0.004263399699528133
1708243755.3680174,2.5546131713867184,9.809044201660155,0.1388636962890625,0.07740735079455767,0.039969372183076245,-0.027312404325102103,1.8746598999023436,3.737348791503906,10.122684619140625,-0.16081010741657678,-0.012923430339194655,0.0021316998497640663,-6.773196496582031,6.811503723144531,-1.7621324218749999,-0.057822358424850305,0.02691271060327134,-0.008260336917835759
1708243755.4083164,2.6001030029296874,9.399635717773437,0.03591302490234375,0.1557473202733871,0.049828483988235056,-0.027712098046932865,1.6639701538085936,3.768473413085937,10.089165795898436,-0.03583920372415837,0.07114548248587572,0.02424808579106626,-6.663063220214843,6.8785413696289055,-1.6903063720703124,-0.06741500774878861,0.033307810152563545,-0.007061255752343471
1708243755.4485805,2.5546131713867184,9.64623848876953,0.13646949462890623,0.18292649335787897,0.06634915782390657,-0.01052526800821008,1.6304513305664061,3.77326181640625,10.077194787597655,-0.02717917308449185,0.14682082715250008,0.09566003075816248,-6.698976245117187,6.892906579589844,-1.6615759521484375,-0.06848085767367064,0.045298621807486415,-0.006528330789902454
1708243755.4890184,2.5258827514648434,9.366116894531249,0.15562310791015624,0.18439203700459178,0.07900612568188072,-0.015588055151399738,1.5969325073242187,3.517082238769531,10.268730920410155,-0.004529862180748642,0.10152220534501366,0.10991577350345969,-6.8569935546875,6.749254479980468,-1.714248388671875,-0.05915467083095285,0.027978560528153375,-0.031575804024630234
1708243755.5293138,2.4899697265625,9.519345800781249,0.1005564697265625,0.18945482414778142,0.050894333913117096,-0.014522205226517705,1.5227122558593749,3.6918589599609373,10.168174450683592,-0.05542419609386573,0.09845788681097782,0.04583154676992743,-6.801926916503906,6.864176159667968,-1.8219874633789062,-0.03503981628049684,0.022116385941302188,-0.04023583466429676
1708243755.569716,2.5953145996093747,9.442731347656249,0.06703764648437499,0.19305206764425828,0.04023583466429676,-0.023448698347404734,1.6304513305664061,3.7325603881835936,9.981426721191406,-0.08673353763727547,0.19318529888486854,0.10631853000698281,-6.763619689941406,6.919242797851562,-1.6017209106445311,-0.045565084288706925,0.011191424211261349,-0.036372128686599385
1708243755.610159,2.5761609863281247,9.356540087890625,0.016759411621093748,0.18146094971116616,0.05049464019128633,-0.031575804024630234,1.465251416015625,3.892971899414062,10.216058483886718,-0.05662327725935802,0.1450888210245668,0.2115712100890836,-6.775590698242187,6.986280444335937,-1.6831237670898436,-0.08233690669713707,0.013589586542245924,-0.045165390566876164
1708243755.6524637,2.6527754394531247,9.550470422363281,-0.1484405029296875,0.15654670771704865,0.07034609504221419,-0.04809647786030175,1.5562310791015623,4.108450048828125,10.184933862304687,-0.13363093433208492,0.15508116407033584,0.20477641681796063,-6.804321118164062,6.940790612792968,-1.7405846069335937,-0.11311332327810578,0.026513016881440577,-0.03450689131805583
1708243755.6900976,2.6719290527343746,9.667786303710937,-0.06464344482421874,0.12736906602340298,0.07301071985441929,-0.04023583466429676,1.5155296508789062,3.861847277832031,10.32379755859375,-0.15068453313019745,0.16707197572525873,0.2186324658414271,-6.775590698242187,6.694187841796874,-1.8124106567382812,-0.095926493239383,0.03424042883683532,-0.018785604926045835
1708243755.7276692,2.530671154785156,9.753977563476562,-0.033518823242187495,0.10032312417952138,0.05395865244715294,-0.007993874436615249,1.3455413330078123,3.7804444213867185,10.386046801757812,-0.14908575824287443,0.1842588057639815,0.18745635553862763,-6.957550024414062,6.713341455078124,-1.687912170410156,-0.07740735079455767,0.03384073511500456,-0.011058192970651094
1708243755.767614,2.4875755249023435,9.409212524414063,-0.2442085693359375,0.11804287918068519,0.06155283316193742,-0.011990811654922875,1.1085153686523437,3.7421371948242186,10.754753857421875,-0.080205206847373,-0.11417917320298782,0.16893721309380227,-7.0078282592773435,6.624755993652343,-1.6903063720703124,-0.07154517620770649,0.02371516082862524,-0.04316692195772235
1708243755.8075802,2.2768857788085937,9.425971936035156,-0.011971008300781249,0.10378713643538799,0.040901990867348026,-0.02691271060327134,1.13006318359375,3.603273498535156,10.510545288085936,0.06088667695888615,-0.49109035288939684,0.28404900498106184,-7.019799267578125,6.871358764648437,-1.4939818359375,-0.136828484106731,0.07407656977930133,-0.05382542120654268
1708243755.8475847,2.403778466796875,9.081206896972656,-0.229843359375,0.04369984692016337,0.03557274124293786,-0.11577794809031088,1.5298948608398437,3.3351229125976563,9.9215716796875,0.17000306301868431,-1.086633998417233,0.24114854550456005,-6.871358764648437,6.947973217773437,-2.2361843505859373,-0.27192496208552874,0.4539188367591359,-0.19758192982500694
1708243755.8881752,2.6192566162109374,8.999804040527343,0.833182177734375,0.08753292508093698,-0.08433537530629089,-0.28378254249984136,4.113238452148437,3.584119885253906,6.224924316406249,-0.857076570845765,-0.07154517620770649,-0.28324961753740036,-6.813897924804687,6.423643054199219,-2.272097375488281,-0.17146860666539712,0.0848683002687319,-0.024914241994117528
1708243755.9280803,2.7341782958984373,11.350910070800781,1.1037269653320312,-0.6712189901944605,-0.2612664628367084,-0.07141194496709623,0.8188169677734375,0.7110778930664062,16.72110439453125,0.6220566624092766,2.4834303249751377,0.9629954071309171,-7.481880187988281,6.1267620483398435,-0.8858546142578124,0.10765084241308535,-0.15148392057385898,0.09819142432975732
