1708200323.8085396,-8.786720092773438,1.1947066284179686,-3.5434184570312497,0.21037212892359133,-0.287779479718149,-0.031975497746460996,-8.671798413085938,1.5969325073242187,3.995922570800781,0.03970290970185574,0.06515007665841428,-0.48056508488118677,-9.41639512939453,0.8307879760742187,0.9433154541015625,0.062085758124378436,-0.11697702925580315,-0.09552679951755223
1708200323.8465574,-8.801085302734375,1.216254443359375,-3.507505432128906,0.2756554368226159,-0.2928422668613387,-0.024781010753507273,-8.832209924316405,1.9536685546875,4.108450048828125,-0.24114854550456005,-0.03956967846124549,-0.5443828491334985,-9.334992272949219,0.8259995727539062,0.8786720092773437,0.09259571222412663,-0.13496324673818746,-0.10272128651050597
1708200323.8848624,-8.815450512695312,1.4963760375976562,-3.438073583984375,0.19305206764425828,-0.2908437982521848,-0.029310872934255914,-8.8872765625,1.7597382202148437,4.240131140136718,-0.2295574275714679,0.08739969384032674,-0.54518223657716,-9.452308154296874,0.9744400756835937,0.9097966308593749,0.049562021507014546,-0.14255742745297195,-0.09366156214900867
1708200323.9229527,-8.870517150878905,1.4437036010742186,-3.4739866088867184,0.18892189918534041,-0.3297473205103791,-0.020650842294589397,-8.695740429687499,1.68551796875,4.082113830566406,-0.11178101087200323,0.3767779484457988,-0.489091884280243,-9.394847314453125,0.852335791015625,0.8403647827148437,0.03943644722063524,-0.13469678425696696,-0.08753292508093698
1708200323.9610105,-8.743624462890624,1.4700398193359374,-3.423708374023437,0.20744104163016572,-0.3093629406970102,-0.016520673835671518,-9.011775048828124,1.7645266235351562,4.158728283691406,0.05222664631921963,0.46244563615819223,-0.4616462487145307,-9.351751684570312,0.8020575561523438,0.8834604125976562,0.06848085767367064,-0.13296477812903365,-0.08220367545652682
1708200323.9993896,-8.79150849609375,1.3527239379882812,-3.4668040039062498,0.2432802453543241,-0.28125114892824654,-0.015188361429568975,-9.234435803222656,2.0159177978515626,4.247313745117188,-0.08033843808798326,0.2761883617850569,-0.3813078106265474,-9.469067565917967,0.8212111694335937,0.8810662109374999,0.06115313944010666,-0.12750229726401321,-0.07953905064432175
1708200324.0372746,-8.88009395751953,1.3718775512695311,-3.2632968627929686,0.20810719783321702,-0.2673950999047801,-0.015854517632620246,-9.193734375,2.0566192260742184,4.3430818115234375,-0.2142358349012887,0.049562021507014546,-0.21636753475105278,-9.435548742675781,0.82360537109375,0.9026140258789062,0.02438131703167651,-0.10911638605979816,-0.06395099549292199
1708200324.075485,-8.686163623046875,1.3838485595703125,-3.3303345092773435,0.13003369083560806,-0.18359264956093024,-0.03357427263378405,-8.504204296874999,1.9009961181640624,4.13718046875,0.01705359879811253,0.1674716694470895,-0.28951148584608233,-9.30147344970703,0.8475473876953125,0.8643067993164062,0.011724349173702367,-0.08913169996826004,-0.048229709100912004
1708200324.113807,-8.70771143798828,1.5370774658203123,-3.2920272827148436,0.12603675361730043,-0.10152220534501366,-0.017986217482384312,-8.722076647949219,2.2170307373046874,3.8283284545898435,0.10032312417952138,0.22569372159377055,-0.2502082698660573,-9.356540087890625,1.0390835205078124,0.814028564453125,-0.012257274136143382,-0.08087136305042428,-0.023848392069235495
1708200324.1520772,-8.664615808105468,1.43652099609375,-3.392583752441406,0.12004134778983899,-0.058355283387291325,-0.022649310903743208,-8.729259252929687,2.24097275390625,3.9624037475585934,-0.05555742733447598,0.25580398197168797,-0.14575497722761804,-9.373299499511718,0.8882488159179687,0.7015010864257812,-0.06754823898939886,-0.03064318534035846,0.002531393571594829
1708200324.1900148,-8.817844714355468,1.4867992309570313,-3.35188232421875,-0.0002664624812205083,0.0009326186842717792,-0.020384379813368887,-9.330203869628905,1.8818425048828125,3.995922570800781,-0.20717457914894524,0.20757427287077598,-0.08113782553164478,-9.387664709472656,0.8307879760742187,0.6751648681640625,-0.11750995421824417,-0.00866003063966652,0.033041347671343035
1708200324.2283328,-8.765172277832031,1.2401964599609374,-3.4332851806640625,0.04769678413847099,0.04263399699528134,-0.021716692219471426,-9.394847314453125,1.8267758666992187,4.046200805664062,-0.37917611077678337,-0.11790964794007493,0.018252679963604822,-9.428366137695312,0.9026140258789062,0.6392518432617187,-0.15534762655155634,0.029577335415476424,0.027978560528153375
1708200324.2662861,-8.789114294433594,1.3407529296874998,-3.478775012207031,0.005595712105630674,0.08007197560676275,-0.0558238898156965,-9.181763366699219,1.867477294921875,3.897760302734375,-0.5136064325525298,-0.5138728950337503,0.14468912730273603,-9.394847314453125,0.8738836059570312,0.35194764404296874,-0.2380842269705242,0.08326952538140886,0.03290811643073278
1708200324.3045342,-8.678981018066406,1.2904746948242187,-3.67749375,-0.0747427259823526,0.10725114869125461,-0.0929954059459574,-9.323021264648437,2.454056701660156,4.048595007324218,-0.6383108737637277,-0.8453522216720626,0.24900918870056504,-9.466673364257812,0.8307879760742187,0.5291185668945312,-0.38317304799509094,0.13123277200110037,0.03290811643073278
1708200324.342488,-8.813056311035156,1.158793603515625,-3.5625720703124997,-0.19864777974988895,0.19598315493768387,-0.19145329275693523,-10.038887561035155,4.735730883789063,5.1331683593749995,-0.8592082706955291,-1.5072450250238054,0.671485452675681,-9.600748657226562,0.584185205078125,1.22583125,-0.5333246561628474,0.05915467083095285,0.010924961730040842
1708200324.380394,-8.954314208984375,1.0749965454101562,-2.863465185546875,-0.5184027572144989,0.3695834614528451,-0.37917611077678337,-11.073182678222656,6.268019946289062,5.846640454101562,-1.4584823909604523,-2.866603372970229,1.6154287923993318,-9.490615380859374,0.6057330200195312,2.2553379638671873,-0.8069816243763094,-0.09392802463022919,-0.0075941807147844875
1708200324.4182491,-8.846575134277343,1.3766659545898436,-3.4093431640625,-0.974453293823399,0.9166309353985487,-0.598607964061872,-9.9981861328125,6.979097839355468,6.260837341308593,-1.5268300173935125,-3.104687599940753,1.8977457912524605,-9.763554370117188,0.8355763793945312,1.707065783691406,-0.9585987761907787,-0.0075941807147844875,0.04036906590490701
1708200324.457522,-8.693346228027343,1.6543933471679686,-5.736507177734374,-1.146454825451237,1.4791332332550418,-0.5879494648130517,-8.013392956542969,6.56968935546875,8.511386901855468,-0.7594180714784488,-2.1178438007406,2.3740474764341193,-9.588777648925781,0.9983820922851562,-0.51714755859375,-0.8666692201697034,0.5057457893565248,0.15135068933324874
1708200324.496212,-7.082048510742187,1.93451494140625,-7.168239770507812,-0.7656799397871307,2.0436339997206887,-0.33787442618760455,-6.507440112304687,6.528987927246093,11.844115612792969,-0.4696401231511459,-1.94477641918788,2.9201623316955505,-8.882488159179687,2.2457611572265623,-1.7405846069335937,-0.7987212874584737,0.8197718234748939,0.4134165396136187
1708200324.5341916,-5.9974751586914055,3.5386300537109374,-7.762001782226562,-1.0818376737552637,2.1903215956325783,-0.18812251174167888,-4.568136767578125,6.385335827636719,12.591106530761717,-0.24274732039188307,-2.8387580436826854,3.051661566177872,-8.468291271972657,2.9448680419921875,-2.50912333984375,-1.0045635542013165,1.171502298685965,0.7855313946380585
1708200324.571996,-5.4707507934570305,3.3638533325195312,-9.313444458007812,-1.5393537540108766,2.4176140921136717,0.20744104163016572,-4.335899206542969,7.75721337890625,14.183250634765624,-0.926756509684928,-3.5034487030872437,3.5011837719968693,-9.0788126953125,3.1172505615234374,-3.0142998901367184,-1.0161546721344086,1.3468346113290595,1.1712358362047444
1708200324.6098678,-5.485116003417969,3.825934252929687,-10.01015714111328,-1.6384777970249056,2.9051072015065924,0.5955436455278361,-1.3742717529296875,6.4643444824218745,15.229516760253905,-1.297272589822045,-3.8750306331492426,3.4353675391354037,-9.526528405761718,2.35589443359375,-3.902548706054687,-0.7548882092977002,1.6319494662350034,1.5755926514568657
1708200324.6478047,-5.576095666503906,4.280832568359375,-11.5304751953125,-1.5282955610402256,3.195551306036946,1.120208271051017,-2.1212626708984375,6.361393811035156,16.105794567871094,-0.07354364481686029,-4.145889745309889,2.3852389006453802,-10.335768566894531,3.8666356811523435,-3.706224169921875,-0.49921745856662236,1.9354502323451621,1.9190627897501011
1708200324.6861618,-5.427655163574219,4.659116430664063,-11.726799731445311,-1.303134764408896,3.7363369116739675,1.3998606450919404,-0.7158662963867187,7.893682873535155,16.18959162597656,-0.7698101082460486,-4.250742731670159,2.3789770323366985,-10.529698901367187,4.611232397460937,-4.627991809082031,-0.24314701411371384,2.1688713658943275,2.167006128525784
1708200324.724027,-4.170699291992188,5.930437512207031,-11.870451831054687,-1.4961868320531544,3.7882970955119672,1.6043705994286808,-0.34237083740234375,5.9950809570312495,16.658855151367188,0.2344869834740473,-4.365721292316808,2.4693078134704507,-9.591171850585937,5.743689782714843,-4.9823336547851556,-0.279385911559703,2.3755130200808314,2.393898931285047
1708200324.761856,-3.4356793823242184,5.872976672363281,-12.67250938720703,-1.6474042901457928,4.019586529211368,1.7462618706786013,0.011971008300781249,6.653486413574218,16.666037756347656,0.9274226658879792,-4.365721292316808,2.61066615975793,-9.976638317871092,5.4013189453125,-6.5409589355468745,-0.0834027566220191,2.580689130620623,2.52140122854906
1708200324.7997084,-1.9632453613281249,6.687005236816406,-12.785036865234375,-1.4492894353583448,4.2865819353943175,1.969957123663218,1.024718310546875,5.2624552490234375,16.577452294921873,1.2080076586131745,-4.365721292316808,2.735370600969128,-8.875305554199219,6.160280871582031,-6.797138513183594,0.15921133252925374,2.6233231276159046,2.625055133743838
1708200324.8375852,-0.5722141967773438,7.146691955566406,-12.478579052734375,-1.412117919228084,4.325218995171292,2.104120982957744,3.047818713378906,4.685452648925781,13.199233752441405,1.2549050553079841,-4.365721292316808,2.8078483958611065,-8.276755139160155,6.584054565429687,-7.68059892578125,0.5045467081910325,2.8210382886815215,2.7542894371357844
1708200324.8765514,0.59376201171875,7.170633972167968,-11.769895361328125,-1.280618684745763,4.365588061076198,2.2727917335703256,3.289633081054687,2.9472622436523435,10.919953771972656,1.602505362060137,-4.365721292316808,2.3211546739118476,-7.077260107421875,8.506598498535157,-7.414842541503906,0.5499785612391291,2.9528039856450627,2.789196022175671
1708200324.9148273,0.7948749511718749,2.114080065917969,-11.02529864501953,-1.44156202340295,4.365588061076198,2.110382851266426,4.029441394042968,3.6463691284179687,8.360552197265624,2.044833080886181,-4.365721292316808,2.62105819652553,-6.392518432617187,8.576030346679687,-8.161833459472655,0.5371883621405448,3.0752434957658865,2.7492266499925946
1708200324.9526632,3.418919970703125,7.6997525390625,-9.804255798339844,-1.2018790215451027,4.365588061076198,1.8146094971116618,4.007893579101562,2.147598889160156,4.975151049804687,2.2831837703379256,-4.365721292316808,3.256837676717663,-5.710170959472656,8.47786807861328,-8.518569506835936,0.5045467081910325,3.1374624851308752,2.6494364507755144
1708200324.9909024,4.235342736816406,7.505822204589843,-8.79150849609375,-1.3181898945978547,4.365588061076198,1.8276661586914666,4.395754248046875,1.2761094848632812,3.545812658691406,1.7406661585729708,-4.365721292316808,3.2701608007786884,-4.1754876953124995,8.458714465332031,-8.501810095214843,0.4764349164222689,3.0671163900886613,2.5587059759199313
1708200325.0288146,5.298368273925781,6.1818286865234375,-7.287949853515625,-1.3626891289616796,4.338408887991706,1.7160183790600738,4.838681555175781,-0.9313444458007812,2.0733786376953125,2.5854854552825923,-4.365721292316808,2.8592756547366647,-2.8419173706054686,8.030152368164062,-8.456320263671875,0.7502251158763412,2.9011102642882842,2.3724487015467957
1708200325.0669186,5.9591679321289055,6.866570361328125,-5.743689782714843,-1.4476906604710218,4.31949005182505,1.5197687616411693,3.1316157714843746,-1.407790576171875,0.699106884765625,2.236019911161896,-4.303369071711209,2.311295562106689,-2.0925322509765625,7.314286071777343,-8.422801440429687,0.6528330789902455,2.6878070480712677,2.2513415038320748
1708200325.1052442,6.241683728027343,5.468356591796875,-4.158728283691406,-1.297272589822045,4.159212869370915,1.3688177660297511,1.9800047729492187,-1.9776105712890624,-0.16998831787109375,2.1734012280750763,-4.18279479895893,2.3823078133519546,-0.8379705810546875,7.029376074218749,-7.951143713378905,0.6113981631604564,2.4804992376817117,2.119975500590364
1708200325.1430159,1.7693150268554687,2.1619640991210938,-1.8770541015625,-1.457683003516791,4.138828489557546,1.3279157751624031,1.2928688964843749,-3.0621839233398433,-0.7805097412109374,2.00752833351531,-3.8694349210436116,2.6445068948729347,1.8531120849609375,5.164292980957031,-7.50821640625,0.5009494646945557,2.3600581961700424,1.9982021466725919
1708200325.1809077,6.816292126464844,3.9408559326171875,0.4860229370117187,-1.251307811811507,4.280719760807466,1.2767549787680657,-0.8667010009765624,-3.859453076171875,0.679953271484375,2.035906587765294,-3.9555023024778357,2.130367537357964,3.375824340820312,4.876988781738281,-7.532158422851562,0.6329816241393176,2.1734012280750763,1.8385911204215075
1708200325.2189488,6.361393811035156,2.3582886352539063,1.6472107421875,-1.0775742740557357,4.274990817461226,1.3088637077551368,-4.091690637207031,-4.048595007324218,-2.2361843505859373,1.7344042902642887,-3.6826447217080354,2.4745038318542507,3.622427111816406,4.153939880371094,-7.671022119140624,0.9027748863750822,1.8171408906832567,1.6427411967244339
1708200325.256892,5.738901379394531,1.419761584472656,3.3399113159179685,-1.1556477810533445,3.6834441091516967,1.2050765713197489,-6.845022546386718,-8.564059338378906,-3.201047619628906,1.466742727878288,-3.3795436493197073,2.262932621765167,4.7117888671875,4.620809204101562,-7.5153990112304685,0.8677350700945854,1.8063491601938257,1.3598912729088644
1708200325.295306,5.370194323730469,1.9105729248046874,5.322310290527343,-0.7175834619268289,3.258303220364376,0.8612067393046828,-7.3478048950195305,-8.13310303955078,-3.5601778686523438,1.622356816911065,-2.8142434954103988,1.822203677826446,6.093243225097656,3.9911341674804683,-6.629544396972656,0.6168606440254767,1.6977656990964687,1.143257275676591
1708200325.3334298,5.104437939453125,2.9089550170898435,7.805097412109374,-0.6908039825641679,2.7512251186017482,0.6528330789902455,-4.987122058105468,-7.563283044433593,-1.9728221679687499,1.3978621764827865,-2.328082698423581,1.6090336928500395,7.6087728759765625,5.209782812499999,-6.308721374511719,0.353862175060835,1.645006127814808,1.1306003078186169
1708200325.3716338,4.747701892089843,2.5953145996093747,7.395688928222656,-0.6936018386169831,2.6778147050254986,0.47017304811358696,-6.476315490722656,-8.882488159179687,-1.2808978881835937,1.325117919109588,-2.2197656998074446,1.5905145504052143,7.7763669921875,3.2632968627929686,-5.748478186035156,0.3261500770139022,1.4511546727268885,1.0968928039442225
1708200325.4095554,3.4907460205078125,1.7525556152343749,8.128314636230469,-0.45365237427791544,2.3946983187287083,0.621124043725005,-7.153874560546875,-9.926360083007811,-1.1611878051757811,1.0130903536003726,-1.9081378280200603,1.3500321611037056,7.153874560546875,3.0885201416015624,-4.7572786987304685,0.4339341506675978,1.4078545195285557,0.9955038298398191
1708200325.4472845,1.0031704956054688,0.8499415893554687,8.777143286132812,-0.6140627879726615,1.8709663118897992,0.5526431860513342,-9.315838659667968,-9.387664709472656,-0.7206546997070312,0.6151286378975435,-1.5574732027338711,1.1002235849594788,7.388506323242187,2.4301146850585935,-3.459621398925781,0.3951638596500139,1.0671822372881359,0.7967228188493198
1708200325.484982,0.40462008056640625,0.7876923461914062,9.445125549316407,-0.5694303223682262,1.204010721394867,0.37531240479908595,-9.904812268066406,-9.17458076171875,-0.9504980590820312,0.30150229750100516,-0.9299540594595741,0.9422113335957175,8.403647827148436,2.473210314941406,-2.461239306640625,0.25766921934023157,0.7305068922660236,0.7194486992953725
1708200325.523268,-0.7996633544921875,0.11731588134765625,9.478644372558593,-0.41235068968873667,0.6974655445946806,0.13562940294123874,-9.636661682128906,-8.463502868652343,0.49799394531249996,0.06261868308681946,-0.5405191431558011,0.24221439542944206,8.700528833007812,1.7884686401367187,-2.051830822753906,0.03743797861148142,0.41501531450094176,0.5427840742461755
1708200325.5608714,-0.2753331909179687,0.023942016601562498,9.315838659667968,-0.30949617193762047,0.41088514604202386,-0.0610199081994964,-8.135497241210937,-6.928819604492187,1.2425906616210938,-0.16440735091305364,-0.3226860647580356,0.25620367569351876,9.56962403564453,1.659181750488281,-2.3391350219726563,-0.12497090369241841,0.12577029113607993,0.44779019969106426
1708200325.5992138,0.24899697265624998,-0.047884033203124995,10.295067138671874,-0.18092802474872516,0.2432802453543241,-0.2186324658414271,-9.289502441406249,-7.977479931640625,-0.15562310791015624,-0.38916845382255244,-0.3410719759622507,0.223828484225227,9.967061511230469,2.013523596191406,-3.5242648437499997,-0.21330321621701692,-0.1229724350832646,0.25846860678389305
1708200325.6370022,1.2425906616210938,-0.36631285400390623,11.535263598632811,0.053558958725322174,-0.05222664631921963,-0.4531194493154744,-10.493785876464843,-10.522516296386717,-2.39420166015625,-0.4208774890877929,-0.01985145485092787,-0.13349770309147468,10.824185705566405,1.0941501586914062,-5.2648494506835934,-0.1636079634693921,-0.21277029125457592,0.12563705989546967
1708200325.6749372,2.3367408203125,-0.033518823242187495,12.303802331542968,-0.03037672285913795,-0.5736937220677545,-0.31762327761484593,-11.554417211914062,-12.064382165527343,-2.616862414550781,-0.6930689136545422,0.4186125579974186,0.3053660034787026,10.424354028320312,0.6296750366210937,-5.099649536132812,0.31749004637423567,-0.273656968213462,0.1444226648215155
1708200325.7138934,1.5610194824218748,-0.8164227661132812,11.956643090820311,-0.1967825423813454,-1.4889923450602007,-0.17906278738018158,-12.919112158203124,-14.911087939453123,-4.333505004882812,-1.7430643209039551,1.4841960203982314,-0.4373981629234644,10.369287390136718,0.2346317626953125,-6.227318518066406,0.35332925009839405,-0.4469908122474027,-0.06275191432742971
1708200325.7516754,3.1675287963867187,-2.1715409057617188,12.677297790527343,0.34986523784252743,-2.6013399729152127,-0.06115313944010666,-17.223886743164062,-17.80567774658203,-10.505756884765624,-3.1402603411836907,3.1577136337036342,-1.171502298685965,10.417171423339843,0.46208092041015625,-9.143456140136719,0.2211638594130219,-0.43819755036712593,-0.42554058250915183
1708200325.790389,6.098031628417968,-2.24097275390625,13.340491650390625,0.4516539056687616,-4.365721292316808,-0.36425421182843487,-19.6133,-19.6133,-17.714698083496092,-4.365721292316808,4.365588061076198,-3.09789280666963,10.398017810058594,3.7134067749023436,-13.20881055908203,-1.0437335389407312,-0.0738101072980808,-0.5335911186440679
1708200325.8287082,10.728417639160156,0.8595183959960937,8.118737829589843,0.6874732015489115,-4.365721292316808,-1.207741196131954,-19.6133,-19.6133,-16.340426330566405,-4.365721292316808,4.365588061076198,-3.6380122561036004,11.214440576171874,10.000580334472655,-17.037139013671872,-3.94191271593559,0.11284686079688527,-0.6914701387672191
1708200325.8676786,12.969390393066405,6.282385156249999,-5.693411547851563,-0.5262634004105039,-4.365721292316808,-2.850082699134557,-19.6133,-16.172832214355466,-7.8721350585937495,-4.365721292316808,4.365588061076198,-4.013324660902686,6.4643444824218745,10.467449658203124,-14.405911389160156,-4.365721292316808,0.26299846896464174,-0.7415650852366746
1708200325.9092941,-0.13168109130859373,2.588131994628906,-10.711658227539061,-1.5561408903277687,-4.365721292316808,-4.365721292316808,-19.6133,-19.6133,17.54231556396484,-4.365721292316808,4.365588061076198,-0.383705972957532,-3.5506010620117183,-19.6133,11.767501159667969,-0.5487794800736369,-0.37917611077678337,-1.098225116350325
1708200325.9474022,-7.50821640625,-19.6133,10.342951171874999,2.8527473239467622,-3.631617156554308,0.07860643196004995,-19.6133,-3.265691064453125,19.61270144958496,-3.870634002209104,4.365588061076198,-4.365721292316808,5.439626171875,-6.3901242309570305,19.61270144958496,1.8355268018874717,-1.2330551318479022,-1.5707963267948966
1708200325.9857585,8.904035974121093,14.367604162597656,17.611747412109374,-1.1750995421824417,-2.4828974000126967,-1.3640214413677823,-5.327098693847656,1.8171990600585937,19.61270144958496,-0.44845635589411553,3.2886799432235136,-0.14069219008442838,2.7341782958984373,7.711723547363281,2.0877438476562498,-4.365721292316808,-1.3305803999746082,-0.5152052074398529
1708200326.0653157,7.769184387207031,0.9696516723632812,-6.095637426757812,-2.1269035251020973,-1.0615865251825052,-1.0647840749571513,8.772354882812499,-0.296881005859375,0.9744400756835937,-3.630418075388816,-0.6107320069574051,-0.8938483932541952,6.663063220214843,7.668627917480468,-4.477157104492187,-0.9697902004020401,-1.060387444017013,-0.9780505373198758
1708200326.147413,5.88015927734375,3.411737365722656,-3.450044592285156,0.03530627876171736,-1.4039908135508583,-0.8232358357307605,3.2058360229492187,0.6296750366210937,7.6087728759765625,0.9751194500264503,2.570430325093634,0.39862787190588045,5.396530541992187,3.248931652832031,-3.294421484375,0.9925727425463936,-1.137928026052181,-1.584519144577753
1708200326.2070467,6.591237170410156,5.8610056640625,-2.3391350219726563,0.8938483932541952,-1.165773355339724,-1.0482634011214798,2.109291662597656,3.0550013183593747,7.445967163085937,-0.6983981632789523,1.0490627885651413,0.2695267997545442,4.7572786987304685,6.141127258300781,-3.4069489624023435,0.13629555914429,-1.1949509970333696,-1.5666661583359787
1708200326.2454066,4.388571643066406,2.6599580444335937,-2.04943662109375,-0.10818376737552639,-1.3981286389640073,-1.4102526818595402,0.03591302490234375,1.7597382202148437,5.691017346191406,-0.4271393573964748,0.27165849960430827,0.5955436455278361,1.8219874633789062,3.4548329956054684,-2.2026655273437497,-0.45511791792462825,-1.2951408899722807,-1.8591087314754866
1708200326.2831542,2.9089550170898435,3.7325603881835936,-2.437297290039062,0.34693415054910187,-0.9577993887471172,-1.7441301708288373,0.488417138671875,2.93050283203125,2.8945898071289062,0.13309800936964392,0.41221745844812635,0.9538024515288095,1.9847931762695312,5.537788439941406,-3.2537200561523436,-0.47909954123447396,-1.5121745809263847,-2.126637062620877
1708200326.3210545,2.4947581298828125,2.6719290527343746,-4.405331054687499,-0.071811638688927,-1.1649739678960624,-2.111981626153749,-0.22505495605468748,-0.22266075439453123,3.6080619018554687,-0.05862174586851183,1.091430323079202,1.2138698332000257,0.6751648681640625,5.228936425781249,-5.238513232421875,-0.7051929565500753,-1.4238422684017862,-2.3450030659810834
1708200326.358615,1.4700398193359374,4.44363828125,-5.793968017578124,-0.0607534457182759,-1.3861378273090843,-2.3649877520726217,-1.448492004394531,0.4644751220703125,3.1842882080078123,-0.9932388987494448,1.3697503847140229,0.8640045953574983,-0.8188169677734375,5.255272644042968,-5.705382556152343,-0.9522036766414865,-1.4652771842315753,-2.593079635997377
1708200326.3964744,0.5770026000976562,2.7724855224609373,-6.141127258300781,0.44779019969106426,-1.573061257885271,-2.6776814737848884,-1.4700398193359374,-1.8770541015625,2.940079638671875,-0.5065451768001863,1.8036845353816209,0.9816477808163526,-1.1755530151367186,6.064512805175781,-5.537788439941406,-0.47750076634715094,-1.591980094051927,-3.068581933735374
1708200326.4344778,0.033518823242187495,5.240907434082031,-6.117185241699218,1.165773355339724,-2.115712100890836,-2.8614073545864285,-3.967192150878906,-1.608903515625,2.3487118286132813,0.5427840742461755,2.4336018409869027,0.8854548250957491,-2.6479870361328124,7.1035963256835934,-6.062118603515625,0.06741500774878861,-1.9395804008040802,-3.5166385959076587
1708200326.472086,-2.6886884643554687,2.370259643554687,-8.147468249511718,1.496586525774985,-2.722713633111154,-3.1208085800545935,-7.819462622070312,-3.854664672851562,3.718195178222656,1.182560491656616,3.3887366049218146,0.31122817806555375,-6.244077929687499,7.60398447265625,-6.691793640136718,0.2980382852451386,-2.3665865269599444,-4.128969377752387
1708200326.5096645,-5.008669873046875,8.755595471191405,-9.986215124511718,2.3136937244376736,-3.199415012014643,-3.498385915944054,-11.487379565429686,-2.923320227050781,2.588131994628906,1.000166923261178,3.7212817814850094,-0.4540520679997462,-7.108384729003906,11.403582507324218,-6.5026517089843745,-0.08833231252459851,-2.6947350725830006,-4.365721292316808
1708200326.5474267,-7.058106494140625,7.228094812011718,-10.884040747070312,1.4149157752808992,-4.225695258435431,-3.8662373712689653,-15.998055493164062,-5.104437939453125,8.583212951660157,-0.9944379799149371,4.365588061076198,0.1729341503121099,-8.015787158203125,8.473079675292968,-6.598419775390624,-0.6047366011299435,-2.4398637092955844,-4.365721292316808
1708200326.5853062,-9.093177905273437,7.098807922363281,-10.079588989257813,0.7025283317378702,-4.365721292316808,-3.7246125625002655,-19.6133,-5.825092639160156,10.409988818359375,-0.7619494650500436,4.365588061076198,-1.5346906605895179,-9.9981861328125,4.153939880371094,-4.321533996582031,-0.29057733577096434,-1.8083476288029798,-4.365721292316808
1708200326.623275,-13.029245434570312,3.220201232910156,-9.203311181640624,2.847950999284793,-3.9064732059332625,-2.9762526839924677,-19.6133,-6.49307490234375,6.361393811035156,0.8164410424596376,4.365588061076198,-2.76801225491864,-16.146495996093748,5.003881469726562,-0.15083470458984374,1.297272589822045,-1.9126676902008088,-4.362923436263993
1708200326.6611502,-18.873491687011718,9.871293444824218,-7.259219433593749,2.8889862213927513,-4.280453298326246,-2.948007660983094,-19.6133,-2.3367408203125,10.843339318847656,0.7502251158763412,4.243548244677205,-2.342071978687658,-17.140089685058594,8.05648858642578,-1.9776105712890624,1.0932955604477457,-2.357127108876617,-4.034908121881547
1708200326.6986935,-15.229516760253905,5.0182466796875,-8.947131604003905,0.9371485464525278,-4.365721292316808,-2.729375195141667,-19.6133,-3.5793314819335937,15.069105249023437,-1.6669892825155002,4.365588061076198,-1.0575895879641977,-16.584634899902344,3.859453076171875,-2.2744915771484373,1.6823108751856792,-2.8198392075160292,-3.4689418117691875
1708200326.7363493,-17.57104598388672,3.5146880371093747,-9.172186560058593,3.2397840779195506,-3.774840740210331,-1.774373662447365,-19.6133,-6.224924316406249,12.452242834472656,1.3117947950485624,3.7749739714509416,-1.8104793286527439,-18.121712365722654,2.9568390502929685,-3.1268273681640624,2.4242756541441848,-3.054859115952518,-3.15025268422946
1708200326.773938,-16.737863806152344,3.679887951660156,-8.145074047851562,3.1569142462599724,-3.7448637110730236,-1.1126140903362325,-19.6133,-4.517858532714843,8.319850769042969,3.8898193008569804,1.6907044433441252,-3.496787141056731,-16.50562624511719,3.919308117675781,-2.9951462768554684,2.325950998573817,-3.2916110305169393,-2.3196891302651355
1708200326.812324,-12.279860314941406,1.1180921752929687,-7.055712292480468,1.8480505385048354,-3.6786477844897276,-0.6444395108317994,-19.6133,19.61270144958496,5.051765502929687,4.365588061076198,2.0031317025751716,-4.2955084285152045,-13.249511987304686,0.16280571289062498,-3.2561142578125,2.574960187274382,-2.9157657007554123,-1.5398866789733177
1708200326.8499494,-11.235988391113281,6.2584431396484375,-9.507374792480467,3.809081169047167,-2.479833081478661,0.5960765704902772,-15.203180541992186,8.269572534179687,6.054935998535156,1.6299509976258495,1.0845022985674688,-2.3091638622569253,-10.311826550292968,5.829881042480468,-4.548983154296875,2.5882833113354073,-2.1374287931103075,-0.7856646258786688
1708200326.88778,-8.731653454589843,5.140350964355468,-6.574477758789062,1.7994211356820926,-2.2500091914259723,0.407820827507988,-12.320561743164061,6.229712719726562,6.100425830078125,-3.0529938785839743,1.593978562661081,-2.0421684560739757,-8.17859287109375,3.7301661865234372,-2.6503812377929687,1.074110261799869,-1.2183996953807743,-0.30203522246344616
1708200326.925429,-6.998251452636718,3.181894006347656,-5.738901379394531,-0.2587350692651136,-1.9814150103557,0.3153583465244716,-10.998962426757812,5.149927770996094,7.513004809570312,-3.2828177686366624,1.826866771247805,-1.962096480467213,-7.544129431152343,1.5275006591796874,-0.7230489013671875,-0.10378713643538799,-0.5818208277449799,0.09872434929219834
1708200326.9631677,-6.208164904785156,0.6703764648437499,-3.6583401367187496,0.22995712129329868,-0.6497687604562096,0.3771776421676295,-11.006145031738281,5.837063647460937,6.749254479980468,-2.606003066336571,0.7810015324573099,-1.4197120999428685,-7.819462622070312,0.47644613037109373,-0.19393033447265623,-0.05076110267250683,-0.26819448734844165,0.22609341531560131
1708200327.001122,-7.350199096679687,1.3742717529296875,-2.7269956909179687,-0.08593415019361393,-0.04543185304809667,0.29111026073340535,-10.824185705566405,5.504269616699219,5.566518859863281,-0.6914701387672191,-0.344935681939948,-0.03450689131805583,-8.12113203125,0.44053310546874996,-0.20350714111328125,-0.11138131715017249,0.009192955602107537,0.433001531983326
1708200327.0393252,-6.8210805297851556,0.8954314208984374,-3.7517140014648436,-0.09059724361497283,0.6998637069256651,0.22769219020292436,-11.499350573730467,3.821145849609375,5.6958057495117185,1.044666157625003,-1.9411791756914032,1.2315895882011896,-8.2743609375,0.15083470458984374,-0.27293898925781246,-0.041168453348568536,0.398894334387101,0.5201347633424322
1708200327.0771532,-7.635109094238281,0.5506663818359374,-3.181894006347656,0.08899846872764978,1.502848394083667,0.20943951023931956,-12.059593762207031,4.177881896972656,7.127538342285156,1.543750384951015,-2.1049203704014054,2.1291684561924717,-8.736441857910156,0.28490999755859375,-0.09816226806640624,-0.08127105677225505,0.8742634008844878,0.5750260344738569
1708200327.1160924,-8.427589843749999,0.9720458740234375,-3.411737365722656,-0.031975497746460996,2.125571212695995,0.13483001549757723,-11.903970654296874,3.447650390625,4.522646936035156,1.8329954083158768,-1.657529864432172,2.704594184388159,-9.236830004882812,0.8810662109374999,0.09576806640624999,-0.3503981628049685,1.260234304932394,0.6654900468482196
1708200327.1536632,-9.287108239746093,1.3742717529296875,-3.778050219726562,-0.3677182240843015,2.521934153511501,0.04290045947650184,-12.57674132080078,2.4588451049804685,3.782838623046875,0.9148989292706153,-1.5546753466810557,3.0254150117776515,-10.129867224121092,0.718260498046875,0.26815058593749996,-0.5731607971053133,1.6262205228887623,0.7556875967413617
1708200327.1925452,-10.184933862304687,1.1156979736328125,-3.8570588745117185,-0.4091531399140905,3.095494644338645,0.07154517620770649,-14.551957690429687,1.4125789794921875,4.560954162597656,0.14069219008442838,-1.0671822372881359,3.4237764212023114,-10.874463940429687,0.7110778930664062,0.8020575561523438,-0.742764166402167,1.874563555386276,0.9065053611121693
1708200327.2311804,-11.623849060058593,1.5658078857421873,-3.6248213134765623,-0.636312405154574,3.2220643229183867,-0.014921898948348467,-15.813701965332031,0.699106884765625,4.984727856445312,-0.062485451846209204,-1.2752894351213528,3.6513353801646256,-11.195286962890624,1.1156979736328125,1.2378022583007813,-1.0972924976660534,2.0319096505469862,1.0369387456696082
1708200327.2690978,-11.698069311523437,1.465251416015625,-3.593696691894531,-1.1184762649230835,3.335843802399544,-0.11750995421824417,-15.559916589355467,-0.07900865478515624,5.42047255859375,-0.31629096520874334,-1.3468346113290595,3.907672287098755,-11.145008728027342,0.39743747558593745,1.4006079711914061,-1.265430323316194,2.0738774913392164,1.120208271051017
1708200327.3068988,-11.252747802734374,0.6416460449218749,-3.81156904296875,-1.1106156217270786,3.476402761243362,0.00159877488732305,-15.322890625,-0.5698199951171875,5.846640454101562,-0.5960765704902772,-1.5043139377303798,4.225162333472991,-10.541669909667968,0.3136404174804687,1.0606313354492187,-1.0186860657060033,1.9319862200892954,1.1365957136460785
1708200327.3444712,-9.931148486328125,1.0079588989257813,-4.601655590820312,-1.0742434930404792,3.379943343041538,0.10058958666074189,-14.188039038085936,-1.35990654296875,5.327098693847656,-0.2113047476078631,-1.645539052777249,4.064751919778244,-9.883264453125,0.689530078125,0.20829554443359374,-0.7806018387354792,1.883889742228994,1.0629188375886076
1708200327.3821163,-9.18655177001953,0.5482721801757812,-4.934449621582031,-0.7536891281322078,3.370084231236379,0.04449923436382489,-12.684480395507812,-1.6328455322265625,5.166687182617188,0.3682511490467425,-1.5898483942021628,3.7158193006199887,-10.12507882080078,0.5793968017578125,-0.43574470214843747,-0.5253307817262322,1.6751163881927256,0.899577336600436
1708200327.4202201,-9.87608184814453,0.5434837768554687,-5.389347937011719,-0.5251975504856219,2.4996845363295885,0.24208116418883183,-10.881646545410156,-1.8028338500976562,4.285620971679688,0.6778805522249731,-1.2128039832751436,3.1290689169724293,-9.739612353515625,1.0127473022460938,-0.6057330200195312,-0.2763215930256671,1.3105957138830702,0.6969326196322395
1708200327.4578671,-7.994239343261718,1.235408056640625,-5.291185668945312,-0.30509954099748204,2.1186431881842616,0.12057427275228003,-8.40125362548828,-1.0654197387695312,3.9169139160156248,0.6429739671850866,-0.8781271068621852,2.4659770324551946,-8.935160595703124,1.7669208251953124,-1.20667763671875,-0.28165084265007734,0.9631286383715274,0.4980183774011301
1708200327.4955382,-7.311891870117187,1.5275006591796874,-5.2816088623046875,-0.3567932623542607,1.6936355306375508,-0.009992343045769061,-6.260837341308593,-0.928950244140625,3.897760302734375,0.34546860690238906,-0.714519143392793,1.9391807070822495,-8.655039001464843,1.8650830932617186,-1.6256629272460936,-0.21556814730739124,0.6372450238388456,0.24434609527920614
1708200327.533179,-6.8593877563476555,1.1444283935546875,-5.786785412597656,-0.1765313938085868,0.9785834622823169,-0.11018223598468019,-5.015852478027344,-1.4413093994140624,3.593696691894531,0.06261868308681946,-0.0415681470703993,1.3243185316659263,-9.196128576660156,1.5466542724609373,-1.917755529785156,-0.07434303226052183,0.17226799410905863,-0.033041347671343035
1708200327.5713928,-6.349422802734375,1.1516109985351561,-6.0884548217773435,0.12950076587316706,0.33960643231553783,-0.1337641655726952,-5.140350964355468,-1.5610194824218748,3.9719805541992184,-0.11404594196237756,0.028111791768763626,0.41621439566643403,-9.133879333496093,1.7453730102539062,-2.4301146850585935,0.057955589665460557,-0.2819173051312978,-0.2700597247169852
1708200327.6091976,-6.019022973632812,1.455674609375,-6.574477758789062,0.32535068957024066,-0.47656814766287914,-0.23075650873696021,-4.50109912109375,-2.085349645996094,3.342305517578125,-0.1662725882815972,0.6109984694386256,-0.34453598821811726,-9.406818322753905,2.1906945190429687,-2.987963671875,0.17346707527455094,-0.7222465553481878,-0.5130735075900887
1708200327.6474898,-6.045359191894531,1.6472107421875,-6.974309436035155,0.5768912718424006,-1.3858713648278638,-0.3313460953977021,-5.142745166015625,-1.5394716674804687,4.091690637207031,-0.18825574298228911,0.4716385917602997,-1.3586921917433719,-9.49300958251953,2.3511060302734372,-3.153163586425781,0.2676615623860006,-1.1539157749254114,-0.7285084236568697
1708200327.6851444,-6.260837341308593,1.9776105712890624,-7.50821640625,0.799920368623966,-2.171402759465922,-0.39289892855963954,-6.019022973632812,-1.1348515869140625,4.331110803222656,-0.2932419605831694,0.6449724357942405,-2.3660536019975034,-9.406818322753905,2.6312276245117188,-3.404554760742187,0.2502082698660573,-1.4406294047186783,-0.88065850043378
1708200327.7227974,-6.72291826171875,1.9393033447265624,-7.754819177246094,0.9167641666391588,-2.9593323164349656,-0.4254073512685415,-8.295908752441406,-0.9792284790039062,4.355052819824219,-0.607001532220318,1.1749663109418316,-3.2104732049852944,-9.404424121093749,2.3487118286132813,-3.294421484375,0.2921761106582874,-1.5541424217186148,-1.0030980105546037
1708200327.7604368,-7.678204724121093,1.4508862060546874,-7.611167077636718,1.2026784089887645,-3.4307044457140443,-0.28538131738716443,-11.317391247558593,-0.033518823242187495,5.973533142089844,-1.0382710580757106,1.7761056685752983,-4.15694793828054,-9.572018237304688,1.6543933471679686,-2.1691467041015624,0.6261868308681946,-1.356560491893608,-1.0659831561226436
1708200327.7983603,-8.219294299316406,0.814028564453125,-6.526593725585937,1.5807886698406657,-3.765781015848834,-0.007061255752343471,-14.46097802734375,0.7062894897460937,7.417236743164062,-1.2173338454558924,2.0860015342347498,-4.365721292316808,-9.651026892089844,1.1875240234375,-0.6775590698242188,0.9769846873949938,-0.9727212876954656,-0.9923062800651731
1708200327.8364244,-9.775525378417969,1.0702081420898437,-4.352658618164062,1.7304073530459811,-3.5202358394041355,0.22942419633085767,-16.91982313232422,1.3814543579101561,7.094019519042968,-1.228125575945323,2.169137828375548,-4.365721292316808,-9.598354455566406,0.7398083129882812,1.1707646118164061,1.1849586539876005,-0.6284517619585689,-0.9300872907001844
1708200327.8743436,-10.714052429199219,1.8052280517578123,-2.6527754394531247,1.703094948720879,-3.3760796370638406,0.26926033727332366,-18.600552697753905,3.327940307617187,5.961562133789062,-0.49961715228845316,1.5546753466810557,-3.831197554988469,-10.493785876464843,1.1707646118164061,2.6982652709960937,1.232388975644851,-0.7379678417401978,-0.6963996946697986
1708200327.9119391,-10.565611926269531,1.9800047729492187,-0.7206546997070312,1.2896784091072602,-2.9308208309443713,0.08286983165957809,-14.111424584960936,-3.3877953491210935,9.80665,4.365588061076198,2.5587059759199313,-3.956301689921497,-10.678139404296875,-1.0414777221679687,2.8610709838867185,1.210272589703549,-1.281684534670645,-0.6574961724116043
1708200327.9500222,-9.756371765136718,1.3215993164062498,-2.3582886352539063,1.7130872917666482,-1.4098529881377095,0.4952205213483147,-10.69968721923828,8.729259252929687,0.8403647827148437,2.429205210046764,1.2562373677140866,-1.7248116409403504,-10.74517705078125,2.1835119140624997,1.1827356201171875,1.5153721307010308,-2.0293782569753915,-0.2821837676125183
1708200327.9879303,-9.540893615722656,2.521094348144531,-3.1387983764648437,1.3685513035485308,-1.051460950896126,0.2502082698660573,-9.78031378173828,4.374206433105469,4.862623571777344,-0.9146324667893948,-0.006661562030512709,-0.6364456363951841,-9.397241516113281,1.70467158203125,-0.4908113403320312,0.8437534467847395,-1.7691776440635651,-0.20677488542711447
1708200328.0260367,-8.710105639648438,1.39821376953125,-3.6391865234374996,-0.19984686091538126,-1.055191425633213,0.06115313944010666,-9.943119494628906,3.1004911499023438,8.659827404785156,-0.4767013789034894,0.5951439518060053,-0.2997702913730719,-9.342174877929686,0.507570751953125,-1.0989385620117187,0.278852986597262,-1.4094532944158789,-0.035173047521107094
1708200328.0637078,-8.183381274414062,0.06703764648437499,-4.766855505371093,0.3336110264880764,-0.5072113330032376,0.2153016848261707,-9.05965908203125,2.0973206542968748,5.736507177734374,-0.05249310880044014,0.3148254215620306,-0.31189433426860497,-9.131485131835937,0.14604630126953125,-1.7812860351562498,0.36745176160308096,-1.0377381331132698,-0.002797856052815337
1708200328.1014578,-8.267178332519531,0.5123591552734374,-4.666299035644531,0.43140275709600295,-0.42114395156901346,0.1994471671935505,-8.645462194824217,2.1691467041015624,5.365405920410156,0.33147932663831237,0.0860673814342242,-0.5526431860513342,-8.884882360839843,0.6655880615234374,-1.37906015625,0.38677029149156783,-0.47177182300091003,0.05222664631921963
1708200328.1399834,-8.001421948242188,0.9696516723632812,-4.2880151733398435,0.44832312465350527,-0.24141500798578053,0.21237059753274515,-8.315062365722655,3.047818713378906,5.453991381835937,0.07847320071943971,0.24727718257263173,-0.29550689167354377,-8.434772448730468,1.0510545288085937,-0.45489831542968745,0.19278560516303778,0.036505359927209644,0.10138897410440342
1708200328.1775086,-7.783549597167968,1.5466542724609373,-3.1747114013671873,0.30323430362893844,0.11990811654922875,0.14602143970883857,-8.391676818847655,3.3686417358398435,4.431667272949219,-0.20824042907382725,-0.48829249683658155,-0.14255742745297195,-8.59278975830078,1.3048399047851562,0.7781155395507812,-0.09392802463022919,0.35452833126388633,0.15041807064897697
1708200328.2151637,-8.14028564453125,1.8076222534179687,-2.31758720703125,-0.053026033762881154,0.5220000007109759,0.007860643196004996,-9.184157568359375,3.5410242553710933,5.315127685546875,-0.39822817818404965,-0.24034915806089852,0.4870934156710892,-8.911218579101561,1.0845733520507812,1.4867992309570313,-0.42527412002793125,0.505346095634694,0.21290352249518615
1708200328.2532575,-8.719682446289061,1.6017209106445311,-1.9895815795898437,-0.3121607967498255,0.9482067394231789,-0.0941944871114497,-9.76116016845703,3.0047230834960934,5.516240625,-0.4808315473624073,-0.16827105689075103,1.2346539067352253,-9.241618408203124,0.7661445312499999,1.8124106567382812,-0.5934119456780721,0.5214670757485348,0.28378254249984136
1708200328.2910538,-8.796296899414061,1.4245499877929686,-2.0350714111328125,-0.4793660037156945,1.4149157752808992,-0.17106891294356635,-10.55364091796875,2.147598889160156,5.667075329589843,-0.3266830019763432,-0.5502450237203498,1.7486600330095858,-9.325415466308593,0.70868369140625,1.5777788940429687,-0.7293078111005313,0.5523767235701138,0.3610566620537888
1708200328.3286202,-8.894459167480468,1.3144167114257812,-2.43250888671875,-0.6700199090289682,1.7212143974438736,-0.22143032189424242,-10.484209069824217,1.4724340209960938,5.559336254882812,-0.028378254249984136,-0.8814578878774415,2.0657503856619908,-9.200916979980468,0.7326257080078125,1.0534487304687499,-0.8441531405065704,0.6789464021498552,0.43500000059247984
1708200328.3662384,-9.045293872070312,1.16837041015625,-3.181894006347656,-0.8200382859561144,1.8319295583909947,-0.24461255776042665,-10.670956799316405,1.0007762939453124,5.310339282226562,0.09765849936731631,-0.8657366014854315,2.3685849955690985,-9.45470235595703,0.852335791015625,0.4381389038085937,-0.9294211344971332,0.8689341512600777,0.48842572807719176
1708200328.4038372,-9.17458076171875,1.1875240234375,-4.048595007324218,-0.9406125587083944,1.8240689151949898,-0.2721914245667493,-10.40041201171875,0.7206546997070312,4.881777185058594,0.1342970905351362,-0.7696768770054383,2.3737810139528985,-9.758765966796874,0.9097966308593749,0.1388636962890625,-1.07983920514611,1.0093598788632856,0.5247978567637911
1708200328.4419036,-9.536105212402344,1.0007762939453124,-4.4196962646484375,-1.1062189907869404,1.7955574297043952,-0.28378254249984136,-10.338162768554687,0.7876923461914062,4.283226770019531,-0.25060796358788806,-0.6293843806428407,2.0829372157007136,-10.175357055664062,0.8547299926757812,0.1388636962890625,-1.2724915790685376,1.1837595728221082,0.5800888216170466
1708200328.4795551,-9.380482104492186,0.9840168823242187,-4.446032482910156,-1.1428575819547602,1.807947935081149,-0.2904441045303541,-10.532093103027343,1.2018892333984375,3.632003918457031,-0.7694104145242178,-0.03850382853636345,1.843120982602256,-9.986215124511718,0.6464344482421874,0.7517793212890624,-1.4050566634757404,1.1203415022916272,0.5999402764679745
