1708200102.307731,-2.01112939453125,4.520252734375,-13.539210388183593,-1.0129571223597624,3.2329892846484274,1.995004596897946,8.135497241210937,9.124302526855468,9.715670336914062,0.5911470145876978,-3.7906952578429514,2.3683185330878778,-9.785102185058593,4.089296435546875,-6.852205151367187,0.966592650627394,2.4498560523413535,1.9014762659895474
1708200102.3456182,-1.1420341918945311,5.154716174316406,-13.302184423828125,-1.1016891286061916,3.3987289479675837,2.1600781040140506,8.635885388183594,8.221688500976562,8.990227233886719,0.5975421141369899,-4.124439515571638,2.775473204392815,-8.769960681152343,4.924872814941406,-7.285555651855469,1.0811715175522125,2.586018380245033,2.026180707200745
1708200102.3840747,0.062249243164062495,5.267243652343749,-13.223175769042967,-1.2025451777481542,3.6408101121564154,2.2689280275926285,8.403647827148436,7.517793212890624,8.14028564453125,0.6044701386487231,-4.353197555699444,2.768944873602912,-8.300697155761718,4.802768530273437,-8.425195642089843,1.2021454840263233,2.896713633348146,2.012058195696058
1708200102.4218538,1.1252747802734375,5.216965417480468,-13.33091484375,-0.8721317010347238,3.8422557479591197,2.145555898787533,8.240842114257813,6.337451794433593,6.68461103515625,0.6560306287648915,-4.365721292316808,2.5341914276476443,-8.508992700195313,6.095637426757812,-9.200916979980468,1.2886125591823783,2.902042882972556,1.9791500792653256
1708200102.4595551,1.5346832641601562,5.123591552734375,-12.026074938964843,-0.8341607974608013,4.019586529211368,2.230823892778096,8.104372619628906,5.966350537109375,4.881777185058594,0.720781011701475,-4.365721292316808,2.625721289946889,-6.813897924804687,5.961562133789062,-9.557653027343749,1.3208545194100596,2.924026037673248,1.8830903547853322
1708200102.497275,4.120421057128906,5.810727429199218,-10.486603271484375,-1.0497289447681926,4.036506896768871,2.100257276980047,6.749254479980468,4.493916516113281,3.1172505615234374,0.760617152643941,-4.365721292316808,2.8667366042108386,-4.733336682128906,6.770802294921874,-9.804255798339844,1.026946402623839,2.8724655475570797,1.8417886701961537
1708200102.5350204,6.167463476562499,5.597643481445312,-8.815450512695312,-1.1389938759770628,4.270460955280477,1.8140765721492207,5.305550878906249,3.545812658691406,1.1563994018554686,1.1567136309782267,-4.365721292316808,2.8546125613153057,-2.6958710693359373,6.212953308105468,-10.120290417480469,0.8221699858058784,3.2118055173913973,1.793292498614021
1708200102.57283,6.2392895263671875,4.503493322753906,-8.0828248046875,-1.0300107211578748,4.219300158886139,1.405323125956961,3.39018955078125,0.9648632690429687,-0.05985504150390625,1.2387840751941432,-4.365721292316808,2.8578101110899516,-3.1579519897460937,6.078878015136718,-10.13226142578125,0.6014058201146874,3.2078085801730896,1.6592618705601052
1708200102.6109512,5.568913061523437,4.146757275390625,-7.335833886718749,-1.1132802465392837,4.04170291515267,1.3684180723079205,2.8610709838867185,0.09816226806640624,-0.5195417602539062,1.2955405836941114,-3.946309346875728,2.74176570051842,-3.864241479492187,4.611232397460937,-9.504980590820312,0.6379111800418968,2.881924965640408,1.533758041905246
1708200102.6486006,5.336675500488281,4.319139794921875,-5.834669445800781,-1.0258805526989572,3.667856054000297,1.1675053614676572,1.24498486328125,-1.687912170410156,-1.9393033447265624,1.1300673828561758,-3.580722822641191,2.6269203711123814,-3.0142998901367184,5.03740029296875,-8.52335791015625,0.4924226652954994,2.4184134795573335,1.4217105685520222
1708200102.6862454,5.348646508789062,3.5769372802734374,-3.6104561035156246,-0.7913935692249097,3.2702940320192986,0.9065053611121693,0.3064578125,-3.660734338378906,-2.5354595581054684,1.0388039830381517,-2.9272235874478945,1.9037411970799216,-1.0295067138671874,4.903325,-7.7596075805664055,0.7307733547472441,1.690571212103515,1.1232725895850528
1708200102.723889,5.868188269042968,3.4332851806640625,-0.4572925170898437,-0.37477947983664495,2.9075053638375765,0.43926340029200794,0.1292868896484375,-4.4819455078125,-2.427720483398437,1.1703032175204726,-2.533525271444593,1.1813614104911236,3.076549133300781,4.7189714721679685,-7.261613635253906,0.8378912721978884,1.6304839225882903,1.087699848342115
1708200102.7615728,5.97592734375,4.062960217285156,0.13407529296874998,-0.683076570608773,2.4722389007638763,0.5720949471804314,-2.2026655273437497,-5.521029028320312,-4.872200378417968,0.8095130179479043,-2.3736477827122884,1.6800459440953048,1.714248388671875,4.474762902832031,-7.445967163085937,0.5114747327027658,1.3223200630567726,1.046797857474767
1708200102.7999423,8.681375219726561,4.012681982421875,0.33039982910156246,-0.752756509447936,2.0856018405129184,0.36372128686599386,-2.4061726684570313,-7.592013464355468,-4.7931917236328125,0.6383108737637277,-1.5297611046869382,0.8835895877272055,2.1715409057617188,3.9264907226562498,-7.46272657470703,0.46084686127086916,1.0049632479231472,0.7849984696756176
1708200102.8377037,7.225700610351562,3.1603461914062496,2.6767174560546874,-0.489091884280243,1.628218991497916,0.23062327749634998,-2.5641899780273434,-6.545747338867187,-6.129156249999999,0.6738836150066655,-1.3522970921940796,0.5719617159398211,3.881000891113281,3.778050219726562,-8.360552197265624,0.16827105689075103,0.9363491590088662,0.6329816241393176
1708200102.8753285,7.599196069335937,2.4205378784179685,3.2345664428710936,-0.4175467080725365,1.2282588071859333,0.17146860666539712,-0.5219359619140624,-6.833051538085937,-6.102820031738281,0.5361225122156628,-0.7699433394866588,0.700796325609937,4.623203405761719,3.699041564941406,-8.518569506835936,0.08113782553164478,0.848150077724878,0.517869832252058
1708200102.9181166,8.341398583984375,2.578555187988281,3.845087866210937,-0.2188989283226476,1.1367289448866886,-0.0334410413931738,-1.867477294921875,-5.827486840820312,-5.944802722167968,0.7337044420406696,-0.7837993885101252,0.4517871369093719,5.4899044067382805,3.0214824951171875,-8.769960681152343,-0.08580091895300368,0.9162312416767179,0.3362756513002815
1708200102.955957,8.374917407226562,2.6048914062499997,4.474762902832031,-0.13722817782856178,1.085701379732961,-0.04543185304809667,-1.139639990234375,-7.714117749023437,-5.430049365234375,0.6948009197824755,-0.35332925009839405,0.5503782549609599,5.8083332275390624,2.4875755249023435,-8.789114294433594,-0.059287902071563106,0.8317626351298169,0.264730475092575
1708200102.9941435,7.989450939941406,2.408566870117187,4.80755693359375,-0.04263399699528134,0.9454088833703636,0.0255803981971688,-2.1715409057617188,-8.441955053710936,-5.224148022460938,0.37158193006199886,-0.9398131712647328,0.4192787142004698,5.9950809570312495,2.166752502441406,-8.078036401367187,0.07394333853869106,0.7178499244080494,0.2295574275714679
1708200103.0319607,7.486668591308593,2.3343466186523436,4.721365673828124,-0.08113782553164478,0.7532894344103771,0.2255604903531603,-0.9552864624023437,-7.208941198730468,-3.746925598144531,0.07554211342601411,-0.5186692196957194,0.5153384386804631,5.851428857421874,1.637633935546875,-7.570465649414062,0.18639050561374557,0.5593047480818469,0.24994180738483682
1708200103.0698366,6.957550024414062,2.3965958618164063,5.643133312988281,-0.07101225124526546,0.8656033702448213,0.399960184311983,-0.9888052856445312,-6.4356140625,-3.42849677734375,0.1787963248989611,-0.9621960196872555,0.23475344595526784,6.399701037597656,1.89620771484375,-7.551312036132812,0.3318790203601431,0.6758820836158194,0.224361409187668
1708200103.1076005,6.83783994140625,1.7286135986328124,5.343858105468749,0.059287902071563106,0.8991776428786054,0.5141393575149709,-2.039859814453125,-5.947196923828125,-3.9887399658203124,0.08073813180981403,-1.0837029111238075,0.7122542123024187,7.180210778808593,2.099714855957031,-7.146691955566406,0.42900459476501845,0.6344471677860304,0.3013690662603949
1708200103.1453075,6.421248852539062,1.5634136840820312,5.717353564453124,-0.03064318534035846,1.0296110274360442,0.5337243498846782,-3.3686417358398435,-7.244854223632812,-3.3638533325195312,0.38264012303264994,-1.230790200757528,0.42660643243403384,6.133944653320312,2.612074011230469,-7.4770917846679685,0.4692404294293152,0.6251209809433125,0.16960336929685357
1708200103.183469,6.275202551269531,2.8730419921875,5.767631799316406,0.03077641658096871,0.9155650854736667,0.4934885152203814,-1.848323681640625,-8.32463917236328,-4.122815258789062,0.1709356817029561,-0.9343506903997124,0.07301071985441929,8.058882788085937,3.0214824951171875,-7.675810522460937,0.39689586577794717,0.5394532932309191,0.25673660065595977
1708200103.2215393,7.275978845214843,3.0885201416015624,6.311115576171875,-0.05728943346240929,0.8939816244948054,0.4849617158213252,-3.794809631347656,-6.5960255737304685,-4.867411975097656,0.1325650844072029,-1.1015558973655815,0.40582235889883417,6.739677673339843,2.602497204589844,-7.896077075195312,0.29537366043293345,0.488558959317802,0.3899678412662139
1708200103.2593122,6.806715319824218,2.2649147705078123,6.505045910644531,-0.2211638594130219,0.6740168462472758,0.3645206743096554,-4.6830584472656245,-7.637503295898437,-5.288791467285156,0.16227565106328956,-0.5386539057872576,0.48109800984362777,7.067683300781249,2.9089550170898435,-7.716511950683593,0.144156202340295,0.528395100260268,0.27072588092003647
1708200103.2971737,7.101202124023437,1.8531120849609375,6.4643444824218745,-0.004663093421358896,0.5947442580841746,-0.02145022973825092,-5.7843912109375,-7.036558679199218,-5.791573815917968,0.3080306282909076,-0.3873032164540089,0.3675849928436912,6.907271789550781,2.798821740722656,-7.44357296142578,-0.16947013805624328,0.4038238902896804,0.20277794820880685
1708200103.3349888,6.2201359130859375,1.3383587280273437,6.742071875,-0.10485298636027003,0.2539387446031444,-0.18172741219238667,-3.4668040039062498,-7.249642626953125,-3.9647979492187497,0.35093108776740944,0.21823277211959632,0.24581163892591892,7.338228088378906,1.2138602416992186,-7.37414111328125,-0.18798928050106864,0.31495865280264085,0.07620826962906538
1708200103.3726997,7.137115148925781,0.928950244140625,6.076483813476562,0.03823736605514295,0.5133399700713093,-0.12257274136143384,-1.4437036010742186,-6.083666418457031,-2.3511060302734372,0.47283767292579204,-0.36358805562538365,0.1293675346325568,7.5537062377929685,0.5243301635742187,-7.323862878417969,-0.08833231252459851,0.39756202198099844,0.07114548248587572
1708200103.410974,6.943184814453125,0.9696516723632812,6.574477758789062,0.06634915782390657,0.7907274130218584,0.18066156226750466,-2.4109610717773435,-7.8553756469726554,-2.5570073730468748,0.5775574280454518,-0.7114548248587573,-0.05968759579339387,7.709329345703124,0.584185205078125,-8.058882788085937,0.1669387444846485,0.4075543650267675,-0.03384073511500456
1708200103.4496481,6.0884548217773435,0.9193734375,8.432378247070313,0.29843797896696933,0.6973323133540703,0.4166140893882647,-7.45075556640625,-11.528080993652344,-5.181052392578125,0.09712557440487528,-0.80724808685753,0.012257274136143382,7.000645654296875,0.9528922607421875,-7.50821640625,0.3759785610021373,0.2596676879493854,-0.08113782553164478
1708200103.4875877,5.374982727050781,2.7150246826171873,8.106766821289062,0.30323430362893844,0.0415681470703993,0.344935681939948,-7.580042456054687,-8.671798413085938,-4.50109912109375,-0.48416232837766365,0.028111791768763626,0.01532159267017923,6.995857250976562,2.693476867675781,-6.543353137207031,0.19291883640364801,-0.044099540641994124,0.061686064402547675
1708200103.52541,5.3390697021484375,2.0159177978515626,7.1395093505859375,-0.06448392045536301,-0.4990842273260121,0.1636079634693921,-3.1100679565429687,-5.693411547851563,-2.3247698120117186,-0.4886921905584123,0.48682695318986874,-0.1133797857593263,8.238447912597655,2.389413256835937,-6.270414147949219,0.04756355289786074,-0.03557274124293786,0.0255803981971688
1708200103.5631955,6.79953271484375,1.599326708984375,6.1650692749023435,0.13363093433208492,0.10831699861613663,-0.07287748861380902,-1.8267758666992187,-3.7325603881835936,-2.8203695556640622,0.10445329263843926,-0.22542725911255004,0.1842588057639815,7.709329345703124,1.0438719238281249,-7.022193469238281,-0.09859111805158809,0.14801990831799236,0.06661562030512709
1708200103.601282,6.768408093261718,1.2306196533203124,7.058106494140625,0.03557274124293786,0.4042235840115111,-0.007061255752343471,-4.151545678710937,-8.157045056152343,-2.916137622070312,0.21263706001396562,-0.3746462485960347,0.1493522207240949,8.17141026611328,1.2282254516601563,-7.302315063476562,-0.1220398163989928,0.3390735073530969,0.009326186842717792
1708200103.639046,6.236895324707031,1.22583125,7.675810522460937,0.14002603388137713,0.28618070483082597,0.011191424211261349,-6.028599780273437,-9.172186560058593,-4.970362646484375,-0.0528928025222709,-0.06981317007977318,0.18785604926045837,7.56567724609375,1.0749965454101562,-7.513004809570312,-0.0302434916185277,0.0831362941407986,0.06528330789902453
1708200103.6767852,5.990292553710937,1.2952630981445312,7.843404638671874,0.06954670759855268,-0.20104594208087354,0.08113782553164478,-5.023035083007812,-8.870517150878905,-3.7134067749023436,-0.3256171520514612,0.41115160852324434,-0.15588055151399735,7.726088757324218,1.6256629272460936,-6.8210805297851556,0.12510413493302866,-0.008393568158446012,0.04716385917602997
1708200103.7149084,6.356605407714843,1.608903515625,6.392518432617187,0.10152220534501366,-0.06448392045536301,0.03543951000232761,-2.6815058593749996,-4.733336682128906,-2.5258827514648434,-0.29883767268880007,-0.03850382853636345,0.09925727425463936,7.1203557373046875,0.8092401611328125,-6.624755993652343,0.09246248098351639,0.0334410413931738,0.08247013793774732
1708200103.7534873,6.323086584472656,1.0342951171875,6.279990954589843,0.058355283387291325,0.11311332327810578,0.09725880564548554,-3.976768957519531,-7.41244833984375,-3.0214824951171875,-0.24367993907615484,-0.20717457914894524,0.09033078113375233,7.034164477539062,1.1037269653320312,-6.612784985351562,0.050894333913117096,0.06328483928987072,0.0334410413931738
1708200103.7920246,5.444414575195312,1.16837041015625,7.146691955566406,0.055690658575086247,-0.19931393595294022,0.09046401237436258,-6.351817004394531,-8.844180932617187,-4.484339709472656,-0.44925574333777707,0.08513476274995241,-0.1557473202733871,7.082048510742187,1.1563994018554686,-6.6319385986328125,0.06528330789902453,-0.2019785607651453,-0.028911179212425153
1708200103.8306298,5.968744738769531,1.4053963745117186,7.247248425292969,0.17533231264309448,-0.4203445641253519,0.000799387443661525,-4.879382983398437,-6.986280444335937,-4.060566015625,-0.39609647833428563,0.4116845334856854,-0.3819739668295987,7.896077075195312,1.6112977172851561,-6.955155822753905,-0.08446860654690114,-0.34080551348103016,-0.046764165454199216
1708200103.8683724,6.461950280761719,1.7238251953125,7.218518005371093,0.1648070446348844,-0.5227993881546373,-0.09805819308914705,-4.659116430664063,-6.823474731445312,-4.149151477050781,-0.4822970910091201,0.5680980099621237,-0.08366921910323963,7.867346655273437,1.3168109130859373,-7.101202124023437,-0.13549617170062847,-0.39130015367231646,-0.07460949474174233
1708200103.906108,7.41244833984375,0.9911994873046874,6.813897924804687,0.23875038317357547,-0.31749004637423567,-0.24954211366300605,-2.2457611572265623,-5.566518859863281,-3.2225954345703123,0.008260336917835759,0.2580689130620623,-0.4834961721746124,8.36294639892578,1.2785036865234374,-7.41244833984375,-0.2346202147146576,-0.14269065869358222,-0.09805819308914705
1708200103.9438214,7.2903440551757805,1.8459294799804686,6.9910688476562495,0.13802756527222332,-0.015454823910789483,-0.24661102636958046,-2.518700146484375,-6.847416748046874,-3.7612908081054686,0.24261408915127283,0.044632465604435144,-0.19145329275693523,8.078036401367187,1.0534487304687499,-7.4579381713867186,-0.28018529900336453,-0.008526799399056265,0.016120980113840753
1708200103.9815729,7.0844427124023435,1.4221557861328125,7.1586629638671875,0.12044104151166976,0.07687442583211665,-0.10711791745064435,-4.4196962646484375,-8.530540515136718,-4.062960217285156,0.12856814718889525,-0.016520673835671518,0.09512710579572148,7.694964135742187,1.0582371337890624,-7.505822204589843,-0.11031546722529045,-0.08500153150934216,0.07967228188493199
1708200104.0197072,5.8610056640625,1.6232687255859375,7.556100439453124,0.11990811654922875,-0.27165849960430827,-0.049428790266404295,-6.928819604492187,-10.613495959472656,-4.838681555175781,-0.2424808579106626,0.4449923436382489,-0.009326186842717792,6.691793640136718,1.6208745239257811,-6.720524060058593,-0.08913169996826004,-0.35186370645168125,0.02571362943777905
1708200104.0575883,5.743689782714843,1.0007762939453124,6.421248852539062,0.1183093416619057,-0.8252343043399143,-0.1633415009881716,-3.873818286132812,-7.194575988769531,-3.4452561889648434,-0.247943338775683,0.8015191435112891,-0.9246248098351639,7.110778930664062,1.2761094848632812,-6.8593877563476555,-0.1365620216255105,-0.46231240491758196,-0.11497856064664934
1708200104.0953023,7.249642626953125,1.0582371337890624,5.57370146484375,0.3117611030279947,-0.4937549777016019,-0.19931393595294022,-1.6256629272460936,-3.7612908081054686,-3.019088293457031,-0.22995712129329868,0.287246554755708,-0.23968300185784724,7.371746911621093,0.9217676391601562,-7.419630944824219,-0.15921133252925374,-0.3785099545737321,-0.11671056677458265
1708200104.1330492,7.3549875,1.5346832641601562,6.306327172851562,0.19478407377219156,-0.2797856052815338,-0.16027718245413575,-2.6623522460937497,-7.742848168945312,-4.134786267089844,-0.03144257278401998,0.22596018407499108,-0.24394640155737538,7.419630944824219,1.5059528442382812,-7.955932116699218,-0.20117917332148377,-0.2363522208425909,-0.14135834628747967
1708200104.1708305,7.445967163085937,1.5275006591796874,6.677428430175781,0.3257503832920714,-0.34173813216530197,-0.1394931089189361,-4.012681982421875,-9.150638745117186,-4.908113403320312,-0.2960398166359847,0.2849816236653337,-0.26459724385196476,7.271190441894531,1.177947216796875,-7.793126403808594,-0.13176569696354137,-0.41634762690704424,-0.10605206752576231
1708200104.2097504,7.829039428710937,2.0183119995117185,6.715735656738281,0.16267534478512033,-0.48802603435536096,-0.07887289444127048,-2.588131994628906,-7.156268762207031,-4.120421057128906,-0.24048238930150875,0.3104287906218922,-0.43553292555492085,7.7596075805664055,1.5897499023437498,-8.111555224609374,-0.10911638605979816,-0.28018529900336453,-0.09152986229924462
1708200104.248098,7.829039428710937,1.5370774658203123,5.95677373046875,0.15654670771704865,-0.3232189897204766,-0.07554211342601411,-1.5562310791015623,-6.016628771972656,-4.237736938476562,-0.22569372159377055,0.2519402759939906,-0.10325421147294697,7.455543969726562,1.2042834350585936,-7.931990100097655,-0.12750229726401321,-0.2162343035104425,-0.03503981628049684
1708200104.2860057,8.06367119140625,1.5610194824218748,5.813121630859374,0.143623277377854,-0.008393568158446012,-0.09566003075816248,-2.0638018310546875,-6.189011291503906,-4.012681982421875,0.031575804024630234,-0.1020551303074547,0.010125574286379316,7.273584643554687,1.4796166259765624,-7.955932116699218,-0.18292649335787897,-0.05822205214668107,-0.05382542120654268
1708200104.3246772,7.240065820312499,1.5969325073242187,6.648698010253906,0.1057856050445418,-0.03077641658096871,-0.04916232778518379,-3.268085266113281,-8.63109698486328,-4.805162731933594,-0.12110719771472103,0.12763552850462348,0.19025421159144296,7.417236743164062,1.6112977172851561,-7.625532287597656,-0.15161715181446922,-0.061952526883768184,0.013323124061025418
1708200104.362912,7.793126403808594,1.6927005737304686,6.610390783691406,0.10738437993186485,-0.007061255752343471,-0.095926493239383,-3.265691064453125,-7.153874560546875,-4.42448466796875,-0.12750229726401321,-0.031176110302799476,-0.005196018383799912,7.522581616210937,1.3215993164062498,-7.726088757324218,-0.13069984703865933,0.028911179212425153,0.02131699849764067
1708200104.4018767,7.857769848632812,1.448492004394531,6.059724401855468,-0.057156202221799034,0.11044869846590069,-0.05249310880044014,-1.180341418457031,-4.9416322265625,-4.129997863769531,-0.09379479338961894,-0.006128637068071691,0.4496554370596078,7.869740856933594,1.3551181396484375,-7.819462622070312,-0.10485298636027003,0.2909770294927951,0.11497856064664934
1708200104.440113,8.346186987304687,1.6328455322265625,5.968744738769531,-0.09073047485558308,0.6015390513552976,-0.059287902071563106,-1.2689268798828124,-5.250484240722656,-3.725377783203125,0.06381776425231174,-0.376378254723968,0.8115114865570581,7.455543969726562,0.928950244140625,-7.781155395507812,-0.11604441057153138,0.6172603377473076,0.21503522234495023
1708200104.4790385,7.129932543945312,1.7238251953125,6.196193896484375,-0.286713629793267,0.7337044420406696,0.07807350699760894,-2.8802245971679685,-7.295132458496093,-3.4811692138671875,0.06261868308681946,-0.4511209807063206,0.9059724361497283,7.613561279296874,1.0319009155273438,-7.345410693359375,-0.004663093421358896,0.7755390515922894,0.2845819299435029
1708200104.5170097,7.587225061035156,1.1444283935546875,6.928819604492187,-0.12750229726401321,0.9073047485558309,0.10725114869125461,-4.584896179199219,-7.903259680175781,-4.575319372558593,0.1261699848579107,-0.8930490058105337,0.5313261875536937,8.123526232910155,1.24498486328125,-8.628702783203124,0.09139663105863435,0.8176401236251297,0.2432802453543241
1708200104.5549242,8.506598498535157,1.6807295654296874,8.310273962402343,-0.13736140906917205,0.7671454834338435,0.15108422685202821,-5.125985754394531,-8.853757739257812,-6.246472131347656,-0.09645941820182401,-0.535189893531391,0.623255743574769,9.591171850585937,1.9105729248046874,-8.942343200683593,0.09765849936731631,0.687206739067691,0.22942419633085767
1708200104.5927098,8.90643017578125,2.1164742675781247,9.87608184814453,-0.09685911192365478,0.8600076581391907,0.08580091895300368,-6.217741711425781,-9.548076220703125,-4.786009118652344,0.024781010753507273,-0.7916600317061303,0.47590199145982787,11.590330236816406,2.0278888061523435,-9.260772021484375,0.058754977109122086,0.8349601849044628,0.24487902024164715
1708200104.6310325,9.248801013183593,2.2385785522460937,11.444283935546874,-0.08286983165957809,0.9195620226919743,0.036638591167819895,-7.829039428710937,-10.388441003417968,-6.8785413696289055,0.03983614094246599,-0.8016523747518992,0.6616263408705222,12.720393420410156,2.224213342285156,-9.868899243164062,0.03397396635561481,0.8095130179479043,0.3446692194587275
1708200104.6688964,9.907206469726562,2.5953145996093747,13.397952490234374,-0.19744869858439668,0.7790030638481561,-0.006128637068071691,-9.296685046386719,-12.876016528320312,-7.079654309082031,0.037837672333312186,-0.4808315473624073,0.521067382026704,14.784195251464842,3.0358477050781247,-10.421959826660157,0.02744563556571236,0.8216370608434375,0.47656814766287914
1708200104.7069182,11.200075366210937,4.656722229003906,15.337255834960937,-0.26606278749867757,0.8998437990816567,-0.24208116418883183,-9.10993731689453,-10.577582934570312,-9.095572106933593,0.062485451846209204,-0.5209341507860937,1.1411255758268268,17.975666064453122,4.158728283691406,-11.616666455078125,-0.14122511504686944,1.0361393582259466,1.155381318572124
1708200104.74478,11.425130322265625,5.825092639160156,14.659696765136719,-1.3561607981717771,0.767944870877505,-0.3037672285913795,-11.164162341308593,-13.500903161621093,-10.216058483886718,0.32068759614888176,0.34813323171459415,3.013823893844559,13.125013500976562,2.013523596191406,-11.875240234375,-0.2053093417804017,0.51893568217694,1.6692542136058743
1708200104.7827048,10.656591589355468,-1.3407529296874998,13.141772912597656,-1.323652375462875,-0.7199816242578135,-0.17386676899638168,-19.6133,-19.6133,-16.93897674560547,-0.16733843820647926,0.734370598243721,1.0420015328127978,8.317456567382813,-2.310404602050781,-13.907917443847655,0.20810719783321702,-0.26552986253623656,0.4106186835608034
1708200104.8218906,6.586448767089843,-4.244919543457031,11.468225952148437,0.43913016905139773,-4.252208275316872,0.06301837680865022,-19.6133,-19.6133,-16.622942126464842,-2.4214777980913693,4.365588061076198,-3.3054670795404055,6.356605407714843,1.2473790649414063,-14.322114331054687,0.26313170020525195,-1.3007366020779114,-1.0300107211578748
1708200104.8598018,12.80658468017578,-0.5363011718749999,2.7916391357421872,-0.7416983164772849,-4.365721292316808,-0.5335911186440679,-19.6133,-19.6133,-13.587094421386718,-4.365721292316808,4.365588061076198,-4.365721292316808,3.6343981201171873,5.6191912963867185,-19.6133,-1.8969464038087986,2.470906588357774,-0.10178866782623419
1708200104.897554,13.412317700195311,7.730877160644531,-19.6133,0.7626156212530948,-4.365721292316808,-4.160944875498848,-19.6133,-8.815450512695312,-6.928819604492187,-4.365721292316808,4.365588061076198,-4.365721292316808,1.1875240234375,1.7764976318359373,-15.028403820800781,-2.2183001561607316,3.5768591166634938,-1.3493660049006542
1708200104.9355874,-19.59893479003906,-6.291961962890625,-4.053383410644531,1.4029249636259764,-4.365721292316808,0.13229862192598238,-19.6133,-18.734627990722654,18.29648908691406,-4.365721292316808,4.365588061076198,-2.225627874394296,-17.8128603515625,-19.6133,19.61270144958496,2.991174582940816,1.335509955877188,-0.8095130179479043
1708200104.9734256,-6.272808349609375,-17.642872033691404,19.61270144958496,2.9819816273387088,-3.1511853029137313,-0.3503981628049685,-19.6133,19.61270144958496,19.61270144958496,2.8951148584608233,4.365588061076198,-4.365721292316808,16.01720910644531,17.034744812011716,19.61270144958496,-0.1765313938085868,-2.633581933142894,-2.2593353782686902
1708200105.0117815,4.072537023925781,14.578293908691405,3.306392492675781,-4.365721292316808,2.2663966340210333,-2.7449632502930665,-6.1459156616210935,19.61270144958496,7.350199096679687,-4.365721292316808,-4.365721292316808,3.4584165437609773,0.028730419921875,15.150508105468749,-11.264718811035156,-4.365721292316808,-4.365721292316808,2.2265604930785674
1708200105.049567,4.814739538574218,-1.9919757812499999,-13.876792822265624,-4.365721292316808,-0.5691638598870058,-2.090931090137329,14.896722729492186,-10.9941740234375,-15.535974572753906,-0.45565084288706925,-4.365721292316808,1.0220168467212598,13.385981481933593,-3.31357509765625,-17.362750439453123,1.261833079819717,-0.49202297157366864,-2.0917304775809904
1708200105.0874345,14.520833068847656,9.287108239746093,-8.487444885253906,2.722713633111154,-0.8641378265981084,-0.6572297099303839,13.68765089111328,-11.891999645996092,7.702146740722656,-1.6733843820647922,4.365588061076198,-0.3053660034787026,15.358803649902343,16.687585571289063,-8.667010009765624,0.1296339971137773,-0.6585620223364863,-0.7744732016674075
1708200105.125196,12.38520518798828,8.832209924316405,-2.300827795410156,-0.57662480936118,-1.8693675370024763,-0.5904808583846464,6.701370446777343,-6.564900952148437,12.172121240234373,3.0729785646755126,4.365588061076198,0.37398009239298347,12.955025183105468,4.422090466308593,-3.31357509765625,1.473537521149411,-1.1294012266531246,-0.4384640128483464
1708200105.1630611,15.576676000976562,6.469132885742187,-0.36631285400390623,2.0497626367887603,-1.0539923444677206,-0.29830474772635907,-0.16519991455078123,10.709264025878905,19.61270144958496,0.22222970933790392,2.527529865617132,-0.3651868305127066,15.344438439941406,10.884040747070312,-6.320692382812499,0.975519143748281,-0.5782235842485031,-0.8641378265981084
1708200105.204027,10.500968481445312,10.04846436767578,-3.071760729980469,-0.7997871373833557,-1.1180765712012528,-0.7798024512918177,-2.0446482177734375,-4.144363073730468,18.339584716796875,-1.6989647802619612,-4.3494670809623575,0.5900811646628157,7.3094976684570305,6.0884548217773435,-4.417302062988281,-0.672018377638122,-0.34693415054910187,0.3246845333671894
1708200105.243077,6.653486413574218,4.431667272949219,-4.007893579101562,-0.38170750434837813,-0.05182695259738887,0.13962634015954636,0.14604630126953125,-2.7437551025390623,12.485761657714843,0.30989586565945115,-1.726143953346453,-0.21876569708203733,6.2009822998046875,2.6791116577148437,-4.386177441406249,0.027045941843881597,-0.30336753486954876,0.1921194489599865
1708200105.2820046,3.9264907226562498,3.5003228271484375,-5.2624552490234375,0.1552143953109461,0.3161577339681331,0.41048545232019307,0.7709329345703124,-0.6488286499023437,5.68862314453125,-0.20117917332148377,-0.025180704475338038,-0.7572863716286847,5.528211633300781,5.667075329589843,-8.372523205566406,0.10831699861613663,0.6014058201146874,0.3890352225819422
1708200105.320284,9.65342109375,7.101202124023437,-4.434061474609375,0.26033384415243666,0.06368453301170149,-0.11044869846590069,7.692569934082031,4.510675927734375,5.580884069824219,-0.8200382859561144,1.1030214410122943,-0.5900811646628157,10.275913525390624,8.046911779785155,-6.2392895263671875,-0.34133843844347117,-1.4467580417867498,-0.5126738138682579
1708200105.3581781,7.709329345703124,6.028599780273437,-2.935291235351562,-0.17946248110201235,-0.6970658508728498,-0.6380444112825072,4.467580297851562,-3.5673604736328124,10.54645831298828,0.11404594196237756,1.5614701399521786,0.2680612561078314,7.0461354858398435,3.220201232910156,-5.736507177734374,-0.43500000059247984,-0.1151117918872596,-0.14002603388137713
1708200105.3960192,7.599196069335937,5.506663818359375,-2.597708801269531,-0.11497856064664934,-0.536255743456273,-0.17000306301868431,1.3263877197265623,-2.1978771240234374,13.55357559814453,0.18212710591421744,0.8378912721978884,-0.464444104767346,7.4770917846679685,4.266467358398438,-4.6255976074218745,-0.15601378275460764,-0.8252343043399143,-0.20277794820880685
1708200105.4343598,8.56166513671875,6.7037646484375,-2.825157958984375,-0.18492496196703279,-0.22596018407499108,-0.028245023009373885,3.2632968627929686,-1.465251416015625,12.567164514160156,-1.09036447315432,0.32908116430732776,-0.9716554377705836,7.900865478515625,5.410895751953125,-5.762843395996094,-0.6377779488012866,-0.5554410421041496,0.1493522207240949
1708200105.4734366,8.2743609375,6.1459156616210935,-3.4907460205078125,-0.40435681525212136,-0.4592480863835461,0.08833231252459851,3.948038537597656,-1.5610194824218748,11.314997045898437,-0.17186830038722786,-0.8452189904314524,-0.2113047476078631,7.4794859863281244,4.347870214843749,-5.214571215820312,-0.14695405839311035,-0.23621898960198062,0.1680045944095305
1708200105.5115428,7.936778503417968,5.724536169433593,-3.77326181640625,0.2507411948284983,-0.3894349163037729,0.21197090381091438,3.0166940917968748,-0.2059013427734375,10.050858569335936,0.26353139392708275,-0.12030781027105951,-0.18958805538839169,7.4794859863281244,4.924872814941406,-5.305550878906249,0.1461546709494488,-0.551977029848283,0.13203215944476188
1708200105.5495894,7.807491613769531,5.365405920410156,-3.754108203125,0.11204747335322376,-0.36292189942233233,0.1793292498614021,2.7174188842773437,0.38786066894531246,10.579977136230468,0.02398162330984575,0.2815176114094671,-0.2290245026090269,6.766013891601562,4.544194750976562,-5.4515971801757805,-0.1264364473391312,-0.5375880558623756,0.1384272589940541
1708200105.5874205,8.039729174804688,5.501875415039062,-3.6822821533203123,0.11404594196237756,-0.3623889744598913,0.13616232790367974,3.2632968627929686,0.8714894042968749,10.953472595214842,0.10445329263843926,0.059287902071563106,-0.17826339993652007,7.611167077636718,4.570530969238281,-6.222530114746093,-0.1743996939588227,-0.36225574321928106,0.11204747335322376
1708200105.6257865,7.922413293457031,5.394136340332031,-4.144363073730468,-0.036505359927209644,-0.3044333847944308,0.05515773361264523,3.227383837890625,0.6177040283203125,11.001356628417968,-0.028378254249984136,-0.28991117956791307,-0.03130934154340973,7.273584643554687,4.529829541015625,-6.53138212890625,-0.1461546709494488,-0.3412052072028609,0.22622664655621155
1708200105.6641853,8.214505895996094,5.05655390625,-3.9983167724609374,0.027978560528153375,-0.2095727414799298,0.1247044412111979,3.0334535034179684,-0.1197100830078125,11.18571015625,0.14975191444592567,-0.07927258816310122,-0.04250076575467108,7.419630944824219,4.11802685546875,-6.026205578613281,-0.15881163880742297,-0.12084073523350053,0.20264471696819658
1708200105.7021499,8.56166513671875,5.238513232421875,-3.670311145019531,0.10591883628515206,-0.10058958666074189,0.1807947935081149,3.153163586425781,0.70868369140625,11.654973681640625,0.06261868308681946,-0.035173047521107094,-0.07687442583211665,8.180987072753906,3.9528269409179684,-6.279990954589843,-0.06341807053048099,-0.18146094971116616,0.2354196021583191
1708200105.740244,8.37012900390625,4.932055419921875,-3.8283284545898435,0.20557580426162217,-0.031575804024630234,0.2302235837745192,3.423708374023437,0.9457096557617187,11.221623181152344,0.20397702937429912,-0.19132006151632497,0.07354364481686029,7.924807495117187,4.017470385742187,-6.265625744628906,-0.0464977029729787,-0.34546860690238906,0.21716692219471428
1708200105.7784882,8.40843623046875,4.939238024902344,-3.821145849609375,0.21663399723227325,0.10112251162318292,0.20504287929918116,3.318363500976562,1.3215993164062498,10.931924780273437,0.27805359915360045,-0.41261715216995715,0.10911638605979816,7.517793212890624,3.725377783203125,-6.030993981933594,0.08153751925347555,-0.14162480876870018,0.2571362943777905
1708200105.8172863,8.444349255371094,4.50109912109375,-4.101267443847656,0.20877335403626826,0.12510413493302866,0.20610872922406318,3.9336733276367184,1.3263877197265623,10.283096130371094,0.22755895896231412,-0.7227794803106288,-0.019984686091538122,7.584830859375,4.182670300292968,-6.445190869140625,-0.15228330801752052,-0.2887120984024208,0.1573460951607102
1708200105.8550904,8.307879760742187,4.7022120605468745,-3.9600095458984375,-0.2539387446031444,0.0604869832370554,0.08380245034384987,4.13718046875,1.8267758666992187,9.694122521972655,-0.3288147018261073,-0.7576860653505154,-0.1786630936583508,7.438784558105469,3.4955344238281247,-6.993463049316406,-0.32588361453268166,-0.03384073511500456,0.15161715181446922
1708200105.8928626,8.444349255371094,4.6447512207031245,-4.2688615600585935,-0.004263399699528133,0.0255803981971688,0.06461715169597326,4.8698061767578125,1.2713210815429687,8.987833032226561,-0.14548851474639754,-0.47217151672274077,-0.08033843808798326,7.419630944824219,3.912125512695312,-6.959944226074218,-0.18532465568886355,0.026779479362661087,0.12577029113607993
1708200105.941841,8.497021691894531,4.412513659667969,-3.526659045410156,0.1456217459870078,-0.01372281778285618,0.025447166956558548,4.697423657226563,1.0534487304687499,9.605537060546874,-0.019984686091538122,0.09086370609619333,0.03503981628049684,7.843404638671874,4.1563340820312495,-5.767631799316406,-0.1310995407604901,-0.25740275685901104,0.02997702913730719
1708200106.022554,8.652644799804687,4.599261389160156,-2.9089550170898435,0.06421745797414251,0.05862174586851183,-0.0058621745868511835,4.860229370117187,0.8738836059570312,9.828197814941406,-0.018652373685435583,-0.18266003087665847,0.08859877500581902,7.582436657714843,3.878606689453125,-5.9376201171875,-0.22915773384963717,-0.014921898948348467,0.05169372135677862
1708200106.1030455,8.075642199707032,4.240131140136718,-2.9568390502929685,0.12630321609852094,0.10645176124759308,-0.0430336907171121,4.836287353515624,1.2761094848632812,9.124302526855468,-0.13589586542245924,-0.19824808602805818,0.1365620216255105,7.352593298339843,4.240131140136718,-5.810727429199218,-0.2302235837745192,-0.25367228212192394,-0.025047473234727783
1708200106.1853318,7.977479931640625,5.05655390625,-3.3207577026367185,-0.08500153150934216,0.06861408891428089,-0.23968300185784724,5.3390697021484375,0.5123591552734374,9.217676391601563,-0.28524808614655417,-0.25513782576863675,0.11151454839078273,7.563283044433593,4.611232397460937,-7.117961535644531,-0.6894716701580653,-0.10884992357857766,-0.03264165394951227
1708200106.2672927,8.348581188964843,5.667075329589843,-3.4356793823242184,-0.38677029149156783,-0.2659295562580673,-0.2671286374235596,5.465962390136719,-0.5267243652343749,9.770736975097655,-0.7042603378658036,-0.028245023009373885,-0.09939050549524961,7.414842541503906,4.359841223144531,-6.555324145507812,-0.21516845358556047,-0.16893721309380227,-0.06022052075583488
1708200106.3460598,8.027758166503906,6.105214233398437,-3.622427111816406,0.08899846872764978,-0.28165084265007734,-0.12656967857974144,4.675875842285156,0.2825157958984375,10.383652600097655,-0.23568606463953962,0.46391117980490504,-0.09446094959267021,7.091625317382812,4.946420629882812,-6.363788012695312,-0.23115620245879098,-0.27498928061956457,-0.026779479362661087
1708200106.41748,8.2743609375,6.019022973632812,-3.5122938354492184,-0.011324655451871604,-0.19025421159144296,-0.09699234316426504,4.11802685546875,0.16759411621093748,11.319785449218749,-0.2948407354704925,0.19118683027571473,-0.08673353763727547,6.959944226074218,5.025429284667968,-6.253654736328125,-0.24714395133202147,-0.17986217482384312,0.027312404325102103
1708200106.4883344,8.202534887695313,5.607220288085937,-3.373430139160156,0.14921898948348467,-0.0127901990985844,0.027312404325102103,4.295197778320312,0.0430956298828125,11.027692846679686,0.027578866806322613,-0.05862174586851183,-0.00159877488732305,7.132326745605468,5.090072729492187,-6.41646044921875,-0.05169372135677862,-0.09339509966778817,0.04716385917602997
1708200106.5604095,7.864952453613281,5.2624552490234375,-3.3111808959960936,0.30576569720053326,0.07940581940371148,0.05529096485325548,4.510675927734375,0.062249243164062495,10.249577307128906,0.20397702937429912,-0.34959877536130696,0.24274732039188307,6.931213806152344,4.814739538574218,-6.296750366210937,0.17080245046234582,-0.08100459429103453,-0.026513016881440577
1708200106.6317024,8.195352282714843,5.011064074707031,-3.134009973144531,0.4028912716054086,0.2090398165174888,0.1438897398590745,4.987122058105468,0.1771709228515625,10.036493359375,0.3346768764129585,-0.08446860654690114,0.2935084230643899,6.87614716796875,4.546588952636719,-6.6319385986328125,0.2639310876489135,-0.08793261880276775,-0.005462480865020421
1708200106.7029955,8.197746484375,4.800374328613281,-3.7014357666015623,0.7644808586216384,0.22289586554095522,0.1409586525656489,5.238513232421875,0.5339069702148437,9.272743029785156,0.6063353760172666,-0.2110382851266426,0.3312128641570919,6.766013891601562,5.633556506347656,-6.928819604492187,0.36785145532491176,-0.06461715169597326,-0.10471975511965978
1708200106.7742946,7.953537915039062,5.7125651611328125,-3.8690298828125,0.12070750399289026,-0.0006661562030512709,-0.11258039831566477,5.216965417480468,0.3758896606445312,9.356540087890625,-0.2723246558073595,0.11204747335322376,0.03464012255866608,6.792350109863281,5.106832141113281,-6.787561706542968,-0.18159418095177643,0.04743032165725048,-0.0575558959436298
1708200106.851807,8.135497241210937,5.5449710449218745,-3.440467785644531,0.10032312417952138,-0.06954670759855268,-0.04756355289786074,4.7955859252929685,0.06943184814453125,10.735600244140624,-0.14189127124992068,0.15068453313019745,-0.045565084288706925,6.696582043457031,4.7572786987304685,-6.605602380371093,-0.0013323124061025418,0.06901378263611166,0.013989280264076687
1708200106.933611,8.068459594726562,5.741295581054687,-3.4261025756835934,0.0831362941407986,-0.01345635530163567,0.002531393571594829,4.690241052246093,0.679953271484375,10.196904870605469,-0.19132006151632497,-0.06421745797414251,-0.06994640132038345,6.861781958007812,4.7955859252929685,-6.4643444824218745,-0.03490658503988659,0.029843797896696934,0.03703828488965066
1708200106.9739745,7.982268334960937,4.515464331054687,-3.5218706420898434,0.28284992381556956,0.012523736617363892,0.0671485452675681,4.747701892089843,-0.3495534423828125,10.026916552734374,0.26632924997989804,0.0011990811654922875,0.13709494658795152,6.517016918945312,4.1754876953124995,-6.5601125488281244,0.28897856088364127,-0.028644716731204646,-0.041967840792230066
1708200107.0118506,7.829039428710937,6.330269189453125,-3.69664736328125,0.4220765702532852,0.022382848422522698,0.05502450237203497,4.709394665527343,1.0702081420898437,9.698910925292969,0.23475344595526784,-0.008926493120887028,0.07794027575699868,6.675034228515624,5.070919116210937,-6.8785413696289055,0.15188361429568975,-0.009192955602107537,0.022116385941302188
1708200107.0504804,8.02536396484375,4.862623571777344,-3.9815573608398434,0.2761883617850569,0.0035972434964768626,0.044099540641994124,4.9416322265625,0.22026655273437498,9.871293444824218,0.03077641658096871,0.07114548248587572,0.03011026037791744,6.691793640136718,4.905719201660156,-6.919242797851562,0.1212404289553313,-0.041834609551619814,-0.02691271060327134
1708200107.088635,7.977479931640625,6.023811376953125,-3.816357446289062,0.15921133252925374,-0.04036906590490701,-0.016520673835671518,4.65432802734375,1.2737152832031249,9.861716638183593,-0.18305972459848924,0.06981317007977318,-0.06781470147061937,6.744466076660156,5.097255334472656,-6.7803791015625,-0.13363093433208492,0.03450689131805583,0.044232771882604376
1708200107.1273038,7.867346655273437,5.023035083007812,-3.912125512695312,-0.05862174586851183,-0.07780704451638844,-0.03770444109270193,4.6830584472656245,0.3184288208007812,10.139444030761718,-0.19092036779449423,0.09965696797647011,-0.02398162330984575,6.720524060058593,4.678270043945313,-6.715735656738281,-0.09086370609619333,-0.016120980113840753,0.0011990811654922875
1708200107.1684947,7.934384301757812,5.542576843261719,-3.6056677001953124,0.07261102613258852,-0.02691271060327134,-0.022915773384963714,4.3263223999023435,1.0127473022460938,10.338162768554687,-0.22302909678156546,0.036505359927209644,-0.1057856050445418,6.725312463378906,4.817133740234374,-6.4643444824218745,-0.1584119450855922,0.01505513018895872,0.03970290970185574
1708200107.2069342,8.008604553222655,5.161898779296875,-3.5338416503906247,-0.07900612568188072,-0.0030643185340358454,-0.033307810152563545,4.642357019042969,0.49799394531249996,10.299855541992187,-0.34000612603736863,-0.09352833090839843,-0.02464777951289702,6.763619689941406,4.563348364257812,-6.612784985351562,-0.15481470158911534,-0.04436600312321464,0.028378254249984136
1708200107.2454364,7.917624890136718,5.442020373535156,-3.5577836669921874,0.11564471684970061,0.041434915829789046,0.004929555902579405,4.580107775878906,0.5530605834960938,10.17056865234375,0.007194486992953725,-0.07847320071943971,0.05515773361264523,6.76122548828125,4.970362646484375,-6.528987927246093,-0.09899081177341885,-0.057822358424850305,0.039969372183076245
1708200107.2836835,7.900865478515625,5.547365246582031,-3.5817256835937497,-0.08540122523117291,0.03503981628049684,-0.032508422708902016,4.587290380859375,0.5626373901367188,10.31661495361328,-0.17826339993652007,-0.06035375199644513,0.05822205214668107,6.777984899902344,4.630386010742187,-6.7037646484375,-0.17026952549990482,-0.05275957128166065,0.05502450237203497
1708200107.322214,8.164227661132813,5.511452221679687,-3.7804444213867185,0.049961715228845315,0.09792496184853682,0.012257274136143382,4.881777185058594,0.36152445068359373,10.271125122070313,-0.1398928026407669,-0.1458882084682283,0.0302434916185277,6.931213806152344,4.84586416015625,-6.687005236816406,-0.13149923448232087,-0.02584686067838931,0.06848085767367064
