1708243801.1626313,-1.3958195678710936,9.797073193359374,-1.2737152832031249,0.15814548260437167,-0.04769678413847099,0.0031975497746461,2.252943762207031,5.439626171875,9.244012609863281,-0.18505819320764302,-0.044898928085655654,0.08393568158446013,-7.869740856933594,5.221753820800781,-2.0470424194335934,-0.04729709041664023,-0.0063950995492922,0.02145022973825092
1708243801.190905,-1.4341267944335936,9.636661682128906,-1.1156979736328125,0.095926493239383,0.025447166956558548,0.012923430339194655,2.384624853515625,5.195417602539062,9.356540087890625,-0.11004900474406994,-0.007194486992953725,0.006928024511733216,-7.845798840332031,5.1523219726562495,-2.04943662109375,-0.013323124061025418,-0.0010658499248820332,0.02145022973825092
1708243801.2186716,-1.4317325927734375,9.588777648925781,-1.0127473022460938,0.07860643196004995,0.09339509966778817,0.020650842294589397,2.2577321655273437,5.099649536132812,9.296685046386719,-0.06954670759855268,0.00866003063966652,-0.0383705972957532,-7.848193041992187,5.200206005859375,-2.070984436035156,0.048229709100912004,-0.001732006127933304,0.029577335415476424
1708243801.246369,-1.5322890624999999,9.504980590820312,-0.9313444458007812,0.11258039831566477,0.027312404325102103,0.029177641693645662,2.142810485839844,5.157110375976562,9.320627062988281,-0.07807350699760894,0.015188361429568975,-0.053026033762881154,-7.958326318359375,5.295974072265625,-2.039859814453125,0.06701531402695785,0.010924961730040842,0.033307810152563545
1708243801.2739532,-1.5825672973632812,9.5001921875,-0.9864110839843749,0.16547320083793565,-0.020650842294589397,0.03770444109270193,2.013523596191406,5.154716174316406,9.294290844726563,-0.07660796335089615,-0.0013323124061025418,-0.05169372135677862,-8.109161022949218,5.291185668945312,-1.9800047729492187,0.05862174586851183,-0.0037304747370871167,0.031842266505850744
1708243801.3024557,-1.6256629272460936,9.564835632324218,-0.9600748657226562,0.1758652376055355,-0.044099540641994124,0.027578866806322613,2.032677209472656,5.236119030761718,9.294290844726563,-0.06381776425231174,-0.011191424211261349,-0.04703062793541972,-8.173804467773436,5.382165332031249,-1.924938134765625,0.05462480865020421,-0.025447166956558548,0.0334410413931738
1708243801.329945,-1.5634136840820312,9.65342109375,-0.9959878906249999,0.15121745809263848,-0.022116385941302188,0.0033307810152563544,2.01112939453125,5.370194323730469,9.287108239746093,-0.06848085767367064,-0.008127105677225504,-0.04223430327345057,-8.157045056152343,5.4899044067382805,-1.9416975463867185,0.01971822361031762,-0.03464012255866608,0.02424808579106626
1708243801.3575435,-1.4628572143554686,9.622296472167967,-1.0749965454101562,0.13349770309147468,0.01212404289553313,-0.011724349173702367,2.0302830078125,5.449202978515625,9.22485899658203,-0.08193721297530632,0.010791730489430587,-0.03916998473941472,-8.109161022949218,5.523423229980469,-1.89620771484375,-0.023448698347404734,-0.024114854550456002,0.00985911180515881
1708243801.3850884,-1.4939818359375,9.572018237304688,-1.0295067138671874,0.15241653925813076,-0.0075941807147844875,-0.023848392069235495,2.0278888061523435,5.4013189453125,9.244012609863281,-0.10058958666074189,0.025180704475338038,-0.03877029101758396,-8.111555224609374,5.317521887207031,-1.9632453613281249,-0.03450689131805583,-0.019984686091538122,0.004130168458917879
1708243801.4126177,-1.6448165405273436,9.507374792480467,-1.0342951171875,0.1444226648215155,-0.0074609494741742334,-0.026779479362661087,1.8650830932617186,5.355829113769531,9.337386474609374,-0.0909969373368036,0.016520673835671518,-0.03264165394951227,-8.0062103515625,5.159504577636718,-1.9584569580078124,-0.02424808579106626,-0.026379785640830326,0.002264931090374321
1708243801.4401002,-1.6136919189453125,9.548076220703125,-1.0749965454101562,0.1340306280539157,0.019052067407266345,-0.027578866806322613,1.8076222534179687,5.305550878906249,9.30147344970703,-0.07860643196004995,0.0057289433462409285,-0.02571362943777905,-7.955932116699218,5.111620544433594,-1.85790048828125,-0.012390505376753637,-0.031575804024630234,-0.0002664624812205083
1708243801.467728,-1.5705962890624998,9.4618849609375,-1.1707646118164061,0.15135068933324874,-0.0035972434964768626,-0.01438897398590745,1.8626888916015625,5.449202978515625,9.241618408203124,-0.06794793271122962,-0.009992343045769061,-0.01732006127933304,-7.905653881835937,5.123591552734375,-1.9847931762695312,-0.0074609494741742334,-0.02105053601642016,-0.0006661562030512709
1708243801.4964073,-1.5155296508789062,9.543287817382812,-1.2330138549804688,0.1601439512135255,-0.00985911180515881,0.006794793271122962,1.9536685546875,5.456385583496093,9.191340173339842,-0.08966462493070106,-0.01052526800821008,-0.008393568158446012,-7.999027746582031,5.2648494506835934,-1.9608511596679685,-0.01705359879811253,-0.017453292519943295,0.009992343045769061
1708243801.5242126,-1.4796166259765624,9.572018237304688,-1.1875240234375,0.12830168470767475,0.005995405827461438,0.004396630940138387,2.032677209472656,5.468356591796875,9.212887988281249,-0.10964931102223918,-0.010392036767599824,0.0021316998497640663,-8.034940771484374,5.3007624755859375,-2.039859814453125,-0.010125574286379316,-0.01958499236970736,0.021849923460081685
1708243801.551892,-1.4604630126953124,9.643844287109374,-1.0989385620117187,0.11058192970651096,0.013589586542245924,-0.004396630940138387,2.003946789550781,5.444414575195312,9.270348828125,-0.11178101087200323,-0.011324655451871604,0.0005329249624410166,-8.130708837890625,5.341463903808593,-2.157175695800781,-0.015454823910789483,-0.019052067407266345,0.028111791768763626
1708243801.5796735,-1.5155296508789062,9.622296472167967,-1.1851298217773436,0.10778407365369562,-0.0074609494741742334,-0.014255742745297196,2.020706201171875,5.449202978515625,9.296685046386719,-0.10631853000698281,0.006528330789902454,-0.0029310872934255917,-8.123526232910155,5.422866760253906,-1.9967641845703124,-0.0302434916185277,-0.023848392069235495,0.025047473234727783
1708243801.6073234,-1.4724340209960938,9.550470422363281,-1.1659762084960936,0.11044869846590069,0.00013323124061025415,-0.01705359879811253,1.9991583862304687,5.453991381835937,9.203311181640624,-0.10525268008210079,0.019318529888486854,-0.005062787143189658,-7.977479931640625,5.317521887207031,-1.9776105712890624,-0.04356661567955311,-0.019318529888486854,0.02438131703167651
1708243801.6349573,-1.4341267944335936,9.509768994140625,-1.1635820068359375,0.1023215927886752,0.014788667707738212,-0.017852986241774057,1.9033903198242186,5.410895751953125,9.260772021484375,-0.10951607978162892,0.022915773384963714,-0.0058621745868511835,-8.027758166503906,5.238513232421875,-1.9991583862304687,-0.0433001531983326,-0.017586523760553547,0.022516079663132953
1708243801.662671,-1.6304513305664061,9.504980590820312,-1.1563994018554686,0.10805053613491612,0.014655436467127957,-0.014921898948348467,1.917755529785156,5.398924743652343,9.172186560058593,-0.13216539068537214,0.03530627876171736,-0.018119448722994567,-8.003816149902343,5.140350964355468,-1.898601916503906,-0.03757120985209167,-0.021583460978861175,0.016387442595061263
1708243801.6908185,-1.618480322265625,9.435548742675781,-1.1755530151367186,0.0912633998180241,0.005595712105630674,-0.011591117933092112,1.8818425048828125,5.377376928710937,9.459490759277344,-0.09139663105863435,-0.006261868308681946,0.0010658499248820332,-7.939172705078125,5.204994409179688,-1.936909143066406,-0.02997702913730719,-0.01438897398590745,0.015454823910789483
1708243801.7192404,-1.6831237670898436,9.552864624023437,-1.0654197387695312,0.10418683015721876,-0.0039969372183076245,-0.0063950995492922,1.917755529785156,5.322310290527343,9.191340173339842,-0.10405359891660851,-0.0037304747370871167,-0.005329249624410167,-7.979874133300781,5.209782812499999,-1.9297265380859374,-0.008260336917835759,-0.019318529888486854,0.01692036755750228
1708243801.7468872,-1.5945383056640625,9.540893615722656,-1.1085153686523437,0.1212404289553313,0.0,0.0003996937218307625,1.917755529785156,5.372588525390625,9.327809667968749,-0.10911638605979816,-0.01705359879811253,0.004263399699528133,-7.948749511718749,5.295974072265625,-1.9943699829101562,-0.01945176112909711,-0.013056661579804908,0.01945176112909711
1708243801.7743802,-1.5466542724609373,9.600748657226562,-1.2401964599609374,0.12563705989546967,-0.0074609494741742334,0.0019984686091538122,2.176329309082031,5.518634826660156,9.050082275390624,-0.14269065869358222,-0.0006661562030512709,-0.010392036767599824,-7.996633544921875,5.329492895507812,-1.9728221679687499,-0.013323124061025418,-0.01572128639200999,0.018652373685435583
1708243801.8018801,-1.5011644409179687,9.430760339355468,-1.0414777221679687,0.13696171534734128,0.01572128639200999,0.0010658499248820332,1.8746598999023436,5.406107348632812,9.279925634765624,-0.08700000011849597,-0.02598009191899956,-0.00866003063966652,-7.967903124999999,5.284003063964843,-1.9297265380859374,-0.018918836166656093,-0.009725880564548555,0.0191852986478766
1708243801.8292909,-1.5442600708007812,9.543287817382812,-1.0749965454101562,0.13696171534734128,0.0010658499248820332,-0.0031975497746461,1.9512743530273435,5.444414575195312,9.239224206542968,-0.09166309353985486,0.002797856052815337,-0.00985911180515881,-8.042123376464843,5.322310290527343,-1.9512743530273435,-0.011724349173702367,-0.017986217482384312,0.01985145485092787
1708243801.8566692,-1.465251416015625,9.49300958251953,-1.1731588134765625,0.1337641655726952,-0.00159877488732305,-0.00479632466196915,1.8698714965820311,5.391742138671875,9.227253198242186,-0.095926493239383,-0.0073277182335639785,-0.006928024511733216,-7.972691528320312,5.310339282226562,-1.9967641845703124,-0.019052067407266345,-0.01185758041431262,0.01212404289553313
1708243801.8841372,-1.4796166259765624,9.567229833984374,-1.1540052001953125,0.1259035223766902,-0.0013323124061025418,-0.00159877488732305,1.9847931762695312,5.42047255859375,9.22485899658203,-0.09979019921708036,-0.012656967857974145,-0.014921898948348467,-7.963114721679687,5.322310290527343,-1.9776105712890624,-0.018385911204215073,-0.011724349173702367,0.01212404289553313
1708243801.9117343,-1.5346832641601562,9.629479077148437,-1.149216796875,0.1291010721513363,0.002264931090374321,-0.0013323124061025418,2.0566192260742184,5.45877978515625,9.277531433105468,-0.10125574286379316,0.026646248122050836,-0.04436600312321464,-8.010998754882811,5.291185668945312,-1.9991583862304687,-0.018918836166656093,-0.0191852986478766,0.01345635530163567
1708243801.9402535,-1.5275006591796874,9.5384994140625,-1.2114660400390624,0.14695405839311035,-0.000799387443661525,-0.005196018383799912,1.936909143066406,5.372588525390625,9.215282189941405,-0.07314395109502954,0.036505359927209644,-0.058888208349732345,-7.967903124999999,5.341463903808593,-1.9584569580078124,-0.013589586542245924,-0.01438897398590745,0.01438897398590745
1708243801.9678283,-1.5514426757812498,9.45470235595703,-1.16837041015625,0.14961868320531543,0.013989280264076687,-0.01212404289553313,1.5370774658203123,5.293579870605469,9.49300958251953,-0.06155283316193742,0.08087136305042428,-0.017719755001163805,-8.039729174804688,5.307945080566406,-1.944091748046875,-0.03130934154340973,-0.011191424211261349,0.0095926493239383
1708243801.995248,-1.608903515625,9.567229833984374,-1.1875240234375,0.09965696797647011,-0.0058621745868511835,-0.01505513018895872,1.9416975463867185,5.219359619140625,9.299079248046874,-0.08966462493070106,0.06768147023000912,-0.01985145485092787,-8.049305981445311,5.353434912109375,-1.8698714965820311,-0.023448698347404734,-0.020517611053979142,0.01345635530163567
1708243802.0227504,-1.6065093139648436,9.641450085449218,-1.1635820068359375,0.14322358365602322,-0.0031975497746461,-0.006128637068071691,1.9488801513671874,5.57370146484375,9.17458076171875,-0.11444563568420833,0.0057289433462409285,-0.04916232778518379,-8.032546569824218,5.310339282226562,-2.042254016113281,-0.020384379813368887,-0.010924961730040842,0.014122511504686942
1708243802.0501866,-1.5562310791015623,9.660603698730467,-1.16837041015625,0.14269065869358222,0.00479632466196915,-0.0127901990985844,1.848323681640625,5.49708701171875,9.332598071289063,-0.0764747321102859,0.14015926512198737,-0.03916998473941472,-7.989450939941406,5.307945080566406,-2.0302830078125,-0.05649004601874777,-0.023315467106794475,0.013056661579804908
1708243802.07793,-1.5969325073242187,9.746794958496093,-1.2856862915039062,0.12630321609852094,0.021983154700691936,-0.013589586542245924,1.9512743530273435,5.322310290527343,9.220070593261719,-0.08233690669713707,0.35226340017351204,-0.05968759579339387,-8.039729174804688,5.353434912109375,-1.917755529785156,-0.06035375199644513,-0.030909647821578966,0.013856049023466432
1708243802.1054962,-1.5179238525390624,9.610325463867188,-1.2282254516601563,0.12417151624875687,0.04729709041664023,-0.024114854550456002,1.4963760375976562,5.781997009277344,9.512163195800781,-0.15588055151399735,0.28897856088364127,-0.01692036755750228,-8.149862451171874,5.4707507934570305,-1.9656395629882812,-0.14748698335555135,-0.05675650849996827,0.004263399699528133
1708243802.1329453,-1.6136919189453125,9.651026892089844,-1.3263877197265623,0.029177641693645662,0.018252679963604822,-0.016520673835671518,1.216254443359375,5.389347937011719,9.718064538574218,0.1594777950104742,0.23435375223343707,0.12137366019594154,-8.17141026611328,5.379771130371093,-1.8076222534179687,-0.1805283310268944,-0.09685911192365478,0.0031975497746461
1708243802.1615298,-1.656787548828125,9.234435803222656,-1.0271125122070313,0.20117917332148377,0.08153751925347555,-0.03464012255866608,1.4700398193359374,4.7955859252929685,9.9981861328125,0.7033277191815317,0.22915773384963717,0.19958039843416073,-8.154650854492187,5.015852478027344,-1.7884686401367187,-0.19531699873463262,-0.08073813180981403,-0.0005329249624410166
1708243802.1889532,-1.8243816650390623,10.13226142578125,-0.9002198242187499,0.21090505388603234,0.04716385917602997,-0.010258805526989571,2.214636535644531,5.633556506347656,10.263942517089843,0.6681546716604246,0.20730781038955548,0.012923430339194655,-7.994239343261718,4.355052819824219,-2.7341782958984373,-0.14548851474639754,-0.018119448722994567,0.041967840792230066
1708243802.2164655,-1.9416975463867185,10.730811840820312,-0.6488286499023437,0.2046431855773504,-0.17613170008675602,0.09259571222412663,0.39264907226562495,3.375824340820312,11.49216796875,0.6774808585031424,0.03543951000232761,-0.23901684565479597,-8.252813122558594,4.3071687866210935,-2.4444798950195312,0.11817611042129544,-0.10751761117247512,0.10964931102223918
1708243802.2439048,-1.8626888916015625,9.859322436523437,-1.4915876342773438,0.47430321657250485,-0.2476768762944625,0.16867075061258177,2.023100402832031,3.907337109375,11.109095703125,1.8405895890306612,-0.49948392104784284,-0.7440964788082695,-7.994239343261718,4.917690209960937,-1.5562310791015623,0.22542725911255004,-0.16147626361962805,0.12843491594828502
1708243802.2713099,-1.66636435546875,10.357316381835936,-0.14125789794921875,0.8859877500581902,-0.43073660089295174,0.28031853024397474,2.104503259277344,5.5641246582031245,9.545682019042967,2.6723522241604782,-0.35093108776740944,-1.2049433400791385,-8.06367119140625,5.5641246582031245,-0.6344634399414062,0.3053660034787026,-0.2564701381747393,0.15588055151399735
1708243802.298834,-1.695094775390625,10.704475622558594,-0.9241618408203125,1.5719954079603888,-0.21050536016420157,0.40835375247042904,1.7788918334960937,4.6447512207031245,9.188945971679686,2.9667932659091396,-0.20357733565246838,-1.2429142436530611,-8.233659509277343,5.810727429199218,-0.8044517578125,0.36492036803148614,-0.32042113366766123,0.19118683027571473
1708243802.327606,-1.2282254516601563,11.827356201171874,-1.1731588134765625,1.6122312426246856,-0.11084839218773146,0.6752159274127681,2.6815058593749996,11.030087048339842,10.474632263183594,2.2542725911255004,-0.07833996947882944,0.03170903526524049,-8.197746484375,6.1626750732421876,-1.7645266235351562,0.41781317055375705,-0.2991041351700206,0.27498928061956457
1708243802.3552213,-0.9002198242187499,14.219163659667968,-1.668758557128906,0.34666768806788134,-0.2464777951289702,1.028545177511162,1.5011644409179687,11.97100830078125,9.279925634765624,0.8763951007342519,-1.0482634011214798,1.0743767242810895,-8.0062103515625,5.853823059082031,-1.8076222534179687,0.46391117980490504,-0.26113323159609814,0.4683078107450434
1708243802.3838236,-0.6344634399414062,13.558364001464843,-3.5194764404296874,-0.12976722835438756,-0.21143797884847337,1.3332450247868135,3.366247534179687,10.673351000976561,7.359775903320312,0.7744732016674075,-0.8272327729490682,0.8859877500581902,-7.6614453125,6.366182214355469,-1.8722656982421875,0.5005497709727249,-0.33267840780380464,0.7082572750841112
1708243802.411335,0.2920926025390625,11.920730065917969,-3.84987626953125,0.35226340017351204,0.08326952538140886,1.5652006146892659,2.4588451049804685,9.294290844726563,6.1818286865234375,1.2290581946295946,-1.0349402770604543,0.9813813183351321,-7.280767248535156,6.845022546386718,-2.0278888061523435,0.46737519206077166,-0.19878101099049922,0.8729310884783853
1708243802.4388945,0.833182177734375,13.127407702636718,-3.5410242553710933,0.22516079663132954,0.14229096497175145,1.8496493133921585,2.7820623291015623,13.32373223876953,6.102820031738281,1.0150888222095265,-0.5251975504856219,1.6146294049556704,-7.105990527343749,7.271190441894531,-2.5043349365234375,0.5016156208976069,-0.1842588057639815,1.0286784087517724
1708243802.4664063,1.5538368774414062,12.7563064453125,-4.015076184082031,-0.11484532940603909,0.3806416544234961,2.110915776228867,3.6272155151367187,12.289437121582031,5.219359619140625,0.7363690668528747,-0.33587595757845073,1.938514550879198,-6.478709692382812,8.0062103515625,-2.2649147705078123,0.43273506950210555,-0.11258039831566477,1.2788866786178297
1708243802.4936624,2.4109610717773435,11.176133349609374,-3.8283284545898435,-0.22809188392475513,0.5350566622907807,2.249609497704142,3.928884924316406,10.802637890625,4.350264416503906,0.9788499247635374,0.011990811654922875,2.2113721316489987,-5.925649108886718,8.461108666992187,-2.750937707519531,0.3250842270890202,0.1365620216255105,1.4162480876870018
1708243802.5209095,2.978386865234375,10.790666882324219,-3.3710359375,-0.16827105689075103,0.8652036765229906,2.3211546739118476,3.6631285400390623,11.099518896484375,4.422090466308593,1.0602542127764025,0.19918070471232996,2.501016848735691,-5.710170959472656,8.614337573242187,-2.712630480957031,0.2885788671618105,0.16787136316892026,1.5727947954040504
1708243802.5483623,3.4907460205078125,10.862492932128905,-3.4524387939453125,-0.22809188392475513,0.9589984699126094,2.417081167151231,4.2305543334960936,10.352527978515624,3.9240965209960934,0.751157734560613,0.21849923460081683,2.5477810141898902,-5.410895751953125,9.114725720214842,-3.0430303100585934,0.24900918870056504,0.3473338442709326,1.7936921923358518
1708243802.5755885,3.9169139160156248,9.797073193359374,-3.3207577026367185,-0.37144869882138865,1.1628422680462982,2.403891274330816,3.9432501342773434,9.13627353515625,4.027047192382812,0.6268529870712458,0.144156202340295,2.599474735546669,-5.5641246582031245,9.200916979980468,-3.134009973144531,0.17386676899638168,0.4699065856323664,1.8369923455341843
1708243802.6037903,3.897760302734375,9.236830004882812,-2.868253588867187,-0.3859709040479063,1.2718254228654862,2.376179176283883,4.120421057128906,8.59997236328125,3.9887399658203124,0.4192787142004698,0.10298774899172647,2.660761106227386,-5.5449710449218745,8.923189587402343,-3.268085266113281,0.021849923460081685,0.5974088828963796,1.7777044434626212
1708243802.6310375,3.7205893798828122,9.229647399902344,-2.233790148925781,-0.5245313942825707,1.3227197567786033,2.3114287933472997,4.498704919433593,7.503428002929687,3.9264907226562498,0.3189555900209484,0.192385911441207,2.710456358975011,-5.475539196777343,8.992621435546875,-3.0142998901367184,-0.07487595722296284,0.5998070452273643,1.7145528354133608
1708243802.6582286,3.9719805541992184,7.920019091796875,-2.1978771240234374,-0.43699846920163365,1.4243751933642272,2.190188364391968,-0.9193734375,1.6807295654296874,2.592920397949219,0.5429173054867857,0.6176600314691383,2.5600382883260338,-5.322310290527343,8.973467822265624,-2.8993782104492185,-0.1458882084682283,0.6550980100806196,1.6383445657842954
1708243802.6859705,4.129997863769531,7.580042456054687,-1.5945383056640625,-0.2598009191899956,1.3407059742609877,2.0440336934425196,4.7189714721679685,6.4284314575195305,3.423708374023437,0.4040903527709009,0.38650382901034736,2.485961718546733,-5.4779333984375,8.628702783203124,-2.748543505859375,-0.1921194489599865,0.6509678416217018,1.5592052088618045
1708243802.7135584,4.417302062988281,7.733271362304687,-1.2641384765625,-0.4400627877356695,1.4055895884381815,1.9190627897501011,4.709394665527343,6.153098266601562,3.9839515624999997,0.08286983165957809,0.319222052502169,2.4911577369305324,-5.042188696289062,8.573636145019531,-2.7246014892578123,-0.17999540606445338,0.5890153147379336,1.5167044431071335
1708243802.740921,4.673481640625,7.213729602050781,-0.9145850341796874,-0.48429555961827386,1.3486998486976027,1.8112787160964055,5.1523219726562495,4.860229370117187,3.967192150878906,0.004929555902579405,0.2811179176876363,2.4134839236547543,-4.726154077148437,8.513781103515624,-2.8036101440429686,-0.2351531396770986,0.6191255751158511,1.4098529881377095
1708243802.768256,4.709394665527343,6.5505357421875,-0.6009446166992187,-0.49895099608540183,1.3657534474957154,1.6581960206352233,5.382165332031249,3.7924154296875,4.216189123535156,0.08433537530629089,0.1648070446348844,2.2040444134154344,-4.7572786987304685,8.207323291015625,-2.91134921875,-0.2901776420491336,0.5305268001100321,1.2926094964006858
1708243802.7956264,4.972756848144531,6.284779357910156,0.30406361083984373,-0.39289892855963954,1.151650843835037,1.5429509975073534,6.1626750732421876,3.5314474487304683,4.46279189453125,0.1247044412111979,0.18918836166656092,2.073211335136165,-4.077325427246094,8.188169677734374,-2.825157958984375,-0.15454823910789484,0.4699065856323664,1.1886891287246877
1708243802.8238134,5.355829113769531,6.093243225097656,0.49320554199218747,-0.2845819299435029,1.0920964792822534,1.4181133250555453,6.227318518066406,2.6384102294921874,4.517858532714843,0.11351301699993654,0.058888208349732345,1.759185301017796,-3.9264907226562498,8.427589843749999,-2.6791116577148437,-0.14748698335555135,0.4171470143507058,1.0983583475909353
1708243802.8512197,5.76523759765625,5.698199951171874,0.7661445312499999,-0.14122511504686944,0.9857779492752706,1.3085972452739165,7.055712292480468,3.0502129150390624,4.537012145996093,0.16027718245413575,-0.0604869832370554,1.5799892823970043,-3.1675287963867187,8.576030346679687,-2.5378537597656248,-0.005329249624410167,0.31402603411836905,1.0385375205569312
1708243802.8784738,6.4834980957031245,5.985504150390625,1.5059528442382812,-0.135762634181849,0.9195620226919743,1.2201317015087076,7.4579381713867186,2.7150246826171873,4.3454760131835934,0.001732006127933304,-0.020650842294589397,1.5072450250238054,-2.8945898071289062,8.834604125976561,-2.8275521606445313,-0.026513016881440577,0.3078973970502974,0.9824471682600142
1708243802.9056902,6.481103894042969,5.137956762695312,1.3670891479492187,-0.15588055151399735,0.8843889751708671,1.1238055145474939,7.659051110839843,2.138022082519531,4.441244079589843,0.09752526812670605,-0.06967993883916293,1.4286385930637553,-2.817975354003906,8.813056311035156,-2.9448680419921875,-0.04449923436382489,0.21383614117945793,0.8853215938551389
1708243802.9329193,6.9719152343749995,5.6574985229492185,1.7238251953125,-0.15148392057385898,0.753822359372818,1.0633185313104385,8.590395556640624,2.2457611572265623,4.668693237304687,0.05169372135677862,-0.10138897410440342,1.2856814718889527,-1.915361328125,9.447519750976562,-2.6815058593749996,0.09259571222412663,0.15428177662667433,0.893182237051144
1708243802.9608364,7.876923461914062,5.092466931152344,2.50912333984375,-0.11431240444359807,0.729707504822362,0.9888422678093065,8.90643017578125,1.4820108276367188,4.647145422363281,0.11804287918068519,-0.0305099540997482,1.18482542274699,-1.6639701538085936,9.868899243164062,-3.0933085449218747,0.06261868308681946,0.17986217482384312,0.9263568159630973
1708243802.988814,8.087613208007811,5.147533569335937,3.0262708984374997,-0.18865543670411988,0.6594946410207582,0.9227595724666203,9.516951599121093,1.0893617553710937,4.4819455078125,-0.0770076570727269,0.04276722823589159,1.0410689141285259,-1.4963760375976562,10.060435375976562,-3.1076737548828124,0.023581929588014985,0.14229096497175145,0.9186294040077024
1708243803.015929,8.276755139160155,4.446032482910156,3.1603461914062496,-0.25300612591887267,0.6381776425231175,0.8334946412577501,9.081206896972656,1.0175357055664063,4.697423657226563,-0.20477641681796063,-0.01532159267017923,1.0253476277365159,-1.0941501586914062,10.034099157714843,-2.858676782226562,-0.029577335415476424,0.10725114869125461,0.8881194499079543
1708243803.0444307,8.116343627929687,4.209006518554688,3.0813375366210938,-0.33321133276624565,0.5714287909773801,0.7523568157261052,9.062053283691405,1.0726023437499999,4.311957189941406,-0.24048238930150875,-0.044099540641994124,0.9552679951755223,-0.8810662109374999,9.555258825683593,-2.817975354003906,-0.04383307816077362,0.11084839218773146,0.8285650853551707
1708243803.0716767,7.922413293457031,4.141968872070312,3.0430303100585934,-0.33041347671343035,0.5313261875536937,0.6892052076768448,8.793902697753905,0.9361328491210937,4.031835595703125,-0.3254839208108509,-0.02531393571594829,0.935150077843374,-1.1851298217773436,9.452308154296874,-2.868253588867187,-0.11577794809031088,0.08420214406568063,0.7893951006157559
1708243803.0988696,7.675810522460937,3.6846763549804686,2.8945898071289062,-0.37837672333312183,0.5054793268753043,0.6172603377473076,8.319850769042969,0.7565677246093749,4.472368701171875,-0.22596018407499108,-0.07607503838845513,0.9596646261156607,-0.82360537109375,8.805873706054687,-2.6288334228515624,-0.11804287918068519,0.05262634004105039,0.6876064327895217
1708243803.1264312,7.378929516601562,3.957615344238281,2.839523168945312,-0.22662634027804232,0.39329862228147033,0.569830016090057,8.79150849609375,0.47644613037109373,4.012681982421875,-0.12070750399289026,-0.022382848422522698,0.727042880010157,-0.6464344482421874,8.66940421142578,-2.7437551025390623,0.008926493120887028,0.05249310880044014,0.6309831555301638
1708243803.15369,7.50821640625,3.6535517333984373,2.9185318237304685,-0.17906278738018158,0.42101072032840314,0.4970857587168583,8.789114294433594,-0.488417138671875,3.6846763549804686,-0.1938514550879198,0.07754058203516792,0.4206110266065724,-0.6943184814453125,8.690952026367187,-2.808398547363281,0.0415681470703993,0.0255803981971688,0.5290612564633193
1708243803.18088,7.4220251464843745,2.442085693359375,3.3542765258789062,-0.15601378275460764,0.32854823934488675,0.35359571257961453,8.221688500976562,-1.20667763671875,3.7804444213867185,-0.1630750385069511,0.1087166923379674,0.32255283351742536,-0.6009446166992187,8.86812294921875,-2.8107927490234372,-0.014921898948348467,0.015987748873230498,0.3815742731077679
1708243803.2080793,7.659051110839843,1.9393033447265624,3.385401147460937,-0.07807350699760894,0.20117917332148377,0.21396937242006817,8.913612780761719,-0.23223756103515625,4.896142395019531,-0.12403828500814663,0.050894333913117096,0.22622664655621155,-0.47165772705078124,8.578424548339843,-2.9568390502929685,-0.10525268008210079,0.04916232778518379,0.2526064321970419
1708243803.235295,7.501033801269531,2.0302830078125,3.459621398925781,0.02464777951289702,0.17946248110201235,-0.012923430339194655,8.238447912597655,-1.0726023437499999,3.9624037475585934,-0.0383705972957532,0.0607534457182759,0.03011026037791744,-0.5434837768554687,8.441955053710936,-2.89219560546875,-0.1450888210245668,0.037304747370871166,0.09379479338961894
1708243803.2651145,7.285555651855469,2.834734765625,3.337517114257812,0.09392802463022919,-0.015588055151399738,-0.10392036767599824,8.264784130859374,-0.1388636962890625,4.144363073730468,-0.03956967846124549,0.024781010753507273,-0.07740735079455767,-0.4525041137695312,8.415618835449218,-2.7365724975585937,-0.06554977038024505,-0.03543951000232761,-0.007194486992953725
1708243803.292456,7.319074475097656,3.2034418212890623,3.31357509765625,0.04596477801053769,-0.10005666169830088,-0.15681317019826913,8.384494213867187,0.354341845703125,4.458003491210937,-0.1025880552698957,-0.0654165391396348,-0.048229709100912004,-0.15083470458984374,8.556876733398436,-2.8802245971679685,-0.0668820827863476,-0.05955436455278361,-0.09552679951755223
1708243803.3199928,8.015787158203125,3.268085266113281,3.1004911499023438,0.0909969373368036,-0.08806585004337801,-0.18865543670411988,8.805873706054687,0.12210428466796874,4.529829541015625,0.0543583461689837,-0.1450888210245668,-0.1636079634693921,0.16041151123046873,8.91840118408203,-2.882618798828125,0.005329249624410167,-0.07594180714784488,-0.14975191444592567
1708243803.347411,8.25520732421875,3.6918589599609373,3.356670727539062,0.24900918870056504,-0.11897549786495697,-0.17799693745529957,10.534487304687499,0.0430956298828125,3.801992236328125,0.032375191468291764,-0.32774885190122527,-0.23408728975221654,0.7972691528320313,9.86411083984375,-3.181894006347656,0.0863338439154447,-0.08100459429103453,-0.10685145496942385
1708243803.374688,9.2320416015625,4.529829541015625,4.6255976074218745,0.036771822408430146,-0.19771516106561718,-0.10112251162318292,10.726023437499999,1.3455413330078123,4.491522314453125,-0.4384640128483464,-0.1589448700480332,-0.002264931090374321,1.0797849487304687,10.570400329589843,-3.699041564941406,0.10911638605979816,-0.07607503838845513,0.024781010753507273
1708243803.4020715,10.228029492187499,4.551377355957031,4.589684582519531,-0.3266830019763432,-0.22169678437546292,-0.01958499236970736,11.882422839355469,-0.05746083984375,4.96078583984375,-0.5537090359762163,-0.13696171534734128,0.036105666205378875,1.5753846923828123,11.405976708984374,-3.9600095458984375,0.1534823891830128,-0.0029310872934255917,0.15388208290484356
1708243803.4294255,11.044452258300781,3.7038299682617186,4.024652990722656,0.04569831552931718,-0.07940581940371148,0.05049464019128633,12.294225524902343,0.7278373046875,4.876988781738281,-0.002398162330984575,-0.23941653937662674,0.017719755001163805,1.848323681640625,11.8369330078125,-4.2137949218749995,0.20797396659260675,0.11391271072176731,0.29683920407964626
1708243803.4566722,11.537657800292967,4.639962817382812,3.928884924316406,0.02131699849764067,-0.00985911180515881,0.17626493132736626,12.50012686767578,2.0973206542968748,4.173093493652344,-0.058355283387291325,-0.32281929599864584,0.2939081167862207,1.8171990600585937,12.050016955566406,-4.316745593261719,0.15481470158911534,0.24701072009141123,0.5161378261241246
1708243803.4849982,11.6837041015625,4.955997436523437,3.775656018066406,-0.14548851474639754,0.1183093416619057,0.33734150122516354,12.667720983886719,1.6017209106445311,3.794809631347656,-0.19878101099049922,-0.3069647783660256,0.48962480924268403,2.224213342285156,12.196063256835936,-4.544194750976562,0.1488192957616539,0.3677182240843015,0.6997304756850549
1708243803.512268,11.903970654296874,4.469974499511719,4.039018200683594,-0.20157886704331454,0.24461255776042665,0.48003215991874576,13.022062829589842,1.1037269653320312,4.036623999023437,-0.1546814703485051,-0.2539387446031444,0.6449724357942405,2.3056161987304686,12.061987963867187,-4.771643908691406,0.0750091884635731,0.5571730482320829,0.868534457538247
1708243803.5394826,11.851298217773437,4.060566015625,4.374206433105469,-0.2548713632874162,0.35479479374510686,0.5704961722931083,12.823344091796875,0.3016694091796875,3.9264907226562498,-0.21703369095410402,-0.30949617193762047,0.6548315475993992,2.4253262817382812,11.851298217773437,-4.6639048339843745,0.06235222060559895,0.6421745797414251,1.0795727426648896
1708243803.5668213,11.578359228515625,3.651157531738281,4.467580297851562,-0.29297549810194895,0.41155130224507513,0.6072679947015385,12.828132495117186,-0.4429273071289062,3.373430139160156,-0.2639310876489135,-0.35972434964768624,0.68147779572145,3.066972326660156,12.224793676757812,-4.618415002441406,0.0305099540997482,0.826166923024186,1.2839494657610193
1708243803.5940068,11.666944689941406,2.901772412109375,4.587290380859375,-0.48109800984362777,0.4539188367591359,0.6019387450771283,12.818555688476561,-1.5370774658203123,2.9855694702148434,-0.33827411990943534,-0.2591347629869444,0.5020153146194377,2.7054478759765623,11.738770739746093,-5.087678527832031,-0.1151117918872596,1.0429341514970696,1.361356816555577
1708243803.6211572,11.111489904785156,1.8124106567382812,5.303156677246093,-0.5731607971053133,0.40129249671808553,0.495886677551366,11.975796704101562,-1.9823989746093749,3.394977954101562,-0.37318070494932193,-0.3617228182568401,0.601805513836518,2.1906945190429687,11.631031665039062,-4.817133740234374,-0.15135068933324874,1.0525268008210078,1.4077212882879455
1708243803.648412,10.85291612548828,2.3032219970703123,4.853046765136718,-0.7293078111005313,0.2595344567087751,0.3333445640068559,11.75313594970703,-1.3670891479492187,3.0645781249999997,-0.4627120986394127,-0.37651148596457823,0.565566616390529,2.166752502441406,10.951078393554686,-4.510675927734375,-0.29430781050805144,1.1327320076683811,1.4468912730273604
1708243803.6764538,9.904812268066406,2.9735984619140625,4.601655590820312,-0.7483598785077976,0.1151117918872596,0.2363522208425909,11.18571015625,-1.2114660400390624,3.268085266113281,-0.7916600317061303,-0.30243491618527696,0.3541286375420556,1.8363526733398436,9.852139831542969,-4.139574670410156,-0.2226294030597347,1.03787136435388,1.4130505379123557
1708243803.7068331,9.052476477050782,2.437297290039062,4.290409374999999,-0.714519143392793,0.11524502312786984,0.11577794809031088,9.847351428222655,-1.2138602416992186,4.113238452148437,-0.4528529868342539,-0.3947641659281831,0.3810413481453269,1.9297265380859374,9.734823950195311,-3.5529952636718747,-0.20251148572758632,0.9480735081825686,1.392266464377156
1708243803.7340126,9.030928662109375,2.8610709838867185,3.8690298828125,-0.5727611033834826,-0.0514272588755581,0.10312098023233673,10.36210478515625,0.4644751220703125,3.3207577026367185,-0.5485130175924164,-0.5597044418036777,0.3734471674305424,2.786850732421875,9.414000927734374,-3.1747114013671873,-0.0511607963943376,0.953535989047589,1.3842725899405408
1708243803.7614727,8.774749084472656,3.9145197143554684,4.802768530273437,-0.7921929566685713,-0.22356202174400647,0.1025880552698957,10.857704528808593,-0.8643067993164062,3.3494881225585935,-1.1977488530861848,-0.4456584998413002,0.14921898948348467,2.8467057739257813,9.471461767578125,-3.1124621582031247,0.03850382853636345,0.8384241971603295,1.409586525656489
1708243803.7889483,8.458714465332031,2.748543505859375,4.027047192382812,-0.7654134773059103,-0.18585758065130456,-0.023049004625573973,9.581595043945311,-1.8411410766601561,3.373430139160156,-0.6556309350430608,-0.38184073558898846,-0.021716692219471426,3.356670727539062,9.679757312011718,-2.592920397949219,-0.071811638688927,0.9164977041579384,1.2939418088067884
1708243803.8162882,9.421183532714844,1.5059528442382812,3.88818349609375,-0.36372128686599386,0.005062787143189658,-0.09659264944243427,10.046070166015625,0.06943184814453125,2.5354595581054684,-0.3334777952474662,-0.32761562066061495,0.14548851474639754,3.5721488769531247,9.07163009033203,-2.8275521606445313,-0.2783200616348209,0.9348836153621535,1.2189326203432154
1708243803.8437176,8.257601525878906,3.782838623046875,4.572925170898437,-0.6617595721111325,-0.37424655487420394,-0.1360290966630695,10.299855541992187,0.16519991455078123,2.6216508178710938,-1.1116814716519607,-0.14748698335555135,0.0912633998180241,3.806780639648437,9.390058911132812,-2.422932080078125,-0.18479173072642255,0.9552679951755223,1.2310566632387485
1708243803.8713548,8.870517150878905,2.6575638427734374,4.127603662109375,-0.7647473211028589,-0.3142924965995896,-0.2768545179881082,10.766724865722656,-2.518700146484375,2.0542250244140625,-1.0663828498444743,0.09499387455511121,-0.4180796330349776,4.390965844726562,9.672574707031249,-2.5546131713867184,-0.4310030633741722,0.9840459431473373,1.1723016861296265
1708243803.8986328,9.006986645507812,0.565031591796875,4.594472985839843,-0.669353752825917,-0.19518376749402233,-0.5746263407520262,9.265560424804686,-1.905784521484375,2.5617957763671875,-0.8910505372013799,0.06661562030512709,-0.05049464019128633,4.771643908691406,9.593566052246093,-2.4899697265625,-0.7021286380160394,0.8152419612941452,1.0040306292388754
1708243803.9268184,8.022969763183593,2.511517541503906,4.73094248046875,-0.8771944881779135,-0.3325451765631944,-0.7274425737319877,9.433154541015625,-1.1324573852539062,3.385401147460937,-0.983379786944286,0.3130934154340973,-0.029177641693645662,4.110844250488281,7.56567724609375,-1.2042834350585936,-0.6664226655324913,1.0663828498444743,0.8758621757718109
1708243803.9541504,7.3837179199218745,1.9632453613281249,4.07971962890625,-0.7887289444127047,-0.4488560496159463,-0.840822359491314,9.411606726074218,-2.3056161987304686,2.6695348510742187,-1.1593782557904317,0.4086202149516495,-0.741165391514844,4.383783239746093,7.580042456054687,-0.8020575561523438,-0.5241317005607399,1.0819709049958741,0.8484165402060985
1708243803.981477,7.060500695800781,0.9026140258789062,3.2800562744140622,-0.6793460958716859,-0.4531194493154744,-1.0190857594278342,7.015010864257812,-0.5147533569335937,3.5793314819335937,-1.0366722831883877,0.12390505376753637,-0.592879020715631,4.46279189453125,6.536170532226562,-1.2713210815429687,-0.3955635533718446,1.0429341514970696,0.6419081172602046
1708243804.010511,6.268019946289062,2.473210314941406,3.375824340820312,-0.6423078109820354,-0.5926125582344106,-1.0086937226602344,7.637503295898437,0.15562310791015624,3.3207577026367185,-1.1476539066167295,0.045032159326265905,-0.5994073515055335,4.867411975097656,6.1818286865234375,-0.41898529052734373,-0.48895865303963276,0.6816110269620603,0.6224563561311075
1708243804.0378714,6.385335827636719,2.8802245971679685,3.143586779785156,-0.5085436454093402,-0.5234655443576887,-0.9412787149114457,7.8553756469726554,0.46208092041015625,3.143586779785156,-1.1592450245498214,0.14309035241541299,-0.6954670759855267,5.295974072265625,6.356605407714843,-0.2537853759765625,-0.32654977073573294,0.7602174589221103,0.593944870640513
1708243804.0651581,6.9144543945312495,2.5354595581054684,3.0645781249999997,-0.5799555903764363,-0.4585819301804948,-0.8977120992318925,8.020575561523437,-0.4955997436523437,2.6240450195312497,-1.112347627855012,0.22369525298461676,-0.6640245032015067,5.588066674804687,6.701370446777343,0.06464344482421874,-0.439796325254449,0.5820872902262005,0.5265298628917244
1708243804.0924108,7.381323718261719,1.9416975463867185,3.4620156005859375,-0.5931454831968516,-0.35999081212890677,-0.9406125587083944,8.281543542480469,-0.17238251953125,2.7557261108398436,-1.0605206752576233,0.38557121032607555,-0.4501883620220488,5.746083984375,6.296750366210937,-0.031124621582031248,-0.5493124050360779,0.4771010726253202,0.44379326247275663
1708243804.1197386,7.345410693359375,2.252943762207031,3.6559459350585937,-0.6884058202331832,-0.38783614141644984,-0.9581990824689479,8.44674345703125,-0.5578489868164063,3.009511486816406,-1.206142421244631,0.4142159270572802,-0.5545084234198778,6.002263562011718,6.385335827636719,0.4261678955078125,-0.6333813178611483,0.4913568153706174,0.45338591179669496
1708243804.1480405,7.548917834472656,2.6144682128906247,3.7158009765625,-0.862272589229565,-0.40635528386127523,-1.0004333857423986,9.157821350097656,-1.0893617553710937,3.0238766967773434,-1.4588820846822832,0.4708392043166382,-0.514272588755581,6.514622717285156,7.345410693359375,-0.33518823242187495,-0.7567534466662437,0.41115160852324434,0.38663706025095756
1708243804.1752865,8.20971749267578,1.9871873779296874,4.651933825683593,-0.9512710579572147,-0.37051608013711684,-1.1881562037622466,9.469067565917967,-2.454056701660156,4.127603662109375,-1.6458055152584696,0.5045467081910325,-0.8778606443809647,6.694187841796874,6.361393811035156,-0.354341845703125,-1.1716355299265753,0.42021133288474166,0.38756967893522937
1708243804.2026646,7.407659936523437,2.2649147705078123,5.0206408813476555,-0.958732007431389,-0.6133966317696101,-1.2867473218138348,8.219294299316406,-0.9361328491210937,5.295974072265625,-1.9110689153134857,0.3605237370913478,-0.7523568157261052,6.083666418457031,5.846640454101562,0.34715924072265625,-0.8037840746016635,0.0604869832370554,0.5487794800736369
1708243804.2318795,6.548141540527343,4.050989208984375,4.371812231445312,-1.4009264950168225,-0.911035223292918,-1.2926094964006858,8.451531860351562,-0.9528922607421875,4.534617944335937,-2.3684517643284884,0.3805084231828859,-0.8773277194185237,5.743689782714843,5.578489868164062,1.8722656982421875,-1.0762419616496333,-0.5759586531581288,0.5196018383799912
1708243804.2591584,6.665457421875,3.2561142578125,3.5051112304687497,-1.1591117933092112,-0.7438300163270489,-1.2209310889523692,7.924807495117187,-0.5027823486328125,4.671087438964843,-2.0093935708838533,0.46644257337649986,-1.1739004610169494,6.3901242309570305,4.00310517578125,2.384624853515625,-0.8176401236251297,-0.4130168458917879,0.46750842330138187
1708243804.2865539,7.213729602050781,1.8459294799804686,3.23696064453125,-0.5990076577837027,-0.6772143960219219,-1.0141562035252547,7.570465649414062,-0.21308394775390624,4.778826513671874,-1.1072848407118223,0.12377182252692612,-1.0527932633022283,6.114791040039062,4.000710974121094,2.901772412109375,-0.5763583468799595,-0.3432036758120147,0.41248392092934694
1708243804.3137994,6.361393811035156,2.3678654418945313,3.3327287109375,-0.0834027566220191,-0.6894716701580653,-0.7762052077953407,7.982268334960937,0.8259995727539062,3.383006945800781,-0.808846861744853,0.02997702913730719,-0.983912711906727,6.406883642578125,4.185064501953125,2.7844565307617186,-0.6012725888740771,-0.5374548246217653,0.29577335415476425
1708243804.3415165,7.5465236328125,3.239354846191406,3.0047230834960934,-0.08353598786262936,-0.4873598781523097,-0.538387443306037,8.10197841796875,1.3072341064453123,3.1364041748046874,-0.8626722829513956,0.14575497722761804,-0.6890719764362345,6.773196496582031,4.2329485351562495,2.626439221191406,-0.09725880564548554,-0.07087902000465522,0.2188989283226476
1708243804.3699923,8.001421948242188,2.1452046874999997,2.592920397949219,-0.15241653925813076,-0.26672894370172884,-0.39822817818404965,8.365340600585936,0.4285620971679687,3.0550013183593747,-0.6519004603059737,0.08033843808798326,-0.3041669223132103,6.943184814453125,4.525041137695312,2.4564509033203126,-0.20264471696819658,-0.20877335403626826,0.06648238906451683
1708243804.3972938,7.75721337890625,2.243366955566406,2.9089550170898435,-0.15641347647643838,-0.10685145496942385,-0.3406722822404199,8.441955053710936,-0.47165772705078124,3.0142998901367184,-0.344935681939948,0.12523736617363893,-0.280984686447026,6.8785413696289055,4.206612316894531,2.5354595581054684,0.03530627876171736,-0.223295559262786,-0.02571362943777905
1708243804.4244022,8.06367119140625,2.1308394775390624,2.961627453613281,0.23954977061723698,-0.03956967846124549,-0.23368759603038583,9.095572106933593,0.5817910034179687,3.1579519897460937,-0.01532159267017923,0.14921898948348467,-0.16027718245413575,7.4962453979492185,4.958391638183594,2.138022082519531,0.34307044457140445,0.059021439590342596,-0.0941944871114497
1708243804.4516866,8.245630517578125,3.5529952636718747,3.7301661865234372,0.16613935704098695,-0.008793261880276773,-0.1409586525656489,9.172186560058593,0.5961562133789062,3.890577697753906,-0.31402603411836905,0.1775972437334688,0.0031975497746461,7.228094812011718,5.286397265624999,1.898601916503906,0.09073047485558308,-0.02011791733214838,-0.11138131715017249
1708243804.478936,8.51617530517578,3.189076611328125,3.5410242553710933,0.10645176124759308,0.07900612568188072,-0.049562021507014546,9.351751684570312,0.047884033203124995,4.479551306152343,-0.07567534466662437,0.04290045947650184,0.04063552838612752,7.673416320800781,4.594472985839843,2.214636535644531,0.35479479374510686,-0.07234456365136802,-0.1633415009881716
1708243804.5061033,8.537723120117187,3.0214824951171875,3.095702746582031,0.4143491582978905,0.21463552862311946,0.095926493239383,9.471461767578125,0.7445967163085937,3.8379052612304685,0.43233537578027476,-0.046098009251147945,0.11258039831566477,7.60398447265625,5.2648494506835934,1.6927005737304686,0.5635681477813751,0.2053093417804017,-0.1970490048625659
1708243804.5333016,8.609549169921875,3.878606689453125,3.268085266113281,0.5802220528576568,0.23968300185784724,0.20157886704331454,9.758765966796874,0.9959878906249999,3.5984850952148437,0.31402603411836905,-0.0063950995492922,0.1866569680949661,7.639897497558593,6.433219860839843,1.2401964599609374,0.3805084231828859,0.09699234316426504,-0.16640581952220743
1708243804.5606108,8.67658681640625,4.1754876953124995,3.545812658691406,0.39822817818404965,0.23581929588014985,0.21316998497640668,9.631873278808593,0.7876923461914062,3.948038537597656,0.1482863707992129,0.06834762643306039,0.21516845358556047,7.4770917846679685,6.418854650878906,0.6200982299804687,0.23488667719587808,0.16120980113840752,-0.1729341503121099
1708243804.588681,8.978256225585938,3.3255461059570313,3.418919970703125,0.3623889744598913,0.2616661565585392,0.1594777950104742,9.935936889648437,-0.24899697265624998,3.77326181640625,0.26313170020525195,0.014522205226517705,0.11737672297763392,7.802703210449218,6.404489440917969,0.5530605834960938,0.23488667719587808,0.11138131715017249,-0.18212710591421744
1708243804.6158185,8.525752111816406,3.385401147460937,3.2225954345703123,0.3966294032967267,0.22129709065363215,0.07727411955394742,9.660603698730467,0.3064578125,3.7229835815429686,0.38703675397278836,0.06634915782390657,0.022382848422522698,7.299920861816406,6.263231542968749,0.5793968017578125,0.23595252712076012,0.09939050549524961,-0.1957166924564634
1708243804.643022,8.200140686035155,4.031835595703125,3.181894006347656,0.42114395156901346,0.17506585016187395,0.08113782553164478,9.313444458007812,1.2234370483398436,3.8091748413085935,0.33520980137539946,0.08580091895300368,0.05649004601874777,7.283161450195312,5.7700260009765625,1.180341418457031,0.22715926524048335,0.1229724350832646,-0.20437672309612986
1708243804.6701221,8.540117321777343,3.689464758300781,3.153163586425781,0.5724946409022621,0.22076416569119114,0.1901209803508327,9.698910925292969,0.8810662109374999,4.237736938476562,0.6221898936498869,-0.0127901990985844,0.11417917320298782,7.656656909179687,5.322310290527343,1.7669208251953124,0.36625268043758874,0.22769219020292436,-0.24447932651981638
1708243804.7024508,8.303091357421874,4.302380383300781,3.4261025756835934,0.8462848403563344,0.3380076574282148,0.4761684539410484,9.081206896972656,2.243366955566406,4.855440966796874,0.7019954067754292,-0.09939050549524961,0.400493109274424,6.335057592773437,4.623203405761719,2.8227637573242186,0.3801087294610552,0.5126738138682579,-0.21250382877335539
1708243804.7465117,7.350199096679687,3.928884924316406,3.2513258544921873,0.9013093427283694,0.5702297098118878,1.0213506905182084,8.559270935058594,2.104503259277344,4.333505004882812,1.0791730489430587,-0.31908882126155874,0.8903843809983285,6.768408093261718,5.398924743652343,2.6503812377929687,0.264197550130134,0.14548851474639754,-0.2735237369728518
1708243804.7903705,6.552929943847656,4.42448466796875,3.1004911499023438,0.5442496178928883,0.8569433396051548,1.4595482408853344,6.811503723144531,1.8770541015625,4.259284753417968,0.7959234314056584,-0.14921898948348467,1.2851485469265116,5.7125651611328125,4.790797521972656,3.921702319335937,0.13629555914429,-0.1973154673437864,-0.43286830074271576
1708243804.8302681,6.4739212890625,2.882618798828125,3.1459809814453124,0.33787442618760455,1.1809617167692927,1.681644718982628,7.074865905761718,1.0726023437499999,3.651157531738281,0.8124441052413298,-0.07607503838845513,1.5274961735965642,6.236895324707031,6.698976245117187,1.2808978881835937,-0.4363323129985824,-0.8185727423094016,-0.3578591122791427
1708243804.867423,5.705382556152343,3.172317199707031,3.7995980346679685,-0.11138131715017249,1.2369188378255995,1.7626493132736627,6.4284314575195305,-0.17238251953125,4.587290380859375,0.3992940281089318,0.024514548272286763,1.6845758062760539,5.195417602539062,5.777208605957031,0.19632453613281248,-0.5621026041346623,-0.7638147024185872,-0.47510260401616633
1708243804.9051592,5.746083984375,0.86191259765625,3.797203833007812,0.2989709039294104,1.2105390521847694,1.697366005374638,6.655880615234374,-2.9927520751953125,4.6255976074218745,1.2132036769969745,-0.12084073523350053,1.2611669236166658,4.989516259765625,5.987898352050781,0.507570751953125,-0.6301837680865022,-1.411718225506253,-0.6713522214350708
1708243804.945246,6.368576416015625,1.3407529296874998,5.116408947753906,0.753822359372818,0.9647274132588505,1.5272297111153437,8.032546569824218,-2.205059729003906,3.833116857910156,1.2955405836941114,0.20224502324636584,1.046797857474767,5.664681127929687,6.89530078125,-1.0678139404296874,0.17066921922173559,-0.7687442583211664,-0.6078009196639794
1708243804.9852867,6.287173559570312,0.6967126831054687,5.427655163574219,0.4695068919105357,0.8073813180981403,1.2938085775661783,6.7037646484375,-3.394977954101562,5.391742138671875,0.3421378258871327,-0.06701531402695785,0.8153751925347554,3.8953661010742184,4.46279189453125,-1.4987702392578124,0.6556309350430608,-1.062519143866777,-1.0338744271355722
1708243805.0253575,5.128379956054687,-0.8906430175781249,4.209006518554688,1.1749663109418316,0.3695834614528451,1.18482542274699,8.14028564453125,-3.8187516479492185,3.294421484375,1.4698070464123238,-0.40102603423686506,0.3288147018261073,5.023035083007812,8.894459167480468,-0.16280571289062498,0.5501117924797394,-1.0737105680780383,-0.8937151620135849
1708243805.0652618,7.165845568847656,1.3383587280273437,5.307945080566406,0.975519143748281,0.6101990819949641,0.8113782553164479,7.996633544921875,-1.2737152832031249,3.392583752441406,0.9812480870945219,0.6433736609069174,0.2595344567087751,3.0142998901367184,4.936843823242187,-2.3127988037109373,0.8489494651685395,-0.9010428802471488,-1.1258039831566478
1708243805.1053278,5.597643481445312,-0.6248866333007812,3.9719805541992184,0.9121010732178001,0.3142924965995896,0.5699632473306674,7.132326745605468,-4.161122485351562,3.134009973144531,0.8653369077636008,-0.09446094959267021,-0.11124808590956223,3.4548329956054684,10.654197387695312,0.27293898925781246,0.4840290971370534,-0.9211607975792974,-1.3934655455426483
1708243805.146913,7.448361364746093,-0.5195417602539062,4.582501977539062,1.1936186846272672,0.6888055139550141,-0.19491730501280186,9.289502441406249,-3.308786694335937,1.4437036010742186,1.8511148570388714,1.1548483936096832,-0.6858744266615885,2.2864625854492187,7.812280017089844,-3.1268273681640624,0.06554977038024505,-1.155781012293955,-1.8901516105376757
1708243805.1869884,6.047753393554687,0.5315127685546874,6.418854650878906,1.657529864432172,0.18172741219238667,-0.37651148596457823,7.841010437011718,-1.6041151123046875,5.681440539550781,-0.0305099540997482,0.9983016858926345,-0.4873598781523097,1.3646949462890625,9.593566052246093,-1.5969325073242187,0.2496753449036163,-1.1770980107915956,-2.270660033720562
1708243805.2270815,7.230489013671875,0.5961562133789062,4.197035510253906,1.7374686087983247,-0.1025880552698957,-1.073577336837428,8.473079675292968,-4.094084838867187,3.840299462890625,1.0601209815357924,0.38383920419814227,-1.1477871378573397,-0.5051765502929687,9.734823950195311,-4.441244079589843,-0.21849923460081683,-1.264364473391312,-2.4543859145221023
1708243805.2670875,6.605602380371093,3.651157531738281,7.218518005371093,1.9126676902008088,-0.6991975507226139,-1.3876033709557973,9.090783703613281,1.5418658691406248,6.461950280761719,-0.05955436455278361,1.253439511661271,-1.0413353766097466,0.5793968017578125,10.496180078124999,-3.5027170288085934,0.0941944871114497,-1.1336646263526526,-2.56883155020631
1708243805.3069258,8.300697155761718,3.9743747558593747,4.455609289550781,1.065716693641423,-0.7864640133223304,-1.550012253259697,8.875305554199219,-1.1013327636718748,7.3837179199218745,-0.8815911191180518,-0.03130934154340973,-1.2623660047821583,-0.3184288208007812,11.168950744628905,-4.201823913574218,-0.080205206847373,-1.1359295574430268,-2.5584395134387106
1708243805.34706,8.99501563720703,5.2816088623046875,5.248090039062499,1.3439035240356338,-1.2898116403478708,-1.6607274142068182,10.479420666503906,1.216254443359375,8.214505895996094,0.918895866488923,0.2680612561078314,-1.4710061275778161,-0.28012159423828126,11.621454858398437,-4.872200378417968,0.12137366019594154,-1.099157735034597,-2.3627228209822473
1708243805.3869815,9.823409411621093,8.451531860351562,4.048595007324218,1.309929557680019,-1.4720719775026982,-1.2911439527539732,10.675745202636719,5.149927770996094,8.90643017578125,0.3465344568272711,-0.393698316003301,-1.292209802678855,-1.3335703247070312,12.014103930664062,-4.675875842285156,0.5569065857508624,-1.2046768775979182,-2.0657503856619908
1708243805.4269526,10.536881506347656,9.153032946777342,3.670311145019531,0.7507580408387822,-1.7678453316574625,-0.8869203687424619,13.120225097656249,4.2137949218749995,7.905653881835937,0.25846860678389305,-0.7864640133223304,-1.2431807061342817,-0.430956298828125,12.765883251953124,-5.070919116210937,0.9669923443492248,-1.0454655450686645,-1.4690076589686625
1708243805.468387,12.399570397949217,8.741230261230468,2.85388837890625,0.7912603379842994,-1.390800920730443,-0.46630934213588954,13.261482995605467,5.1690813842773435,6.076483813476562,0.48895865303963276,-0.9612634010029838,-0.9355497715652047,-1.6208745239257811,12.928688964843749,-5.303156677246093,0.8592082706955291,-0.7985880562178636,-1.0911638605979816
1708243805.508365,11.741164941406248,7.4770917846679685,1.7118541870117185,0.4709724355572485,-1.2402496188408558,-0.20437672309612986,12.119448803710936,4.592078784179687,3.928884924316406,0.09605972447999325,-1.133797857593263,-0.7189157743329315,-1.180341418457031,13.125013500976562,-3.7038299682617186,0.5740934157895852,-0.6848085767367064,-0.7640811648998077
1708243805.548323,10.89122335205078,6.392518432617187,0.8020575561523438,0.5062787143189658,-0.7464946411392541,-0.16707197572525873,11.48498536376953,4.206612316894531,1.8818425048828125,0.27458958689773383,-0.6544318538775684,-0.5866171524069491,-2.099714855957031,12.119448803710936,-3.574543078613281,0.3177565088554562,-0.49042419668634557,-0.4605803987896487
1708243805.5882616,10.618284362792968,6.9527616210937495,1.9895815795898437,0.1685375193719715,-0.4044900464927317,-0.18932159290717118,12.567164514160156,3.1866824096679687,2.825157958984375,-0.47763399758776115,0.21223736629213488,-0.6526998477496352,-1.2497732666015624,12.133814013671874,-4.04141240234375,0.11804287918068519,-0.35972434964768624,-0.10432006139782901
1708243805.6280997,10.9941740234375,5.746083984375,1.7166425903320313,0.1765313938085868,0.016254211354451008,-0.19078713655388396,11.121066711425781,3.265691064453125,4.216189123535156,-0.05049464019128633,0.28698009227448745,-0.5686309349245648,-1.9656395629882812,10.500968481445312,-4.4196962646484375,-0.09712557440487528,-0.032241960227681506,0.010392036767599824
1708243805.6680298,9.749189160156249,5.195417602539062,0.41419688720703124,0.32255283351742536,0.31695712141179466,-0.19744869858439668,9.591171850585937,3.124433166503906,2.9759926635742184,0.5704961722931083,-0.15308269546118203,-0.7989877499396942,-2.7150246826171873,9.557653027343749,-3.768473413085937,-0.17972894358323288,0.17173506914661762,-0.003863705977697371
1708243805.7097347,8.47786807861328,5.1882349975585935,-1.0893617553710937,0.7373016855371465,0.5667656975560212,-0.33161255787892263,8.329427575683594,3.7325603881835936,0.26336218261718747,0.8606738143422419,-0.0063950995492922,-1.5051133251740412,-3.5984850952148437,9.04050546875,-2.8203695556640622,-0.5090765703717811,0.3605237370913478,-0.21969831576630913
1708243805.7512858,6.519411120605469,5.267243652343749,-0.086191259765625,1.1122143966144018,0.551444104885842,-0.6215237374468356,7.668627917480468,3.8953661010742184,0.00239420166015625,0.4768346101440996,1.3860045960684741,-1.878160798882753,-4.189852905273438,7.407659936523437,-3.0142998901367184,-0.7210474741826955,0.2651301688144058,-0.48416232837766365
1708243805.7926955,5.664681127929687,5.518634826660156,2.2601263671875,0.6137963254914409,0.3951638596500139,-0.7612833088469922,5.76523759765625,2.6671406494140624,4.4005426513671875,-0.8653369077636008,2.234021442552742,-1.7048269548488122,-4.127603662109375,6.9527616210937495,-3.0119056884765625,-0.47483614153494585,0.041168453348568536,-0.6040704449268923
1708243805.8305833,5.336675500488281,3.7421371948242186,1.9632453613281249,0.3857044415666858,0.10018989293891113,-1.0829035236801459,5.082890124511718,0.2537853759765625,5.343858105468749,-0.6797457895935167,1.092496173004084,-2.112914244838021,-3.9528269409179684,7.730877160644531,-2.9448680419921875,-0.37797702961129104,-0.09392802463022919,-0.8148422675723145
1708243805.8675194,5.334281298828125,4.328716601562499,2.6671406494140624,0.6990643194820036,-0.4563169990901205,-1.4522205226517704,5.370194323730469,1.608903515625,5.839457849121094,-1.1228728958632221,1.641275653077721,-2.2153690688673064,-4.065354418945312,8.231265307617187,-3.2728736694335936,-0.29470750422988223,-0.03983614094246599,-0.9731209814172964
1708243805.9049582,5.231330627441406,5.442020373535156,2.205059729003906,-0.16893721309380227,-0.8223032170464887,-1.8140765721492207,4.50109912109375,1.6352397338867186,6.093243225097656,-3.0323430362893844,0.7933920378340636,-2.8175742764256553,-4.5968671875,8.453926062011718,-3.1316157714843746,-0.4681745795044331,-0.13216539068537214,-1.1872235850779749
1708243805.9450932,4.472368701171875,5.0014872680664055,1.8818425048828125,-0.5605038292473392,-0.9791163872447578,-2.3408728975221655,3.337517114257812,0.5267243652343749,6.687005236816406,-2.7963905091686247,0.7502251158763412,-3.2648315511542783,-4.604049792480469,8.219294299316406,-3.0502129150390624,-0.39916079686832145,-0.18852220546350965,-1.295940277415942
1708243805.9849496,3.5913024902343746,4.721365673828124,1.484405029296875,0.5044134769504223,-1.1500520689477138,-2.833428794058275,0.7685387329101562,2.35589443359375,9.057264880371093,-0.7138529871897418,1.0951607978162892,-3.200081168217695,-4.7022120605468745,8.465897070312499,-2.2577321655273437,-0.2602006129118264,-0.24061562054211902,-1.4322358365602321
1708243806.024891,2.023100402832031,9.165003955078124,0.4740519287109375,0.4637779485642947,-1.4716722837808676,-2.8451531432319777,-1.3742717529296875,7.52737001953125,10.800243688964843,-1.1509846876319858,-0.5942113331217335,-1.9974027592289303,-5.331887097167969,8.204929089355469,-2.4947581298828125,-0.40981929611714185,-0.28751301723692846,-1.292209802678855
1708243806.064878,1.7453730102539062,12.473790649414061,-0.40940848388671874,-0.4833629409340021,-1.4647442592691344,-2.564301688025562,-0.6440402465820312,7.819462622070312,10.522516296386717,-1.9703568173850488,0.02691271060327134,-2.2658637090585927,-5.954379528808594,7.939172705078125,-1.2761094848632812,-0.2673950999047801,-0.4110183772826341,-1.1776309357540364
1708243806.106175,0.7015010864257812,12.023680737304687,-0.7781155395507812,-0.16720520696586896,-0.8586753457330881,-2.365653908275673,-1.4101847778320311,8.817844714355468,11.262324609375,-1.159511487031042,0.16467381339427414,-1.6740505382678437,-6.528987927246093,7.884106066894531,-1.024718310546875,-0.20544257302101193,-0.35506125622632734,-1.0769081178526845
1708243806.1465604,0.8020575561523438,12.808978881835937,-2.0159177978515626,0.017586523760553547,-0.5706294035337186,-2.032309344268817,-1.1635820068359375,9.485826977539062,16.61815372314453,-1.2309234319981384,-0.8101791741509555,-1.1735007672951185,-6.909665991210937,7.266402038574219,-1.2832920898437499,-0.3153583465244716,-0.15228330801752052,-0.9555344576567428
1708243806.1863647,0.016759411621093748,11.820173596191406,-2.231395947265625,0.4729709041664023,-0.2137029099388477,-1.6629923452971924,0.9145850341796874,7.151480358886718,11.571176623535155,1.715218991616412,-0.4348667693518696,-1.470339971374765,-6.411672045898437,6.907271789550781,-1.3766659545898436,-0.42114395156901346,0.06954670759855268,-0.8516140899807446
1708243806.226429,0.5674257934570313,13.63737265625,-2.114080065917969,0.6910704450453884,0.06181929564315793,-1.1011562036437508,-0.5243301635742187,12.380416784667968,11.319785449218749,0.4525865243530334,-0.8518805524619651,-0.3898346100256037,-7.058106494140625,6.974309436035155,-1.1947066284179686,-0.4212771828096237,-0.05049464019128633,-0.6876064327895217
1708243806.266214,0.2346317626953125,11.128249316406249,-0.82360537109375,0.22715926524048335,0.35999081212890677,-0.8537457898305086,0.7709329345703124,8.528146313476562,8.588001354980468,0.27418989317590303,-1.0546585006707718,0.9422113335957175,-7.244854223632812,6.715735656738281,-1.8004396484374998,-0.4760352227004381,0.13696171534734128,-0.5217335382297553
1708243806.3061275,0.09576806640624999,10.888829150390624,-0.062249243164062495,-0.33933996983431736,0.2063751917052837,-0.6149954066569332,2.1116858642578125,9.04050546875,4.673481640625,-1.9383813196385877,-0.5089433391311708,1.4243751933642272,-7.086836914062499,6.715735656738281,-2.1811177124023438,-0.41501531450094176,0.2019785607651453,-0.4757687602192176
1708243806.3464456,-0.09576806640624999,7.017405065917968,0.6943184814453125,-0.5161378261241246,0.22569372159377055,-0.9158315479548872,2.4349030883789062,1.7525556152343749,8.975862023925782,0.16187595734145882,0.2717917308449185,0.831362941407986,-7.094019519042968,5.5258174316406246,-1.4700398193359374,-0.4107519148014136,0.24314701411371384,-0.7143859121521828
1708243806.3864038,-1.5059528442382812,11.283872424316405,-0.08858546142578125,0.5579724356757444,0.031575804024630234,-0.6662894342918811,4.328716601562499,7.1035963256835934,12.196063256835936,0.8983782554349439,-0.11111485466895196,-0.27139203712308774,-7.819462622070312,5.204994409179688,-0.928950244140625,-0.08979785617131131,0.15414854538606407,-0.5515773361264522
1708243806.428303,-1.3479355346679687,11.444283935546874,0.9624690673828125,1.070912712025223,-0.11151454839078273,-0.279918836522144,4.393360046386719,7.692569934082031,10.651803186035156,1.0643843812353206,0.09432771835205994,-0.392099541115978,-7.972691528320312,7.1395093505859375,-1.0007762939453124,0.25580398197168797,0.17626493132736626,-0.35359571257961453
1708243806.4680908,-0.5147533569335937,13.680468286132811,0.18435352783203124,0.3951638596500139,0.007194486992953725,0.022116385941302188,3.9791631591796874,9.267954626464844,11.020510241699219,0.15161715181446922,-0.4833629409340021,0.16147626361962805,-7.924807495117187,7.220912207031249,-0.8834604125976562,0.007194486992953725,-0.055690658575086247,0.044232771882604376
1708243806.5078485,-0.8738836059570312,11.3006318359375,0.4333505004882812,0.07101225124526546,-0.05129402763494785,0.2829831550561798,3.6655227416992187,6.79953271484375,9.65342109375,0.4548514554434077,-0.3942312409657421,0.33694180750333275,-8.02536396484375,6.236895324707031,-1.0558429321289062,0.05808882090607082,-0.07953905064432175,0.2363522208425909
1708243806.548293,-0.8403647827148437,11.271901416015623,-0.4908113403320312,-0.13336447185086442,0.13203215944476188,0.4513874431875411,2.2840683837890623,9.052476477050782,10.520122094726561,0.00479632466196915,-1.021617152999429,1.0328085772106903,-7.472303381347656,6.095637426757812,-1.2378022583007813,0.04543185304809667,-0.040768759626737774,0.3386738136312661
1708243806.5881128,-0.5746083984375,11.231199987792968,-0.6488286499023437,-0.34573506938360954,0.2267595715186526,0.7117212873399777,3.9552211425781247,6.947973217773437,7.594407666015624,-0.14135834628747967,-1.7703767252290572,0.8850551313739184,-7.706935144042968,5.090072729492187,-1.5035586425781249,-0.05555742733447598,0.2885788671618105,0.37531240479908595
1708243806.6280882,-0.6440402465820312,9.655815295410155,-0.6560112548828124,0.09033078113375233,0.438730475329567,0.8883859123891747,3.4715924072265625,8.28633194580078,7.678204724121093,1.2425145499312304,-0.7845987759537868,1.0000336920205677,-7.292738256835937,6.040570788574218,-1.4820108276367188,-0.09019754989314206,0.19904747347171972,0.4168805518694853
1708243806.6678374,-0.23702596435546874,10.687716210937499,-1.9321207397460936,0.06435068921475276,0.47243797920396124,1.0559908130768745,3.4739866088867184,9.157821350097656,5.954379528808594,0.899577336600436,-0.88585451881758,1.3752128655790434,-7.340622290039062,6.291961962890625,-1.7932570434570312,-0.28404900498106184,0.35959111840707597,0.45565084288706925
1708243806.7085233,0.296881005859375,10.596736547851561,-2.3630770385742186,-0.12577029113607993,0.7567534466662437,1.2279923447047127,4.115632653808594,8.968679418945312,5.128379956054687,0.7183828493704905,-0.4808315473624073,1.5970428811951167,-6.9910688476562495,6.598419775390624,-2.114080065917969,-0.36905053649040404,0.4605803987896487,0.4692404294293152
1708243806.7505195,1.235408056640625,9.909600671386718,-2.442085693359375,0.1183093416619057,1.1198085773291864,1.2859479343701732,4.735730883789063,8.104372619628906,4.235342736816406,1.0956937227787302,-0.05329249624410167,1.591980094051927,-6.617573388671874,7.3478048950195305,-2.5354595581054684,-0.5246646255231809,0.7006630943693266,0.4516539056687616
1708243806.7904375,1.8363526733398436,9.093177905273437,-2.0781670410156248,0.36598621795636815,1.3869372147527457,1.1853583477094314,4.910507604980468,7.769184387207031,2.8275521606445313,1.1796294043631903,0.7190490055735417,1.7866309365835085,-6.337451794433593,7.287949853515625,-2.3965958618164063,-0.7903277193000278,0.9159647791954973,0.4218101077720647
1708243806.8302655,1.7334020019531249,8.932766394042968,-2.1212626708984375,0.3966294032967267,1.660061258003767,1.0144226660064752,4.977545251464844,6.282385156249999,3.3111808959960936,0.7277090362132083,1.1529831562411395,1.3520306297128593,-6.373364819335937,7.086836914062499,-2.43250888671875,-0.9944379799149371,1.0041638604794856,0.3874364476946191
1708243806.8699818,1.5011644409179687,8.611943371582031,-1.4006079711914061,0.5286615627414886,1.7883629427114416,0.7619494650500436,4.240131140136718,5.777208605957031,4.3071687866210935,0.4984180711229608,2.267196021464695,1.2081408898537846,-6.5960255737304685,6.9719152343749995,-2.8323405639648436,-1.1429908131953703,1.2030781027105952,0.271525268363698
1708243806.9101171,1.5203180541992187,8.281543542480469,-0.45489831542968745,0.5506447174421805,1.7519908140248424,0.5469142427050934,4.513070129394531,4.932055419921875,6.438008264160156,0.09152986229924462,2.7356370634503486,1.0574563567235873,-6.64630380859375,6.430825659179687,-2.978386865234375,-1.091430323079202,1.2122710583127025,0.224361409187668
1708243806.9507298,1.6208745239257811,8.659827404785156,0.10773907470703124,0.23795099572991393,1.5592052088618045,0.37824349209251157,3.8187516479492185,3.0909143432617188,7.79552060546875,-0.4351332318330901,2.521667691030281,0.8566768771239343,-6.83783994140625,6.660669018554687,-2.693476867675781,-0.9259571222412665,1.1376615635709604,0.135762634181849
1708243806.9906778,1.8195932617187498,7.242460021972656,0.4070142822265625,0.5106753452591042,1.3927993893395971,0.09432771835205994,4.158728283691406,2.080561242675781,8.118737829589843,0.215967841029222,1.8750964803487171,0.1517503830550795,-6.801926916503906,6.629544396972656,-2.5450363647460934,-0.8171071986626888,1.0707794807846127,0.05382542120654268
1708243807.0306623,1.5658078857421873,9.689334118652344,1.0582371337890624,0.49069065916756605,1.0309433398421468,0.006261868308681946,4.2497079467773435,3.73495458984375,8.913612780761719,-0.5707626347743289,2.0168545203580277,-0.3952970908906241,-7.244854223632812,6.363788012695312,-2.133233679199219,-0.7067917314373984,0.906372129871559,0.01345635530163567
1708243807.0723655,1.0534487304687499,8.497021691894531,0.93852705078125,0.23195558990245252,0.7659464022683512,-0.11977488530861849,1.9009961181640624,3.1292215698242187,10.196904870605469,-0.6690872903446964,1.3609571228337463,-0.12057427275228003,-7.3549875,6.41646044921875,-1.9536685546875,-0.513206738830699,0.702928025459701,-0.08700000011849597
1708243807.1124964,0.9265560424804687,8.535328918457031,0.9097966308593749,0.2292909650902474,0.6588284848177067,-0.2913767232146259,2.4588451049804685,4.106055847167968,10.412383020019531,-0.5695635536088365,0.815108730053535,-0.12377182252692612,-7.4962453979492185,6.2392895263671875,-1.5131354492187499,-0.47750076634715094,0.5227993881546373,-0.09113016857741385
1708243807.1528232,0.5219359619140624,10.599130749511717,0.7278373046875,0.04436600312321464,0.3064318534035846,-0.18492496196703279,1.7166425903320313,3.976768957519531,11.468225952148437,-0.5971424204151592,0.816174579978417,-0.11631087305275188,-7.594407666015624,6.440402465820312,-1.3096283081054687,-0.2518070447533804,0.3424042883683532,-0.11790964794007493
1708243807.1927073,0.6703764648437499,9.636661682128906,0.43574470214843747,0.2418147017076113,0.2829831550561798,-0.2162343035104425,2.0877438476562498,3.919308117675781,11.21683477783203,-0.21636753475105278,0.15494793282972558,-0.16120980113840752,-7.398083129882812,6.6151791870117185,-1.6711527587890624,-0.1967825423813454,0.18132771847055593,-0.09659264944243427
1708243807.2347956,1.0390835205078124,10.608707556152343,0.6392518432617187,0.0656830016208553,0.11364624824054681,-0.14815313955860265,2.4109610717773435,4.096479040527344,10.09395419921875,-0.35652679987304015,0.20224502324636584,-0.14029249636259766,-7.115567333984375,6.988674645996094,-1.8531120849609375,-0.11018223598468019,0.036771822408430146,-0.05022817771006582
1708243807.2780993,1.5610194824218748,9.545682019042967,0.2537853759765625,0.15934456376986397,0.07274425737319877,-0.17106891294356635,2.4349030883789062,4.4819455078125,10.20887587890625,-0.3348101076535687,0.07047932628282445,-0.1500183769271462,-6.715735656738281,7.101202124023437,-1.7812860351562498,-0.11537825436848011,-0.023182235866184224,-0.022382848422522698
1708243807.3207908,1.5969325073242187,10.029310754394531,-0.09337386474609374,-0.05209341507860938,0.027045941843881597,-0.13522970921940797,2.73896669921875,4.582501977539062,10.196904870605469,-0.42247626397511595,-0.1340306280539157,-0.11084839218773146,-6.49307490234375,6.763619689941406,-2.1906945190429687,-0.15188361429568975,-0.0095926493239383,-0.016653905076281773
1708243807.360798,1.848323681640625,9.686939916992188,0.22026655273437498,-0.002264931090374321,0.027578866806322613,-0.07594180714784488,2.849099975585937,4.601655590820312,9.840168823242188,-0.14282388993419246,-0.015854517632620246,0.03970290970185574,-6.440402465820312,7.108384729003906,-2.059013427734375,-0.11377947948115706,0.08553445647178318,0.013856049023466432
1708243807.4022822,2.059013427734375,9.603142858886718,-0.09576806640624999,0.1020551303074547,0.02717917308449185,-0.11524502312786984,2.806004345703125,4.6830584472656245,8.942343200683593,-0.25580398197168797,-0.03290811643073278,0.03956967846124549,-6.260837341308593,7.216123803710937,-2.4851813232421875,-0.09819142432975732,0.15827871384498196,-0.006928024511733216
