1708244019.6676247,1.2641384765625,9.672574707031249,-0.055066638183593745,0.10791730489430588,0.0033307810152563544,-0.010924961730040842,4.860229370117187,5.355829113769531,8.051700183105469,-0.12896784091072602,0.0255803981971688,-0.0037304747370871167,-7.771578588867187,5.566518859863281,-1.7429788085937499,-0.048895865303963275,-0.006661562030512709,0.022249617181912446
1708244019.695608,1.3407529296874998,9.7683427734375,0.04548983154296875,0.10884992357857766,0.0029310872934255917,-0.006261868308681946,4.841075756835937,5.240907434082031,8.17141026611328,-0.1272358347827927,0.0401026034236865,-0.005995405827461438,-7.783549597167968,5.597643481445312,-1.7525556152343749,-0.04236753451406082,-0.007061255752343471,0.022649310903743208
1708244019.7230644,1.3718775512695311,9.667786303710937,-0.05985504150390625,0.10725114869125461,0.004929555902579405,-0.006128637068071691,4.728548278808593,5.3199160888671875,8.068459594726562,-0.11058192970651096,0.028378254249984136,0.0029310872934255917,-7.81467421875,5.6407391113281244,-1.7645266235351562,-0.041834609551619814,-0.005462480865020421,0.023049004625573973
1708244019.7506008,1.3407529296874998,9.775525378417969,0.02154781494140625,0.10325421147294697,0.000799387443661525,-0.004929555902579405,4.944026428222656,5.398924743652343,7.9846625366210935,-0.11950842282739799,0.041967840792230066,-0.011191424211261349,-7.807491613769531,5.645527514648437,-1.7597382202148437,-0.048895865303963275,-0.006261868308681946,0.022649310903743208
1708244019.7779262,1.3383587280273437,9.739612353515625,-0.040701428222656245,0.11431240444359807,-0.005995405827461438,-0.007727411955394742,4.814739538574218,5.327098693847656,8.195352282714843,-0.11897549786495697,0.03797090357392244,-0.0057289433462409285,-7.812280017089844,5.6383449096679685,-1.7118541870117185,-0.03890352225819422,-0.008793261880276773,0.02464777951289702
1708244019.806172,1.407790576171875,9.725247143554688,-0.009576806640625,0.11044869846590069,-0.0002664624812205083,-0.0074609494741742334,4.872200378417968,5.298368273925781,8.147468249511718,-0.1328315468884234,0.046764165454199216,-0.0037304747370871167,-7.793126403808594,5.6574985229492185,-1.68551796875,-0.03530627876171736,-0.0075941807147844875,0.018785604926045835
1708244019.8337944,1.3718775512695311,9.631873278808593,0.06703764648437499,0.10725114869125461,0.008926493120887028,-0.007194486992953725,4.778826513671874,5.317521887207031,8.176198669433592,-0.12776875974523375,0.03077641658096871,-0.0039969372183076245,-7.750030773925781,5.65031591796875,-1.68551796875,-0.0369050536490404,-0.011591117933092112,0.024114854550456002
1708244019.862257,1.35990654296875,9.78031378173828,0.02154781494140625,0.11471209816542884,0.0011990811654922875,-0.004529862180748642,4.76924970703125,5.315127685546875,8.003816149902343,-0.12683614106096197,0.020650842294589397,-0.012656967857974145,-7.802703210449218,5.655104321289063,-1.7645266235351562,-0.03437366007744557,-0.013189892820415163,0.02424808579106626
1708244019.889653,1.3192051147460937,9.72285294189453,0.02154781494140625,0.11111485466895196,0.0006661562030512709,-0.007727411955394742,4.735730883789063,5.341463903808593,7.979874133300781,-0.12763552850462348,0.02744563556571236,-0.01438897398590745,-7.886500268554687,5.6574985229492185,-1.675941162109375,-0.041035222107958284,-0.013856049023466432,0.02078407353519965
1708244019.9171636,1.350329736328125,9.701305126953125,-0.03591302490234375,0.10005666169830088,-0.0013323124061025418,-0.014122511504686942,4.771643908691406,5.360617517089843,8.24802471923828,-0.12790199098584398,0.0006661562030512709,-0.003464012255866608,-7.807491613769531,5.626373901367187,-1.7884686401367187,-0.04449923436382489,-0.01212404289553313,0.021983154700691936
1708244019.944444,1.3000515014648437,9.785102185058593,0.023942016601562498,0.10685145496942385,-0.0018652373685435584,-0.0127901990985844,4.819527941894531,5.382165332031249,8.116343627929687,-0.1299004595949978,0.015588055151399738,-0.0035972434964768626,-7.8170684204101555,5.671863732910156,-1.7501614135742187,-0.0464977029729787,-0.011591117933092112,0.01958499236970736
1708244019.971795,1.3024457031249999,9.718064538574218,-0.055066638183593745,0.11004900474406994,0.0019984686091538122,-0.013989280264076687,4.8123453369140625,5.2433016357421875,8.137891442871092,-0.12776875974523375,0.04036906590490701,-0.011724349173702367,-7.788338000488281,5.686228942871093,-1.7118541870117185,-0.044765696845045395,-0.013189892820415163,0.018385911204215073
1708244019.9999802,1.369483349609375,9.715670336914062,0.062249243164062495,0.11018223598468019,0.0075941807147844875,-0.015588055151399738,4.69263525390625,5.355829113769531,8.125920434570313,-0.11551148560909036,0.029177641693645662,-0.006661562030512709,-7.702146740722656,5.6574985229492185,-1.7645266235351562,-0.041834609551619814,-0.013589586542245924,0.01572128639200999
1708244020.0272186,1.3575123413085937,9.730035546875,-0.08140285644531249,0.10418683015721876,0.004663093421358896,-0.013323124061025418,4.707000463867187,5.391742138671875,8.049305981445311,-0.12190658515838257,0.02598009191899956,-0.01505513018895872,-7.821856823730468,5.643133312988281,-1.6927005737304686,-0.039969372183076245,-0.010125574286379316,0.020917304775809907
1708244020.0545795,1.2952630981445312,9.718064538574218,0.0718260498046875,0.10698468621003408,-0.0039969372183076245,-0.014522205226517705,4.704606262207031,5.394136340332031,8.28633194580078,-0.1217733539177723,0.012656967857974145,-0.0075941807147844875,-7.824251025390624,5.671863732910156,-1.7717092285156248,-0.04383307816077362,-0.009992343045769061,0.01958499236970736
1708244020.082189,1.3431471313476562,9.68454571533203,0.033518823242187495,0.10658499248820334,0.0013323124061025418,-0.015854517632620246,4.766855505371093,5.384559533691406,8.188169677734374,-0.12337212880509535,0.022915773384963714,-0.008127105677225504,-7.7787611938476555,5.6407391113281244,-1.668758557128906,-0.04276722823589159,-0.009992343045769061,0.02078407353519965
1708244020.1100316,1.2952630981445312,9.727641345214844,0.06703764648437499,0.10192189906684443,0.006528330789902454,-0.014655436467127957,4.735730883789063,5.327098693847656,8.231265307617187,-0.12883460967011579,0.03703828488965066,-0.016120980113840753,-7.785943798828124,5.616797094726562,-1.7190367919921874,-0.049828483988235056,-0.011324655451871604,0.026379785640830326
1708244020.1374862,1.2785036865234374,9.81862100830078,0.031124621582031248,0.09845788681097782,-0.001732006127933304,-0.017986217482384312,4.651933825683593,5.315127685546875,8.13310303955078,-0.11924196034617748,0.03037672285913795,-0.00985911180515881,-7.831433630371094,5.671863732910156,-1.5945383056640625,-0.041967840792230066,-0.014255742745297196,0.03037672285913795
1708244020.1649337,1.2856862915039062,9.79946739501953,0.0718260498046875,0.11204747335322376,-0.0030643185340358454,-0.015854517632620246,4.752490295410156,5.358223315429687,8.12113203125,-0.12736906602340298,0.04716385917602997,-0.023049004625573973,-7.841010437011718,5.7317187744140625,-1.7453730102539062,-0.04543185304809667,-0.011724349173702367,0.03170903526524049
1708244020.1922634,1.3072341064453123,9.849745629882811,-0.0430956298828125,0.10471975511965978,-0.00985911180515881,-0.02105053601642016,4.745307690429687,5.341463903808593,8.157045056152343,-0.14295712117480272,0.07447626350113207,-0.032375191468291764,-7.857769848632812,5.748478186035156,-1.7334020019531249,-0.056090352296917,-0.009459418083328047,0.029577335415476424
1708244020.220495,1.3048399047851562,9.739612353515625,0.00718260498046875,0.1020551303074547,0.0031975497746461,-0.021849923460081685,4.627991809082031,5.2433016357421875,8.224082702636718,-0.11071516094712121,0.05475803989081446,-0.020917304775809907,-7.781155395507812,5.679046337890624,-1.70467158203125,-0.06128637068071692,-0.012523736617363892,0.0334410413931738
1708244020.2478032,1.254561669921875,9.744400756835937,0.0526724365234375,0.10751761117247512,-0.004929555902579405,-0.022382848422522698,4.747701892089843,5.307945080566406,8.188169677734374,-0.08939816244948055,0.08273660041896783,-0.029177641693645662,-7.754819177246094,5.655104321289063,-1.637633935546875,-0.0656830016208553,-0.011591117933092112,0.05076110267250683
1708244020.2751148,1.3048399047851562,9.756371765136718,0.031124621582031248,0.11004900474406994,0.002797856052815337,-0.014655436467127957,4.584896179199219,5.398924743652343,8.29351455078125,-0.08366921910323963,0.05462480865020421,-0.024914241994117528,-7.869740856933594,5.710170959472656,-1.707065783691406,-0.05622358353752725,-0.0014655436467127959,0.06155283316193742
1708244020.3025553,1.20667763671875,9.878476049804688,0.06943184814453125,0.13123277200110037,-0.016653905076281773,-0.010658499248820334,4.707000463867187,5.442020373535156,8.317456567382813,-0.021716692219471426,0.09645941820182401,0.03290811643073278,-7.728482958984374,5.547365246582031,-1.6065093139648436,-0.07341041357625004,-0.023315467106794475,0.0816707504940858
1708244020.3298094,1.3072341064453123,9.746794958496093,0.06703764648437499,0.16414088843183314,0.013589586542245924,0.014655436467127957,4.3263223999023435,5.190629199218749,8.544905725097657,0.04023583466429676,-0.03797090357392244,-0.01971822361031762,-7.706935144042968,5.647921716308593,-1.5586252807617187,-0.013189892820415163,0.010924961730040842,0.09725880564548554
1708244020.3569977,1.2832920898437499,9.775525378417969,0.16759411621093748,0.20011332339660176,-0.01851914244482533,0.020384379813368887,4.333505004882812,5.1140147460937495,8.283937744140625,0.17106891294356635,-0.32135375235193303,0.010658499248820334,-7.843404638671874,5.516240625,-1.707065783691406,0.007061255752343471,-0.01532159267017923,0.09033078113375233
1708244020.3842506,1.0582371337890624,9.871293444824218,0.15562310791015624,0.2683277185890519,-0.028378254249984136,0.036505359927209644,3.967192150878906,6.533776330566406,10.812214697265624,0.30949617193762047,-0.5898147021815952,-0.011457886692481857,-7.955932116699218,5.614402893066406,-1.5849614990234373,0.03757120985209167,-0.03877029101758396,0.09792496184853682
1708244020.4115052,1.177947216796875,10.070012182617187,-0.3112462158203125,0.21730015343532455,-0.04596477801053769,0.041035222107958284,4.319139794921875,5.384559533691406,7.682993127441406,0.3963629408155061,-0.2255604903531603,0.1508177643708077,-7.651868505859374,5.760449194335937,-1.7022773803710936,0.04356661567955311,-0.018785604926045835,0.10471975511965978
1708244020.4396834,1.419761584472656,9.7683427734375,-0.3711012573242187,0.17959571234262262,-0.01212404289553313,0.04170137831100955,4.687846850585937,5.415684155273437,7.893682873535155,0.49921745856662236,-0.35919142468524523,0.27698774922871844,-7.503428002929687,5.870582470703124,-1.6831237670898436,0.03317457891195329,0.017986217482384312,0.11071516094712121
1708244020.46693,1.4820108276367188,9.624690673828125,-0.229843359375,0.19784839230622742,0.03170903526524049,0.044232771882604376,4.319139794921875,4.695029455566406,7.64229169921875,0.7414318539960645,-0.06501684541780403,0.6285849931991792,-7.4794859863281244,6.035782385253906,-1.6927005737304686,0.0039969372183076245,0.03543951000232761,0.10112251162318292
1708244020.4942222,1.5538368774414062,9.519345800781249,-0.181959326171875,0.17519908140248425,0.036505359927209644,0.05635681477813751,4.019864587402344,5.530605834960937,7.381323718261719,0.4938882089422122,-1.134863707518145,0.09779173060792655,-7.682993127441406,5.980715747070312,-1.6352397338867186,-0.036771822408430146,0.036238897445989134,0.09139663105863435
1708244020.5214996,1.2856862915039062,9.627084875488281,-0.277727392578125,0.1557473202733871,0.02717917308449185,0.04769678413847099,7.256825231933593,6.770802294921874,7.184999182128906,0.6645574281639478,-0.15161715181446922,-0.05275957128166065,-7.6614453125,5.724536169433593,-1.649604943847656,-0.05249310880044014,0.05049464019128633,0.09472741207389071
1708244020.5486805,1.3048399047851562,9.670180505371093,0.24181436767578124,0.10458652387904951,-0.01985145485092787,0.031575804024630234,5.6215854980468745,5.963956335449218,7.208941198730468,-0.016787136316892024,-0.23115620245879098,0.11484532940603909,-7.654262707519531,5.899312890625,-1.6519991455078125,-0.014255742745297196,0.03397396635561481,0.10418683015721876
1708244020.5759358,1.2928688964843749,9.574412438964844,0.031124621582031248,0.13389739681330545,-0.008526799399056265,0.028378254249984136,5.082890124511718,5.887341882324218,7.228094812011718,0.25100765730971886,-0.13016692207621833,0.12084073523350053,-7.716511950683593,6.042964990234375,-1.5897499023437498,0.0031975497746461,0.023315467106794475,0.10565237380393155
1708244020.603197,1.4413093994140624,9.751583361816406,-0.17956512451171874,0.15601378275460764,0.031975497746460996,0.012523736617363892,5.212177014160156,5.7700260009765625,7.343016491699219,0.1763981625679765,-0.22529402787193978,0.11084839218773146,-7.785943798828124,6.100425830078125,-1.5562310791015623,-0.02438131703167651,0.021583460978861175,0.10765084241308535
1708244020.6306365,1.209071838378906,9.495403784179686,-0.24660277099609373,0.29990352261368214,0.013589586542245924,-0.013856049023466432,4.908113403320312,5.566518859863281,6.811503723144531,0.4282052073213569,-0.17986217482384312,-0.05515773361264523,-7.735665563964844,5.999869360351562,-1.4628572143554686,-0.04369984692016337,0.010392036767599824,0.07980551312554225
1708244020.658863,1.4053963745117186,9.291896643066405,-0.21068974609375,0.3554609499481581,0.029444104174866172,-0.057822358424850305,5.647921716308593,5.827486840820312,6.45476767578125,0.7202480867390341,-0.21490199110433997,-0.17080245046234582,-7.60398447265625,6.150704064941406,-1.7645266235351562,-0.06435068921475276,0.01985145485092787,0.07794027575699868
1708244020.6862009,1.6328455322265625,9.866505041503906,0.2154781494140625,0.41767993931314684,0.04543185304809667,-0.045298621807486415,6.282385156249999,6.224924316406249,6.030993981933594,0.7692771832836076,-0.07074578876404496,-0.11364624824054681,-7.407659936523437,6.093243225097656,-2.0278888061523435,-0.017186830038722786,0.02691271060327134,0.13323124061025418
1708244020.7134497,1.7980454467773437,10.376469995117187,0.239420166015625,0.29257580438011815,0.003464012255866608,0.0010658499248820332,6.406883642578125,7.264007836914062,6.775590698242187,0.6149954066569332,0.2767212867474979,0.06368453301170149,-7.364564306640625,6.289567761230469,-2.1643583007812497,0.03130934154340973,0.012923430339194655,0.19371822384730955
1708244020.740674,1.8602946899414061,9.756371765136718,-0.2920926025390625,0.2519402759939906,0.04210107203284032,0.0002664624812205083,5.351040710449219,6.452373474121093,6.459556079101562,0.6397764174104406,0.46404441104551525,-0.02531393571594829,-7.4220251464843745,6.528987927246093,-2.0757728393554684,0.02131699849764067,0.021583460978861175,0.215434916066781
1708244020.7678895,1.7166425903320313,9.311050256347656,-0.6967126831054687,0.17173506914661762,-0.0528928025222709,-0.05262634004105039,4.6830584472656245,6.009446166992187,6.102820031738281,0.5662327725935802,-0.07833996947882944,-0.06475038293658353,-7.292738256835937,6.323086584472656,-2.142810485839844,-0.04316692195772235,0.058488514627901576,0.1732006127933304
1708244020.7951138,1.6352397338867186,9.215282189941405,-0.6775590698242188,0.2887120984024208,0.01732006127933304,-0.08207044421591657,5.76523759765625,5.777208605957031,6.040570788574218,0.8509479337776934,-0.01438897398590745,-0.2757886680632261,-7.225700610351562,5.9950809570312495,-2.114080065917969,-0.04223430327345057,0.095926493239383,0.1584119450855922
1708244020.8223727,1.6208745239257811,9.674968908691406,-1.1061211669921875,0.46151301747392043,-0.012523736617363892,-0.09006431865253181,5.0757075195312495,6.8402341430664055,5.746083984375,1.0237488528491931,-0.0021316998497640663,-0.4348667693518696,-7.381323718261719,5.892130285644531,-2.2098481323242187,-0.012523736617363892,0.11857580414312621,0.16067687617596652
1708244020.8495893,1.484405029296875,9.756371765136718,-1.2042834350585936,0.5791562029327749,-0.010791730489430587,-0.07314395109502954,4.979939453125,7.414842541503906,5.437231970214843,0.9621960196872555,-0.10911638605979816,-0.44845635589411553,-7.395688928222656,5.779602807617187,-2.27927998046875,0.04703062793541972,0.10058958666074189,0.14135834628747967
1708244020.8776708,1.3623007446289062,9.87608184814453,-1.149216796875,0.5561071983072009,-0.061952526883768184,-0.032508422708902016,5.322310290527343,8.779537487792968,7.194575988769531,0.54518223657716,0.3117611030279947,-0.40595559013944443,-7.445967163085937,5.925649108886718,-2.003946789550781,0.08286983165957809,0.0863338439154447,0.1293675346325568
1708244020.9049304,1.2952630981445312,10.182539660644531,-1.199495031738281,0.5699632473306674,0.009326186842717792,0.01985145485092787,5.252878442382812,7.960720520019531,4.936843823242187,0.7530229719291565,0.5078774892062888,-0.41155130224507513,-7.268796240234375,6.2584431396484375,-2.0781670410156248,0.10845022985674689,0.09765849936731631,0.1546814703485051
1708244020.932121,1.3814543579101561,10.117896215820313,-1.0630255371093749,0.43806431912651567,0.016387442595061263,0.04769678413847099,4.924872814941406,7.730877160644531,4.96078583984375,0.7017289442942086,0.732238898393957,-0.5531761110137753,-7.295132458496093,6.497863305664062,-1.9297265380859374,0.06515007665841428,0.09219601850229589,0.18532465568886355
1708244020.9592597,1.3838485595703125,10.034099157714843,-1.0079588989257813,0.42114395156901346,0.023315467106794475,0.013989280264076687,4.472368701171875,8.068459594726562,5.058948107910156,0.6662894342918811,0.7081240438435009,-0.49615314003258654,-7.254431030273437,6.548141540527343,-1.9632453613281249,0.008393568158446012,0.0848683002687319,0.20757427287077598
1708244020.9864326,1.3024457031249999,10.149020837402343,-0.7637503295898437,0.30776416580968713,-0.006528330789902454,0.017719755001163805,4.273649963378906,8.729259252929687,5.91846650390625,0.3898346100256037,0.4507212869844898,-0.19718223610317617,-7.192181787109375,5.91846650390625,-2.2481553588867187,0.018119448722994567,0.09872434929219834,0.21277029125457592
1708244021.0136533,1.1085153686523437,10.43871923828125,-0.1388636962890625,0.1217733539177723,-0.10392036767599824,0.09366156214900867,4.525041137695312,9.076418493652342,5.916072302246094,0.07740735079455767,0.757952527831736,0.031975497746460996,-7.259219433593749,5.935225915527344,-2.29843359375,0.18452526824520202,-0.0035972434964768626,0.24114854550456005
1708244021.0408998,1.2641384765625,10.242394702148436,-0.6823474731445313,-0.01971822361031762,-0.22183001561607318,0.17493261892126372,3.775656018066406,7.592013464355468,5.870582470703124,0.22569372159377055,0.6646906594045581,-0.00159877488732305,-7.252036828613281,6.349422802734375,-1.9680337646484374,0.2354196021583191,-0.058488514627901576,0.26246554400220073
1708244021.068056,1.177947216796875,9.797073193359374,-1.5634136840820312,0.06648238906451683,-0.1743996939588227,0.2186324658414271,3.299209887695312,7.505822204589843,5.315127685546875,0.636312405154574,0.28524808614655417,-0.20157886704331454,-7.125144140624999,6.591237170410156,-2.0063409912109376,0.22835834640597563,-0.08806585004337801,0.26259877524281094
1708244021.0964105,1.6136919189453125,9.878476049804688,-1.678335363769531,0.2989709039294104,-0.14029249636259766,0.2632649314458622,3.6655227416992187,8.98304462890625,5.1140147460937495,0.8725313947565545,0.08766615632154724,-0.2621990815209802,-7.074865905761718,6.7803791015625,-2.0877438476562498,0.18905513042595065,-0.062485451846209204,0.2665957124611186
1708244021.1241248,1.7166425903320313,10.342951171874999,-1.5346832641601562,0.3422710571277429,-0.1461546709494488,0.27139203712308774,4.393360046386719,10.541669909667968,4.601655590820312,0.61859265015341,0.16867075061258177,-0.12790199098584398,-7.072471704101562,6.737283471679687,-2.214636535644531,0.13216539068537214,-0.04596477801053769,0.28751301723692846
1708244021.151285,1.7860744384765623,10.864887133789061,-1.1947066284179686,0.050094946469455566,-0.1269693723015722,0.36318836190355286,4.742913488769531,10.687716210937499,4.498704919433593,0.13149923448232087,0.4781669225502022,0.10298774899172647,-7.067683300781249,6.809109521484374,-2.250549560546875,0.11897549786495697,-0.06768147023000912,0.3534624813390043
1708244021.1785533,2.003946789550781,10.678139404296875,-1.649604943847656,-0.11910872910556722,-0.049029096544573526,0.4372649316828542,4.304774584960938,9.74200655517578,4.299986181640625,0.010125574286379316,0.43819755036712593,0.30469984727565125,-6.809109521484374,7.050923889160156,-2.2649147705078123,0.1124471670750545,-0.0877993875621575,0.4143491582978905
1708244021.20581,2.4109610717773435,10.450690246582031,-1.7980454467773437,-0.017453292519943295,0.04036906590490701,0.5104088827778837,4.604049792480469,9.442731347656249,4.496310717773437,0.24834303249751374,0.40475650897395216,0.3963629408155061,-6.643909606933593,7.491456994628906,-2.327164013671875,0.10991577350345969,-0.018252679963604822,0.48696018443047895
1708244021.233029,2.7629087158203123,11.0707884765625,-1.3934253662109375,0.1212404289553313,0.017453292519943295,0.6275191432742971,4.996698864746094,10.17056865234375,4.740519287109374,0.44192802510421303,0.384238897919973,0.5321255749973551,-6.536170532226562,7.723694555664062,-2.4564509033203126,0.09086370609619333,-0.007993874436615249,0.5870168461287798
1708244021.260199,2.9568390502929685,11.571176623535155,-0.9600748657226562,0.011058192970651094,0.05102756515372735,0.7720750393364229,5.604826086425781,11.295843432617186,5.1882349975585935,0.2323552836242833,0.5549081171417086,0.6878728952707422,-6.385335827636719,8.042123376464843,-2.4660277099609376,0.10192189906684443,-0.015854517632620246,0.728108729935039
1708244021.2875516,3.402160559082031,11.875240234375,-0.8212111694335937,-0.15814548260437167,0.08846554376520875,0.9506049017541635,5.6407391113281244,11.257536206054686,5.614402893066406,-0.0039969372183076245,0.5691638598870058,0.8919831558856516,-6.112396838378906,8.616731774902343,-2.288856787109375,0.1269693723015722,-0.03264165394951227,0.9319525280687279
1708244021.315811,3.871424084472656,12.327744348144531,-0.6631938598632812,-0.22729249648109362,0.1805283310268944,1.1523170000380882,5.645527514648437,11.379640490722656,6.064512805175781,-0.10498621760088028,0.4528529868342539,1.075709036687192,-5.932831713867187,9.121908325195312,-2.418143676757812,0.143623277377854,-0.010658499248820334,1.155381318572124
1708244021.343033,4.2137949218749995,12.701239807128905,-0.0718260498046875,-0.3146921903214204,0.19651607990012487,1.3634885164053412,5.9591679321289055,11.532869396972655,6.5601125488281244,-0.26646248122050836,0.2948407354704925,1.2691607980532813,-5.80354482421875,9.188945971679686,-2.6910826660156246,0.18439203700459178,-0.020917304775809907,1.3825405838126075
1708244021.3701675,4.333505004882812,12.619836950683593,0.4572925170898437,-0.48842572807719176,0.21690045971349378,1.5831868321716502,5.9400143188476555,11.180921752929686,6.981492041015625,-0.46297856112063324,0.2777871366723799,1.4334349177257246,-5.616797094726562,9.629479077148437,-2.5354595581054684,0.24834303249751374,-0.05529096485325548,1.6299509976258495
1708244021.3973904,4.513070129394531,12.344503759765624,0.028730419921875,-0.6802787145559578,0.2418147017076113,1.7389341524450372,5.346252307128906,9.725247143554688,6.931213806152344,-0.3869035227321781,0.013189892820415163,1.4734042899088007,-5.547365246582031,9.904812268066406,-2.4444798950195312,0.27139203712308774,-0.06741500774878861,1.8030183791785697
1708244021.4246252,4.5322237426757805,11.743559143066406,0.13646949462890623,-0.5870168461287798,0.23315467106794477,1.856710569144502,5.293579870605469,10.098742602539062,6.742071875,-0.16653905076281772,-0.264730475092575,1.6580627893946132,-5.312733483886719,10.137049829101562,-2.308010400390625,0.34173813216530197,-0.12004134778983899,1.9695574299413872
1708244021.4518566,4.666299035644531,11.61906065673828,0.9193734375,-0.5712955597367698,0.25060796358788806,1.9715558985505413,5.872976672363281,10.376469995117187,6.53138212890625,-0.4114180710044648,-0.08979785617131131,1.6885727434943614,-4.92247861328125,10.364498986816406,-2.1499930908203124,0.36292189942233233,-0.20077947959965303,2.115712100890836
1708244021.479041,4.584896179199219,11.417947717285156,1.0079588989257813,-0.9010428802471488,0.16986983177807405,2.0772082723544725,5.2624552490234375,10.022128149414062,6.4284314575195305,-0.6897381326392857,-0.14775344583677189,1.8337947957595382,-4.721365673828124,10.206481677246094,-2.3247698120117186,0.407820827507988,-0.28138438016885675,2.257070447178316
1708244021.5063798,4.826710546875,10.1131078125,0.8379705810546875,-0.9739203688609579,0.2783200616348209,2.1230398191244,5.102043737792968,8.087613208007811,6.421248852539062,-0.631649311733215,-0.12763552850462348,1.8872205232442503,-4.197035510253906,10.194510668945313,-2.375048046875,0.5157381324022938,-0.33880704487187635,2.361656971057365
1708244021.5346186,5.087678527832031,9.72285294189453,0.5913678100585937,-0.9859111805158808,0.311361409306164,2.1562143980363535,5.389347937011719,7.206546997070312,5.827486840820312,-0.13562940294123874,-0.21436906614189893,1.8913506917031682,-3.83072265625,10.144232434082031,-2.5139117431640625,0.543583461689837,-0.34173813216530197,2.4414624841829076
1708244021.561959,5.149927770996094,9.334992272949219,1.1085153686523437,-0.9182297102858716,0.34706738178971214,2.1484869860809583,5.49708701171875,7.64229169921875,5.6311623046875,0.1133797857593263,-0.05209341507860938,1.9053399719672448,-3.4428619873046875,9.481038574218749,-2.770091320800781,0.6381776425231175,-0.33214548284136364,2.4745038318542507
1708244021.5893297,5.111620544433594,9.023746057128905,1.0917559570312498,-0.9447427271673122,0.20397702937429912,2.2370857610867776,4.9823336547851556,8.142679846191406,5.449202978515625,-0.058488514627901576,-0.1680045944095305,1.9702235861444384,-2.920926025390625,9.318232861328125,-2.817975354003906,0.8029846871580019,-0.42514088878732104,2.5341914276476443
1708244021.6165512,5.166687182617188,9.042899670410156,1.0390835205078124,-1.055724350595654,-0.008127105677225504,2.2537396661630593,5.2816088623046875,7.283161450195312,5.054159704589844,-0.3575926497979222,-0.23728483952686266,2.004597246221884,-2.039859814453125,9.330203869628905,-2.9281086303710935,0.9741868313421784,-0.46870750446687415,2.585085761560762
1708244021.6437175,5.616797094726562,7.9463553100585935,1.180341418457031,-1.1306003078186169,-0.026113323159609816,2.321021442671238,5.3007624755859375,6.868964562988281,4.508281726074219,-0.2703261871982057,-0.13123277200110037,2.175000002962399,-1.7190367919921874,9.299079248046874,-3.114856359863281,1.1719019924077958,-0.34027258851858916,2.5888162362978484
1708244021.670971,5.353434912109375,6.87614716796875,1.4413093994140624,-1.1745666172200007,-0.21836600336020656,2.3444701410186424,4.649539624023437,5.279214660644531,4.091690637207031,-0.28284992381556956,-0.216500765991663,2.25400612864428,-1.7453730102539062,9.090783703613281,-3.612850305175781,1.3016692207621832,-0.5478468613893651,2.530194490429337
1708244021.6983101,5.475539196777343,5.434837768554687,0.8475473876953125,-1.0491960198057515,-0.43966309401383874,2.2959739694365098,5.219359619140625,4.328716601562499,4.034229797363281,-0.45578407412767946,-0.41088514604202386,2.31156202458791,-0.9169792358398436,9.045293872070312,-3.871424084472656,1.3020689144840139,-0.641641654778984,2.4068223616242412
1708244021.7263355,6.102820031738281,4.589684582519531,0.6584054565429687,-0.8237687606932015,-0.6171271065066973,2.1959173077382093,5.813121630859374,1.8698714965820311,2.511517541503906,-0.0074609494741742334,-0.7063920377155676,2.2509418101102443,-0.258573779296875,8.772354882812499,-4.2305543334960936,1.3297810125309468,-0.6950673822636959,2.2798529893226696
1708244021.7559319,7.050923889160156,4.151545678710937,0.8954314208984374,-0.5513108736452318,-0.5920796332719694,2.102788670551641,6.0908490234374995,3.124433166503906,2.4253262817382812,0.04876263406335302,-0.7520903532448847,2.280785608006941,0.603338818359375,9.10993731689453,-4.505887524414062,1.302735070687065,-0.6383108737637277,2.1742006155187377
1708244021.783413,7.740453967285156,3.718195178222656,0.3495534423828125,-0.577157734323621,-0.5898147021815952,1.9995344590786945,6.964732629394531,2.77727392578125,2.5163059448242184,-0.30736447208785633,-0.8244349168962527,2.249875960185362,1.455674609375,9.07163009033203,-4.649539624023437,1.167905055189488,-0.6172603377473076,2.094661564874416
1708244021.8108456,8.058882788085937,3.1603461914062496,0.20829554443359374,-0.6111317006792358,-0.5690306286463955,1.9149326212911832,7.963114721679687,2.221819140625,1.8315642700195311,-0.41981163916291087,-0.7009295568505473,2.173267996834466,1.8171990600585937,8.595183959960938,-4.905719201660156,1.0377381331132698,-0.5690306286463955,2.0141898955458224
1708244021.8381538,8.307879760742187,2.4971523315429685,-0.14604630126953125,-0.8290980103176117,-0.40702144006432645,1.7951577359825646,8.360552197265624,0.718260498046875,1.3287819213867187,-0.5013491584163865,-0.4166140893882647,2.0874670778814624,2.1643583007812497,8.154650854492187,-5.628768103027343,0.9183629415264819,-0.47483614153494585,1.922127108284137
1708244021.8657663,8.719682446289061,1.905784521484375,0.3280056274414062,-0.8388238908821603,-0.39196630987536774,1.7189494663534992,8.511386901855468,1.1180921752929687,1.618480322265625,-0.999633998298737,-0.25740275685901104,1.9395804008040802,2.6791116577148437,7.850587243652344,-5.916072302246094,0.8394900470852115,-0.45818223645866407,1.8805589612137377
1708244021.893523,8.736441857910156,1.1755530151367186,0.040701428222656245,-0.9136998481051232,-0.2717917308449185,1.6242220542796084,8.231265307617187,0.00718260498046875,1.70467158203125,-1.1365957136460785,-0.3105620218625025,1.908537521741891,2.9089550170898435,7.381323718261719,-6.320692382812499,0.7923261879091815,-0.3952970908906241,1.8295313960600101
1708244021.9209096,8.894459167480468,0.7278373046875,0.086191259765625,-0.9346171528809329,-0.23821745821113444,1.5743935702913734,8.497021691894531,-0.565031591796875,1.5969325073242187,-1.217600307937113,-0.3043001535538205,1.8380581954590665,3.210624426269531,7.034164477539062,-6.440402465820312,0.7362358356122646,-0.3410719759622507,1.7643813194015958
1708244021.9480972,8.896853369140624,0.1149216796875,0.2561795776367187,-0.9713889752893632,-0.17133537542478686,1.5309601858524307,9.107543115234375,-1.9632453613281249,1.2473790649414063,-1.159511487031042,-0.053026033762881154,1.7851653929367954,3.555389465332031,6.787561706542968,-6.5577183471679685,0.6694869840665272,-0.3288147018261073,1.7301408905647606
1708244021.9763722,9.090783703613281,-0.7757213378906249,-0.0526724365234375,-1.0040306292388754,-0.10032312417952138,1.4500888228020061,8.264784130859374,-2.3726538452148436,1.8339584716796873,-1.1685712113925393,0.021583460978861175,1.6927029119532793,3.864241479492187,6.440402465820312,-6.586448767089843,0.621124043725005,-0.28817917343997973,1.6651240451469564
1708244022.003589,9.100360510253905,-1.3048399047851562,-0.3184288208007812,-0.9187626352483127,-0.080205206847373,1.3668192974205975,7.941566906738281,-2.8562825805664063,1.8291700683593748,-1.272624810309148,-0.12017457903044926,1.6499356837173877,4.13718046875,5.930437512207031,-6.79953271484375,0.544116386652278,-0.20997243520176057,1.5801225136376145
1708244022.0313783,8.999804040527343,-0.7972691528320313,0.02154781494140625,-0.9066385923527795,-0.031575804024630234,1.325117919109588,8.169016064453125,-3.536235852050781,1.7764976318359373,-1.1992143967328979,-0.14921898948348467,1.4444931106963756,4.458003491210937,5.358223315429687,-6.789955908203124,0.47110566679785876,-0.1865237368543558,1.5528101093125124
1708244022.0594175,8.750807067871094,-1.4221557861328125,0.19632453613281248,-0.8614732017859035,0.009059724361497283,1.2927427276412962,8.070853796386718,-3.42849677734375,1.5131354492187499,-1.0072281790135216,0.037171516130260915,1.425307812048499,4.223371728515625,5.204994409179688,-6.883329772949218,0.4247411950654903,-0.2186324658414271,1.4945880571658312
1708244022.0872762,8.32463917236328,-1.936909143066406,-0.08140285644531249,-1.0278790213081108,0.011058192970651094,1.2116049021096513,7.232883215332031,-3.9049429077148434,1.5610194824218748,-1.1681715176707086,0.03823736605514295,1.4985849943841387,3.9815573608398434,4.989516259765625,-6.909665991210937,0.3068315471254154,-0.28444869870289263,1.4307702929135195
1708244022.1152885,8.078036401367187,-2.4564509033203126,0.04548983154296875,-1.0241485465710238,-0.018918836166656093,1.1138131715017248,6.986280444335937,-5.327098693847656,1.8650830932617186,-1.1428575819547602,0.0073277182335639785,1.3224532942973828,4.125209460449218,4.560954162597656,-7.225700610351562,0.3386738136312661,-0.3805084231828859,1.3588254229839822
1708244022.1428766,8.451531860351562,-3.071760729980469,0.009576806640625,-0.7085237375653316,-0.03903675349880447,1.0214839217588187,7.651868505859374,-6.212953308105468,1.956062756347656,-0.7366355293340953,-0.023049004625573973,1.18482542274699,4.747701892089843,4.209006518554688,-7.400477331542969,0.3542618687826658,-0.40209188416174707,1.268094948128399
1708244022.1701336,8.710105639648438,-3.421314172363281,0.00239420166015625,-0.4760352227004381,-0.02011791733214838,0.9769846873949938,7.3669585083007805,-5.463568188476562,2.099714855957031,-0.4888254217990225,-0.062485451846209204,1.0586554378890796,5.149927770996094,4.158728283691406,-7.841010437011718,0.3245513021265791,-0.3521301689329018,1.155381318572124
1708244022.1984377,8.633491186523438,-3.5960908935546874,0.229843359375,-0.4798989286781355,-0.15414854538606407,0.9478070457013481,7.295132458496093,-5.023035083007812,2.061407629394531,-0.6889387451956244,0.014921898948348467,1.1684379801519291,5.236119030761718,3.744531396484375,-8.17141026611328,0.3234854522016971,-0.30869678449395893,1.062519143866777
1708244022.2257528,8.825027319335938,-3.8953661010742184,0.23702596435546874,-0.6581623286146555,-0.1269693723015722,0.8750627883281493,7.48906279296875,-6.725312463378906,2.142810485839844,-0.7018621755348189,-0.08380245034384987,1.0281454837893313,5.566518859863281,3.632003918457031,-8.2360537109375,0.3298805517509893,-0.343869832015066,1.0049632479231472
1708244022.2528772,8.990227233886719,-4.608838195800781,-0.36152445068359373,-0.3898346100256037,-0.09259571222412663,0.8653369077636008,7.127538342285156,-6.943184814453125,2.1021090576171875,-0.4003598780338138,-0.27165849960430827,1.0859678422141816,5.772420202636718,3.1842882080078123,-8.415618835449218,0.32002143994583054,-0.2887120984024208,0.9400796337459534
1708244022.2805855,8.949525805664061,-4.8698061767578125,-0.09816226806640624,-0.1746661564400432,-0.15095099561141798,0.8478836152436575,7.465120776367187,-6.361393811035156,1.458068811035156,-0.44779019969106426,-0.2637978564083033,0.9820474745381835,5.7149593627929685,2.913743420410156,-8.449137658691406,0.3261500770139022,-0.28018529900336453,0.9001102615628772
1708244022.3083663,8.82263311767578,-4.726154077148437,-0.24181436767578124,-0.33107963291648157,-0.10445329263843926,0.8289647790770014,7.558494641113281,-6.610390783691406,0.97683427734375,-0.6392434924479995,-0.10365390519477774,0.9831133244630654,5.911283898925781,2.8275521606445313,-8.40125362548828,0.33267840780380464,-0.273656968213462,0.8710658511098417
1708244022.335798,8.734047656249999,-5.523423229980469,-0.6631938598632812,-0.4970857587168583,-0.03757120985209167,0.7743399704267973,6.3709706176757805,-7.726088757324218,1.3000515014648437,-0.6183261876721895,-0.10432006139782901,0.9741868313421784,5.91846650390625,2.4157494750976563,-8.494627490234375,0.2580689130620623,-0.2090398165174888,0.8128437989631607
1708244022.363178,8.429984045410155,-5.971138940429687,-1.0654197387695312,-0.22942419633085767,-0.00985911180515881,0.7447626350113208,6.217741711425781,-8.425195642089843,0.8068459594726562,-0.32281929599864584,-0.16933690681563304,0.9284885158128613,5.566518859863281,1.7334020019531249,-8.475473876953124,0.24114854550456005,-0.12337212880509535,0.6780137834655834
1708244022.390527,7.560888842773437,-6.246472131347656,-1.1444283935546875,-0.056090352296917,0.0860673814342242,0.6922695262108807,5.588066674804687,-7.879317663574218,0.28730419921875,-0.26872741231088265,-0.024514548272286763,0.7828667698258536,5.035006091308594,1.0486603271484374,-8.281543542480469,0.2511408885503291,-0.08819908128398825,0.49455436514526346
1708244022.4186583,6.813897924804687,-6.265625744628906,-1.2282254516601563,-0.2220964780972937,0.05635681477813751,0.6244548247402613,4.695029455566406,-7.189787585449218,0.5315127685546874,-0.5209341507860937,0.06448392045536301,0.8181730485875709,4.984727856445312,0.5410895751953124,-8.0828248046875,0.2095727414799298,-0.10964931102223918,0.32042113366766123
1708244022.4458046,6.380547424316406,-6.579266162109374,-0.8906430175781249,-0.42940428848684914,0.07740735079455767,0.5557075045853701,4.367023828124999,-8.039729174804688,0.9002198242187499,-0.6516339978247531,0.16640581952220743,0.8173736611439093,5.011064074707031,0.2059013427734375,-7.994239343261718,0.28125114892824654,-0.14269065869358222,0.15508116407033584
1708244022.4728615,6.1842228881835934,-6.677428430175781,-0.3016694091796875,-0.40981929611714185,-0.036505359927209644,0.4881592655959712,4.192247106933594,-8.410830432128906,2.319981408691406,-0.6016722825959079,0.09819142432975732,0.6624257283141838,5.427655163574219,0.612915625,-8.365340600585936,0.38970137878499345,-0.26033384415243666,0.06834762643306039
1708244022.5004227,6.864176159667968,-6.845022546386718,0.38786066894531246,-0.2586018380245033,-0.1444226648215155,0.4540520679997462,4.620809204101562,-8.125920434570313,3.1675287963867187,-0.5145390512368017,-0.050361408950676076,0.6219234311686664,6.277596752929687,0.8762778076171874,-8.726865051269531,0.4127503834105674,-0.2665957124611186,0.04356661567955311
1708244022.5279114,7.56567724609375,-6.545747338867187,0.7134720947265625,-0.08793261880276775,-0.2526064321970419,0.479632466196915,4.910507604980468,-7.979874133300781,3.4644098022460934,-0.38503828536363455,-0.34293721333079424,0.7003966318881061,6.246472131347656,1.0606313354492187,-9.334992272949219,0.5120076576652067,-0.27245788704796975,0.02691271060327134
1708244022.5553396,7.915230688476562,-6.236895324707031,0.8978256225585937,0.07061255752343472,-0.4413951001417721,0.5358560497344422,5.8610056640625,-8.176198669433592,3.1220389648437497,-0.23848392069235497,-0.44206125634482335,0.7047932628282445,5.868188269042968,1.7357962036132812,-9.380482104492186,0.649502297974989,-0.32108728987071256,0.025047473234727783
1708244022.5827568,8.358157995605469,-6.167463476562499,0.3950432739257812,0.10658499248820334,-0.5723614096616519,0.5395865244715293,6.119579443359375,-8.453926062011718,2.3319524169921872,-0.17413323147760218,-0.5726278721428724,0.640575804854102,6.098031628417968,2.291250988769531,-9.057264880371093,0.6780137834655834,-0.3503981628049685,0.025180704475338038
1708244022.610119,8.578424548339843,-6.289567761230469,0.0143652099609375,0.10605206752576231,-0.5826202151886415,0.5117411951839862,6.452373474121093,-8.422801440429687,1.3910311645507811,-0.22169678437546292,-0.5782235842485031,0.5234655443576887,6.1842228881835934,2.712630480957031,-8.89924757080078,0.6307166930489432,-0.3490658503988659,0.05649004601874777
1708244022.6386235,8.923189587402343,-6.385335827636719,-0.6200982299804687,0.004929555902579405,-0.5603705980067291,0.4423277188260438,6.904877587890625,-8.808267907714843,0.34237083740234375,-0.42620673871220305,-0.4716385917602997,0.45271975559364364,6.153098266601562,2.834734765625,-8.805873706054687,0.5014823896569967,-0.2991041351700206,0.06261868308681946
1708244022.6659713,9.085995300292968,-6.349422802734375,-1.4867992309570313,0.06062021447766565,-0.3706493113777271,0.35506125622632734,7.1395093505859375,-9.291896643066405,-0.6392518432617187,-0.2789862178378722,-0.31735681513362546,0.3156248090056921,6.251260534667968,2.8898014038085935,-8.693346228027343,0.34453598821811726,-0.24034915806089852,0.11884226662434672
1708244022.6933398,9.325415466308593,-6.270414147949219,-1.5155296508789062,0.06341807053048099,-0.19851454850927872,0.2717917308449185,7.357381701660156,-8.80347950439453,-1.1731588134765625,-0.18172741219238667,-0.017186830038722786,0.24581163892591892,6.256048937988281,2.8514941772460936,-8.82263311767578,0.17999540606445338,-0.17733078125224827,0.17679785628980726
1708244022.7207155,9.327809667968749,-5.971138940429687,-1.7980454467773437,-0.09206278726168562,0.0013323124061025418,0.2137029099388477,7.350199096679687,-8.530540515136718,-1.22583125,-0.2856477798683849,0.2419479329482216,0.11404594196237756,6.016628771972656,2.8203695556640622,-9.018957653808593,0.02531393571594829,-0.11457886692481858,0.22369525298461676
1708244022.7479424,9.107543115234375,-6.299144567871093,-1.879448303222656,-0.19371822384730955,0.2323552836242833,0.14175804000931044,6.89530078125,-8.963891015625,-0.8738836059570312,-0.2923093418988976,0.43952986277322853,0.03077641658096871,5.849034655761718,2.319981408691406,-9.184157568359375,-0.12283920384265434,-0.040768759626737774,0.23715160828625242
1708244022.7752047,8.808267907714843,-6.5960255737304685,-1.7381904052734374,-0.21956508452569887,0.3998269530713727,0.0941944871114497,6.622361791992187,-8.980650427246093,-0.201112939453125,-0.24860949497873427,0.5686309349245648,-0.020917304775809907,5.6215854980468745,1.8315642700195311,-9.488221179199218,-0.20744104163016572,0.0287779479718149,0.23875038317357547
1708244022.8024287,8.463502868652343,-6.785167504882812,-1.1563994018554686,-0.1807947935081149,0.4272725886370851,0.07953905064432175,6.1626750732421876,-7.876923461914062,0.7134720947265625,-0.42194333901267495,0.648436448050107,0.027578866806322613,5.66946953125,1.47482822265625,-9.952696301269532,-0.21170444132969385,0.06235222060559895,0.23382082727099607
1708244022.8296874,8.310273962402343,-6.655880615234374,-0.5889736083984375,-0.40795405874859825,0.4226094952157262,0.08420214406568063,5.734112976074218,-8.20971749267578,1.5897499023437498,-0.6183261876721895,0.6279188369961279,0.10938284854101867,5.738901379394531,1.01514150390625,-10.096348400878906,-0.17080245046234582,0.07234456365136802,0.22036447196936038
1708244022.857935,8.192958081054687,-6.734889270019531,-0.8044517578125,-0.3233522209610869,0.38303981675448073,0.14229096497175145,5.248090039062499,-8.635885388183594,1.8818425048828125,-0.3798422669798346,0.36332159314416307,0.22769219020292436,5.6574985229492185,0.8714894042968749,-10.081983190917969,-0.03863705977697371,0.0688805513955014,0.22169678437546292
1708244022.8851764,8.267178332519531,-6.957550024414062,-1.0390835205078124,-0.1008560491419624,0.26619601873928783,0.2267595715186526,5.279214660644531,-6.9719152343749995,1.1420341918945311,-0.4894915780020738,0.13069984703865933,0.46630934213588954,5.7700260009765625,0.7852981445312499,-9.983820922851562,0.023182235866184224,0.11071516094712121,0.23035681501512945
1708244022.9124725,7.900865478515625,-6.399701037597656,-1.13006318359375,-0.5126738138682579,0.23248851486489353,0.2808514552064158,5.6383449096679685,-7.448361364746093,0.06943184814453125,-1.1159448713514888,0.21490199110433997,0.5559739670665906,5.5832782714843745,0.8188169677734375,-9.682151513671874,0.058754977109122086,0.12683614106096197,0.22143032189424242
1708244022.939706,7.764395983886718,-7.244854223632812,-1.3814543579101561,-0.6451056670348507,0.3049663097568718,0.2848483924247234,4.903325,-9.801861596679688,0.47884033203125,-1.0418683015721875,0.14402297109968476,0.5633016853001547,5.76523759765625,0.8044517578125,-9.694122521972655,0.0877993875621575,0.1476202145961616,0.18519142444825326
1708244022.9669294,7.769184387207031,-7.64229169921875,-1.3000515014648437,-0.2295574275714679,0.19931393595294022,0.2959065853953745,5.061342309570312,-10.441113439941406,0.5482721801757812,-0.49415467142343267,0.04263399699528134,0.48176416604667904,5.971138940429687,1.0965443603515623,-9.440337145996093,0.1215068914365518,0.21836600336020656,0.16081010741657678
1708244022.9941003,7.972691528320312,-7.575254052734374,-0.74699091796875,0.03264165394951227,0.09672588068304452,0.26153292531792893,5.4899044067382805,-10.199299072265624,0.7230489013671875,-0.28165084265007734,0.06275191432742971,0.36532006175331694,6.512228515625,1.6927005737304686,-9.572018237304688,0.08060490056920376,0.21876569708203733,0.19225268020059677
1708244023.02139,8.614337573242187,-7.747636572265624,-0.6177040283203125,0.08713323135910622,0.1325650844072029,0.19718223610317617,6.002263562011718,-10.59194814453125,0.7900865478515624,-0.10645176124759308,0.0877993875621575,0.3198882087052203,6.9527616210937495,1.9225439331054686,-9.648632690429688,-0.02744563556571236,0.3168238901711844,0.25060796358788806
1708244023.0486608,8.93755479736328,-7.663839514160156,-0.4477157104492187,0.13816079651283356,0.18359264956093024,0.13203215944476188,6.471527087402343,-10.172962854003906,0.8858546142578124,0.0019984686091538122,0.1724012253496689,0.25833537554328284,6.962338427734375,2.195482922363281,-9.919177478027343,-0.12830168470767475,0.4894915780020738,0.3027013786664975
1708244023.0770094,9.318232861328125,-7.539341027832031,0.09337386474609374,0.13469678425696696,0.12923430339194653,0.07261102613258852,6.754042883300781,-10.381258398437499,1.429338391113281,-0.04263399699528134,0.22835834640597563,0.11671056677458265,7.4220251464843745,2.214636535644531,-10.345345373535155,-0.1508177643708077,0.5664992350748007,0.42007810164413134
1708244023.1045043,10.01733974609375,-7.723694555664062,-0.040701428222656245,0.1508177643708077,0.0927289434647369,0.06488361417719378,7.187393383789062,-10.656591589355468,1.6136919189453125,0.11324655451871604,0.19638284865951464,0.09366156214900867,7.64229169921875,2.2601263671875,-10.527304699707031,-0.1340306280539157,0.7495589596732899,0.4990842273260121
1708244023.1325958,9.83777462158203,-7.953537915039062,0.01915361328125,0.2747228181383441,0.06608269534268607,0.05675650849996827,5.691017346191406,-9.981426721191406,2.2385785522460937,0.2147687598637297,-0.04876263406335302,0.23128943369940122,7.259219433593749,2.152387292480469,-9.995791931152343,-0.050361408950676076,0.8031179183986121,0.5338575811252885
1708244023.1598482,9.337386474609374,-7.141903552246093,-0.5578489868164063,0.4825635534903406,-0.09526033703633173,0.07034609504221419,6.411672045898437,-9.991003527832031,1.120486376953125,0.44485911239763865,-0.30310107238832823,0.18705666181679687,7.127538342285156,1.85790048828125,-9.718064538574218,-0.029177641693645662,0.8835895877272055,0.5807549778200979
1708244023.1869848,9.22485899658203,-6.909665991210937,-0.814028564453125,0.42793874484013633,-0.03264165394951227,0.06661562030512709,6.148309863281249,-8.336610180664062,-0.13407529296874998,0.04729709041664023,-0.18385911204215075,0.18239356839543794,6.969521032714844,1.714248388671875,-8.954314208984375,-0.06395099549292199,0.9256906597600458,0.5505114862015702
1708244023.2296484,8.547299926757812,-6.976703637695312,-1.158793603515625,-0.08380245034384987,-0.03903675349880447,-0.059021439590342596,6.347028601074219,-9.516951599121093,-0.181959326171875,-0.6938683010982037,0.2848483924247234,0.022382848422522698,7.285555651855469,1.7549498168945312,-8.834604125976561,-0.23728483952686266,1.0334747334137415,0.5058790205971351
1708244023.272985,8.916006982421875,-8.106766821289062,-1.675941162109375,-0.16440735091305364,0.10618529876637257,-0.28018529900336453,4.422090466308593,-11.724405529785155,1.3479355346679687,0.10511944884149053,-0.14428943358090526,-0.10765084241308535,7.570465649414062,1.0127473022460938,-8.94473740234375,-0.37278101122749113,1.2110719771472103,0.4988177648447916
1708244023.3158605,8.588001354980468,-7.321468676757812,-0.35194764404296874,0.18492496196703279,-0.11711026049641342,-0.37904287953617305,5.5090580200195305,-8.690952026367187,0.7685387329101562,-0.5243981630419604,-0.1628085760257306,-0.25527105700924696,7.285555651855469,0.9145850341796874,-8.781931689453124,-0.0415681470703993,1.2282588071859333,0.48522817830254567
1708244023.355839,8.437166650390624,-7.264007836914062,-0.5458779785156249,-0.4517871369093719,-0.327082695698174,-0.5815543652637594,4.3239281982421875,-9.428366137695312,2.1691467041015624,-1.0880995420639457,-0.28031853024397474,-0.28591424234960544,7.867346655273437,0.47165772705078124,-8.312668164062499,0.09512710579572148,1.2351868316976664,0.5094762640936119
1708244023.3956993,8.939948999023438,-7.3837179199218745,-1.0031704956054688,-0.17746401249285856,-0.7086569688059419,-0.7796692200512074,5.652710119628906,-10.955866796875,0.8978256225585937,-0.7010627880911574,-0.7222465553481878,-0.5045467081910325,7.580042456054687,-0.0430956298828125,-7.991845141601562,0.09366156214900867,1.2054762650415796,0.2747228181383441
1708244023.435616,7.7596075805664055,-6.117185241699218,-1.5682020874023437,-0.2496753449036163,-0.8512143962589139,-0.8893185310734466,3.430890979003906,-6.0716954101562495,-0.45010991210937495,-0.9647274132588505,-0.6201914250407331,-0.36079019957256825,7.419630944824219,-0.21308394775390624,-6.023811376953125,0.25726952561840083,1.0884992357857766,0.38610413528851656
1708244023.4756098,7.307103466796875,-5.008669873046875,-3.0214824951171875,-0.5325252687191859,-0.8700000011849597,-1.1167442587951504,4.441244079589843,-10.000580334472655,-2.3127988037109373,-1.115012252667217,-0.4877595718741405,-1.0894318544700483,6.8210805297851556,-0.33518823242187495,-4.074931225585937,-0.15095099561141798,1.0290781024736033,0.2757886680632261
1708244023.515619,5.403713146972656,-5.190629199218749,-3.833116857910156,0.34720061303032235,-0.5779571217672825,-1.1219402771789502,2.8610709838867185,-6.579266162109374,-2.0829554443359375,0.41728024559131605,-0.5290612564633193,-1.0682480872130178,6.940790612792968,-2.032677209472656,-3.864241479492187,-0.01985145485092787,0.828698316595781,0.25060796358788806
1708244023.5556383,6.086060620117187,-3.821145849609375,-2.04943662109375,0.2147687598637297,-0.5692970911276161,-0.9636615633339684,5.949591125488281,-3.0334535034179684,-2.559401574707031,-0.7804686074948689,0.22596018407499108,-0.9684578879959376,7.596801867675781,-1.388636962890625,-3.0885201416015624,-0.19918070471232996,0.5711623284961596,0.30363399735076924
1708244023.5956342,7.240065820312499,-4.5968671875,-3.4931402221679684,-0.557705973194524,-0.02971056665608668,-0.8707993886286213,4.405331054687499,-7.127538342285156,-1.687912170410156,-0.3505313940455787,0.19025421159144296,-0.6168606440254767,8.054094384765625,-1.189918225097656,-4.7931917236328125,-0.1584119450855922,0.41408269581666995,0.22596018407499108
1708244023.636948,8.092401611328125,-3.9935283691406247,-1.8938135131835936,-0.5656998476311391,-0.12736906602340298,-0.7955237376838277,4.6064439941406246,-6.871358764648437,-0.34237083740234375,-0.6453721295160711,0.19744869858439668,-0.738633997943249,8.377311608886718,-0.9145850341796874,-3.8091748413085935,-0.1488192957616539,-0.1087166923379674,0.2467442576101907
1708244023.6767726,8.269572534179687,-4.012681982421875,-1.9225439331054686,-0.33694180750333275,-0.2677947936266109,-0.6616263408705222,6.7037646484375,-6.533776330566406,-0.5027823486328125,-0.40848698371103925,0.3694502302122348,-0.6187258813940204,8.875305554199219,-1.3814543579101561,-3.9624037475585934,-0.10138897410440342,0.018252679963604822,0.2440796327979856
1708244023.7168448,8.334215979003906,-3.6463691284179687,-1.7621324218749999,-0.8749295570875391,-0.2825834613343491,-0.6664226655324913,6.787561706542968,-5.552153649902343,-1.0582371337890624,-1.662725882815972,0.6834762643306039,-0.9254241972788254,8.805873706054687,-0.584185205078125,-3.9983167724609374,-0.3048330785162615,-0.37424655487420394,0.25846860678389305
1708244023.7566473,8.674192614746094,-4.5322237426757805,-3.1292215698242187,-1.33670903704268,-0.15414854538606407,-0.8652036765229906,6.074089611816406,-9.988609326171874,-1.005564697265625,-0.9179632478046512,0.776338439035951,-1.2174670766965026,8.315062365722655,-1.9033903198242186,-3.6583401367187496,-0.5330581936816269,-0.12656967857974144,0.008526799399056265
1708244023.7964597,7.8170684204101555,-4.572925170898437,-2.27927998046875,-1.082503829958315,-0.20211179200575555,-0.9362159277682559,5.272032055664062,-3.9504327392578125,-1.2808978881835937,-1.8689678432806454,0.9296875969783536,-1.4286385930637553,8.700528833007812,-1.8626888916015625,-4.019864587402344,-0.9943047486743268,-0.6181929564315793,-0.06941347635794241
1708244023.8362849,8.336610180664062,-3.766079211425781,-4.019864587402344,-1.05878866912969,-0.12710260354218247,-0.8620061267483444,5.4779333984375,-6.148309863281249,-0.44532150878906246,-0.8577427270488163,0.32894793306671755,-1.0084272601790139,8.552088330078124,-4.177881896972656,-2.8850130004882812,-0.2351531396770986,-0.16294180726634083,-0.22369525298461676
1708244023.8774183,8.195352282714843,-2.6599580444335937,-3.689464758300781,0.05968759579339387,0.049695252747624805,-0.2113047476078631,6.739677673339843,-2.959233251953125,-1.8459294799804686,-0.3805084231828859,0.1566799389576589,-0.1392266464377156,8.501810095214843,-3.5793314819335937,-2.7461493041992187,0.1458882084682283,0.2592679942275546,-0.26632924997989804
1708244023.9184039,8.29351455078125,-2.8610709838867185,-3.83072265625,0.09632618696121377,0.2380842269705242,0.31695712141179466,7.388506323242187,-5.078101721191406,-2.4301146850585935,-0.25007503862544705,0.439796325254449,0.3101623281406717,8.643067993164061,-1.8842367065429686,-3.4644098022460934,0.15827871384498196,0.3401393572779789,-0.3052327722380923
1708244023.9597123,8.508992700195313,-3.277662072753906,-4.053383410644531,0.10658499248820334,0.4866937219492585,0.4922894340548891,6.921636999511718,-5.9950809570312495,-1.707065783691406,-0.007993874436615249,0.43939663153261826,0.42967075096806967,8.738836059570312,-2.099714855957031,-4.110844250488281,0.2619326190397597,0.3284150081042765,-0.4699065856323664
1708244024.0011363,8.66940421142578,-3.2130186279296873,-4.2880151733398435,0.5245313942825707,0.624321593499651,0.7230459427918493,6.983886242675781,-5.240907434082031,-1.7262193969726563,0.4700398168729767,0.2287580401278064,0.7031944879409215,8.846575134277343,-1.9847931762695312,-4.678270043945313,0.10045635542013163,0.2598009191899956,-0.4772343038659304
1708244024.042003,7.800309008789062,-2.760514514160156,-3.9336733276367184,1.0511944884149054,0.6046033698893334,1.0455987763092747,6.4667386840820305,-3.8857892944335934,-1.5777788940429687,0.9291546720159125,0.049828483988235056,1.055191425633213,8.434772448730468,-1.9033903198242186,-4.874594580078124,0.4727044416851818,-0.06914701387672191,-0.48696018443047895
1708244024.0817766,7.821856823730468,-2.96881005859375,-3.73495458984375,1.113413477779894,0.5948774893247849,1.281151609708204,6.643909606933593,-5.279214660644531,-1.9728221679687499,0.926223584722487,0.12537059741424916,1.1483200628197807,8.506598498535157,-1.149216796875,-4.927267016601562,0.43806431912651567,-0.41781317055375705,-0.46084686127086916
1708244024.1226285,7.431601953125,-3.6008792968749996,-3.718195178222656,0.9816477808163526,0.7201148554984238,1.3704165409170743,6.074089611816406,-5.166687182617188,-2.1308394775390624,0.7033277191815317,0.3130934154340973,1.0978254226284943,8.092401611328125,0.16280571289062498,-5.540182641601562,0.5201347633424322,-0.5843522213165748,-0.4934885152203814
1708244024.1624322,8.295908752441406,-4.936843823242187,-2.8467057739257813,0.5410520681182421,0.6993307819632242,1.1814946417317338,6.423643054199219,-8.078036401367187,-1.2713210815429687,0.24101531426394976,0.7566202154256334,0.9861776429971013,8.307879760742187,0.28490999755859375,-5.7317187744140625,0.40369065904907014,-0.5940781018811233,-0.6554977038024505
1708244024.2022176,7.275978845214843,-5.418078356933593,-2.7820623291015623,0.6533660039526864,0.837624809716668,1.0433338452189005,5.032611889648437,-7.314286071777343,0.19871873779296872,0.7750061266298485,0.5479800926299754,0.767944870877505,7.580042456054687,-0.3136404174804687,-5.9783215454101555,0.40369065904907014,-0.5680980099621237,-0.9282220533316408
1708244024.2430837,7.247248425292969,-5.384559533691406,-0.7757213378906249,0.8396232783258217,0.5148055137180221,0.9311531406250664,4.984727856445312,-7.762001782226562,1.7693150268554687,0.40715467130493677,0.4348667693518696,0.7992542124209148,7.285555651855469,1.2761094848632812,-5.681440539550781,0.5425176117649549,-0.8987779491567746,-0.9091699859243745
1708244024.2846754,7.539341027832031,-6.299144567871093,-1.1540052001953125,0.9279555908504203,0.5152052074398529,0.6690872903446964,5.626373901367187,-9.871293444824218,0.5195417602539062,1.0974257289066636,0.1377611027910028,0.504280245709812,7.809885815429687,2.4875755249023435,-5.0014872680664055,0.08739969384032674,-0.7439632475676592,-0.87013323242557
1708244024.3229852,7.987056738281249,-5.767631799316406,-0.3232172241210937,0.7764716702765613,0.6235222060559894,0.3334777952474662,7.3286512817382805,-5.6407391113281244,-0.055066638183593745,0.18439203700459178,0.7723415018176435,0.08153751925347555,7.398083129882812,3.4715924072265625,-5.042188696289062,0.10591883628515206,-0.8474839215218268,-0.8257672293023552
1708244024.359863,9.105148913574219,-5.810727429199218,-0.1771709228515625,-0.3871699852133986,0.9342174591591021,-0.07767381327577817,6.9168485961914055,-9.753977563476562,0.9265560424804687,-0.6443062795911891,1.1094165405615866,-0.2368851458050319,8.250418920898436,3.8091748413085935,-5.925649108886718,-0.5076110267250684,-0.83869065964155,-0.7166508432425572
1708244024.3970344,8.12113203125,-5.655104321289063,-0.229843359375,-0.10898315481918791,1.2098728959817182,-0.19398468632853008,5.748478186035156,-7.7787611938476555,2.2649147705078123,0.2586018380245033,1.1094165405615866,-0.4441929561945874,6.526593725585937,1.8770541015625,-7.560888842773437,-0.34773353799276335,-0.7582189903129564,-1.0799724363867202
1708244024.436833,8.643067993164061,-6.069301208496094,-0.30885201416015623,0.4500551307814386,0.852813171146237,-0.30776416580968713,6.880935571289062,-7.939172705078125,2.2026655273437497,0.10991577350345969,0.7699433394866588,-0.30150229750100516,7.958326318359375,3.2130186279296873,-8.231265307617187,-0.4736370603694536,-0.7246447176791724,-0.9825803995006245
1708244024.4766395,9.311050256347656,-5.473144995117187,0.6703764648437499,0.2919096481770669,0.9235589599102818,-0.4031577340866291,6.782773303222656,-8.544905725097657,3.1459809814453124,0.30363399735076924,0.8416217469349755,-0.7089234312871624,6.430825659179687,1.7405846069335937,-8.501810095214843,-0.2539387446031444,-0.37144869882138865,-1.2864808593326142
1708244024.5169864,7.769184387207031,-5.284003063964843,0.4955997436523437,0.9861776429971013,0.46870750446687415,-0.29164318569584635,6.098031628417968,-6.205770703124999,4.129997863769531,1.0376049018726594,0.23781776448930367,-0.4310030633741722,6.8593877563476555,3.1316157714843746,-8.300697155761718,0.11910872910556722,-0.8043169995641044,-1.2850153156859014
1708244024.5569685,8.959102612304687,-4.333505004882812,1.9512743530273435,0.9848453305909988,0.19398468632853008,-0.2130367537357964,7.632714892578124,-4.328716601562499,3.8283284545898435,0.13296477812903365,0.29417457926744117,-0.41634762690704424,5.851428857421874,2.5426421630859375,-8.1594392578125,0.3241516084047483,-0.6954670759855267,-1.2495758056835737
1708244024.5984206,8.0828248046875,-4.2688615600585935,1.455674609375,0.5196018383799912,-0.00479632466196915,-0.1229724350832646,6.009446166992187,-7.3549875,4.548983154296875,0.3805084231828859,-0.16933690681563304,-0.055690658575086247,6.847416748046874,4.819527941894531,-8.207323291015625,0.192385911441207,-0.721313936663916,-1.1090168468397557
1708244024.6381965,9.782707983398437,-5.49708701171875,1.3527239379882812,1.1115482404113506,-0.05342572748471192,-0.04876263406335302,8.52335791015625,-6.636727001953124,3.450044592285156,0.8783935693434056,-0.16494027587549465,0.008526799399056265,5.781997009277344,4.460397692871093,-8.29351455078125,0.11910872910556722,-0.47137212927907923,-1.1415252695486577
1708244024.6779957,9.229647399902344,-4.592078784179687,2.2074539306640624,0.8717320073128929,-0.12070750399289026,-0.13443032177574646,7.4603323730468745,-7.127538342285156,4.333505004882812,-0.07740735079455767,-0.12457120997058764,-0.26060030663365713,5.8083332275390624,5.5090580200195305,-8.406042028808594,0.1770643187710278,-0.6705528339914092,-1.0649173061977615
1708244024.718473,9.911994873046874,-5.5545478515625,1.7310078002929687,0.7670122521932332,-0.10125574286379316,-0.26966003099515445,7.876923461914062,-8.566453540039062,3.8857892944335934,0.6778805522249731,-0.2162343035104425,-0.24527871396347792,4.867411975097656,4.879382983398437,-8.48505068359375,-0.0369050536490404,-0.4110183772826341,-1.0940949478914073
1708244024.7582262,8.772354882812499,-4.582501977539062,2.50912333984375,0.9396799400241226,-0.25127411979093933,-0.376378254723968,7.153874560546875,-6.5218053222656245,4.247313745117188,0.27765390543176965,-0.13469678425696696,-0.648436448050107,4.206612316894531,5.793968017578124,-7.9463553100585935,-0.10312098023233673,-0.6832098018493833,-1.1127473215768429
1708244024.7979867,9.368511096191405,-4.762067102050781,1.7214309936523438,0.8116447177976683,-0.1871898930574071,-0.5732940283459236,7.6231380859375,-7.920019091796875,3.4859576171874997,0.7179831556486597,-0.3214869835925433,-0.5133399700713093,4.833893151855468,6.291961962890625,-7.951143713378905,-0.40981929611714185,-0.5306600313506423,-1.0930290979665251
1708244024.8377576,9.141061938476563,-4.65432802734375,2.090138049316406,1.0915635543198123,-0.02464777951289702,-0.6866738141052499,8.40125362548828,-5.870582470703124,3.373430139160156,0.8630719766732265,-0.08353598786262936,-0.7358361418904338,4.3622354248046875,6.1267620483398435,-8.032546569824218,-0.5752924969550776,-0.4794992349563047,-1.0786401239806178
1708244024.8785183,9.533711010742186,-3.77326181640625,2.712630480957031,0.788862175653315,0.07047932628282445,-0.8440199092659602,8.085219006347655,-6.461950280761719,4.072537023925781,0.3336110264880764,0.1482863707992129,-1.0005666169830087,3.4428619873046875,6.5601125488281244,-8.123526232910155,-0.7670122521932332,-0.447656968450454,-1.1110153154489095
1708244024.921048,9.165003955078124,-4.3263223999023435,1.915361328125,0.9456753458515841,0.09739203688609578,-1.022683002924311,7.513004809570312,-6.169857678222656,4.125209460449218,0.9256906597600458,-0.006128637068071691,-0.9732542126579067,3.181894006347656,6.636727001953124,-8.099584216308592,-0.8634716703950572,-0.4732373666476228,-1.1347304762775348
1708244024.9608154,9.282319836425781,-2.583343591308594,3.1076737548828124,0.8474839215218268,-0.012390505376753637,-1.147387444135509,8.66940421142578,-4.893748193359374,4.508281726074219,0.38783614141644984,0.3226860647580356,-1.4450260356588167,3.1196447631835937,6.758831286621094,-8.283937744140625,-0.8305635539643245,-0.44032925021689,-1.1223399709007813
1708244025.0007088,9.37808790283203,-2.6240450195312497,2.9544448486328125,0.7017289442942086,-0.0031975497746461,-1.1885558974840773,7.924807495117187,-4.618415002441406,5.774814404296874,0.4564502303307308,-0.005995405827461438,-1.4334349177257246,2.6048914062499997,7.086836914062499,-8.578424548339843,-0.7650137835840793,-0.48376263465583286,-1.1343307825557039
1708244025.0409362,9.955090502929687,-1.8004396484374998,3.5314474487304683,0.5891485459785439,-0.3013690662603949,-1.1876232787998056,9.126696728515624,-2.4109610717773435,6.411672045898437,0.23568606463953962,0.22769219020292436,-1.40998621937832,3.1555577880859373,7.6279264892578125,-8.863334545898438,-0.5635681477813751,-0.5217335382297553,-0.9247580410757742
1708244025.0812378,10.86009873046875,-1.0486603271484374,3.5506010620117183,0.44779019969106426,-0.2093062789987093,-0.9765849936731631,9.208099584960937,-2.233790148925781,7.050923889160156,0.1901209803508327,0.03930321598002497,-1.0865007671766227,2.839523168945312,8.245630517578125,-8.796296899414061,-0.3542618687826658,-0.4616462487145307,-0.7003966318881061
1708244025.1224742,11.537657800292967,-0.699106884765625,3.277662072753906,0.399960184311983,-0.23675191456442166,-0.7442297100488797,10.194510668945313,-1.5466542724609373,6.694187841796874,0.376911179686409,-0.2773874429505492,-0.5900811646628157,2.971204260253906,8.564059338378906,-8.8489693359375,-0.24101531426394976,-0.23568606463953962,-0.47523583525677665
1708244025.1622496,11.79144317626953,-0.1149216796875,3.0119056884765625,0.49988361476967363,-0.1955834612158531,-0.456583461571341,10.831368310546875,-1.2282254516601563,5.743689782714843,0.34440275697750705,-0.2691271060327134,-0.37664471720518855,2.157175695800781,8.437166650390624,-8.487444885253906,-0.1057856050445418,-0.15441500786728457,-0.2761883617850569
1708244025.2020826,11.537657800292967,0.13168109130859373,2.6575638427734374,0.273656968213462,-0.14229096497175145,-0.25620367569351876,10.728417639160156,-0.9840168823242187,5.106832141113281,0.002398162330984575,-0.16840428813136127,-0.21090505388603234,1.8602946899414061,8.259995727539062,-8.09479581298828,-0.0770076570727269,-0.009192955602107537,-0.11058192970651096
1708244025.2435505,10.836156713867187,-0.09576806640624999,2.1643583007812497,0.22596018407499108,-0.0433001531983326,-0.1023215927886752,10.223241088867187,-1.4891934326171874,4.872200378417968,0.050361408950676076,-0.02571362943777905,-0.08073813180981403,1.2689268798828124,7.766790185546874,-7.536946826171874,-0.049961715228845315,0.011591117933092112,-0.048895865303963275
1708244025.283329,10.194510668945313,-0.0430956298828125,2.070984436035156,0.2571362943777905,-0.005995405827461438,-0.023448698347404734,9.459490759277344,-1.6615759521484375,4.934449621582031,0.08380245034384987,-0.013323124061025418,0.021716692219471426,1.1707646118164061,7.513004809570312,-7.407659936523437,-0.0656830016208553,0.021983154700691936,-0.016787136316892024
1708244025.323647,9.923965881347655,-0.3112462158203125,2.1691467041015624,0.26353139392708275,0.049961715228845315,0.0095926493239383,9.270348828125,-1.6448165405273436,4.948814831542968,0.17173506914661762,0.007993874436615249,0.0860673814342242,1.0510545288085937,7.292738256835937,-7.287949853515625,-0.037171516130260915,0.02118376725703041,0.014788667707738212
1708244025.3634448,9.631873278808593,-0.24899697265624998,2.2457611572265623,0.22662634027804232,0.020650842294589397,0.03011026037791744,8.923189587402343,-1.946485949707031,5.080495922851562,0.027845329287543123,0.010924961730040842,0.05275957128166065,0.86191259765625,7.180210778808593,-7.1778165771484375,-0.015987748873230498,-0.01052526800821008,0.0021316998497640663
1708244025.4032714,9.548076220703125,-0.507570751953125,2.157175695800781,0.15441500786728457,0.0011990811654922875,-0.01345635530163567,8.674192614746094,-2.2960393920898436,5.137956762695312,0.007194486992953725,-0.048229709100912004,0.015188361429568975,0.8810662109374999,7.280767248535156,-7.220912207031249,-0.02118376725703041,-0.04769678413847099,-0.022116385941302188
1708244025.4430733,9.560047229003906,-0.6177040283203125,2.2601263671875,0.21783307839776556,-0.04316692195772235,-0.0668820827863476,8.827421520996094,-2.3056161987304686,5.128379956054687,0.1384272589940541,-0.05675650849996827,-0.021716692219471426,0.9720458740234375,7.352593298339843,-7.249642626953125,-0.0255803981971688,-0.09952373673585986,-0.02744563556571236
1708244025.48288,9.686939916992188,-0.37828386230468747,2.1643583007812497,0.11564471684970061,-0.08220367545652682,-0.11124808590956223,9.121908325195312,-1.9823989746093749,4.874594580078124,-0.11564471684970061,-0.04849617158213252,-0.13669525286612078,0.9864110839843749,7.3286512817382805,-7.4220251464843745,-0.02691271060327134,-0.11657733553397238,-0.046764165454199216
1708244025.5237157,9.809044201660155,-0.4740519287109375,1.9752163696289062,0.09486064331450096,-0.0814042880128653,-0.13189892820415164,9.220070593261719,-2.1308394775390624,4.92247861328125,-0.06275191432742971,-0.050094946469455566,-0.14322358365602322,1.149216796875,7.4770917846679685,-7.4699091796875,-0.03916998473941472,-0.09952373673585986,-0.06022052075583488
1708244025.5655155,10.079588989257813,-0.33039982910156246,2.147598889160156,0.1505513018895872,-0.08393568158446013,-0.10671822372881358,9.543287817382812,-1.7453730102539062,4.936843823242187,-0.0018652373685435584,-0.0255803981971688,-0.06914701387672191,1.1013327636718748,7.52737001953125,-7.654262707519531,-0.009992343045769061,-0.08353598786262936,-0.04862940282274277
1708244025.6057222,10.180145458984374,-0.2609679809570312,2.1021090576171875,0.11577794809031088,-0.0558238898156965,-0.06861408891428089,9.53131680908203,-1.5658078857421873,5.135562561035156,-0.09033078113375233,-0.02424808579106626,-0.055690658575086247,1.2401964599609374,7.692569934082031,-7.548917834472656,-0.01505513018895872,-0.05235987755982989,-0.0073277182335639785
1708244025.6459434,10.172962854003906,-0.16280571289062498,2.389413256835937,0.057822358424850305,-0.028644716731204646,-0.03983614094246599,9.447519750976562,-1.879448303222656,5.216965417480468,-0.20224502324636584,0.0006661562030512709,-0.06528330789902453,1.0319009155273438,7.692569934082031,-7.613561279296874,-0.00866003063966652,-0.07634150086967564,0.032375191468291764
1708244025.686406,10.137049829101562,-0.33758243408203126,2.1835119140624997,0.06634915782390657,-0.012923430339194655,-0.036638591167819895,9.296685046386719,-2.051830822753906,5.204994409179688,-0.10618529876637257,-0.05662327725935802,-0.023315467106794475,1.0127473022460938,7.501033801269531,-7.6470801025390625,-0.006928024511733216,-0.05995405827461438,0.04290045947650184
1708244025.726852,10.101136804199218,-0.4572925170898437,2.142810485839844,0.11897549786495697,-0.03930321598002497,-0.03916998473941472,9.251195214843749,-2.1356278808593747,5.2433016357421875,-0.04836294034152226,-0.09672588068304452,-0.03850382853636345,1.0342951171875,7.491456994628906,-7.493851196289062,0.014655436467127957,-0.05515773361264523,0.041168453348568536
1708244025.7671316,10.050858569335936,-0.47644613037109373,2.152387292480469,0.10312098023233673,-0.05555742733447598,-0.04916232778518379,9.3852705078125,-2.003946789550781,4.84586416015625,-0.08113782553164478,-0.07327718233563979,-0.04396630940138387,1.0941501586914062,7.560888842773437,-7.3837179199218745,-0.010392036767599824,-0.044232771882604376,0.04356661567955311
1708244025.8073819,10.036493359375,-0.38786066894531246,2.0063409912109376,0.06421745797414251,-0.03264165394951227,-0.0738101072980808,9.464279162597656,-1.7477672119140624,4.637568615722656,-0.18639050561374557,-0.0026646248122050836,-0.10405359891660851,1.0486603271484374,7.5153990112304685,-7.505822204589843,-0.05129402763494785,-0.04263399699528134,0.07754058203516792
1708244025.8477302,9.955090502929687,-0.2154781494140625,2.0661960327148434,0.00479632466196915,0.0058621745868511835,-0.08007197560676275,9.258377819824219,-1.7932570434570312,4.967968444824218,-0.2496753449036163,0.04876263406335302,-0.13189892820415164,1.0127473022460938,7.319074475097656,-7.532158422851562,-0.0514272588755581,-0.06874732015489114,0.08873200624642928
1708244025.8895376,9.897629663085937,-0.2346317626953125,1.9608511596679685,0.023049004625573973,-0.0005329249624410166,-0.05169372135677862,9.112331518554686,-1.5969325073242187,5.070919116210937,-0.15694640143887942,0.013189892820415163,-0.05862174586851183,1.0366893188476562,7.1035963256835934,-7.594407666015624,-0.021716692219471426,-0.07114548248587572,0.08007197560676275
1708244025.9300308,9.823409411621093,-0.23702596435546874,2.0278888061523435,0.04036906590490701,-0.02371516082862524,-0.004529862180748642,9.117119921875,-1.6017209106445311,4.891353991699218,-0.1709356817029561,-0.04543185304809667,0.010258805526989571,0.8667010009765624,6.943184814453125,-7.592013464355468,0.024914241994117528,-0.07687442583211665,0.05662327725935802
1708244025.9705222,9.715670336914062,-0.32561142578124996,1.8459294799804686,0.036372128686599385,-0.05955436455278361,0.007194486992953725,9.083601098632812,-2.0638018310546875,4.735730883789063,-0.17133537542478686,-0.09073047485558308,0.004929555902579405,0.9648632690429687,7.144297753906249,-7.64229169921875,0.0528928025222709,-0.10938284854101867,0.02851148549059439
